{"betas": [0.8200032711029053, -0.7135294675827026, 0.02237468585371971, 0.08422580361366272, 0.21383771300315857, 0.18473705649375916, 0.21953825652599335, -0.1431329846382141, -0.31771138310432434, -0.30393198132514954], "root_pose": [3.3030941486358643, -0.2087579369544983, 0.24046243727207184], "body_pose": [[-0.1536208987236023, 0.037741769105196, 0.10845434665679932], [-0.304207444190979, 0.033586107194423676, -0.19162462651729584], [0.22953245043754578, -0.01713506318628788, 0.07687771320343018], [0.4466458559036255, -0.05711163207888603, 0.00949702225625515], [0.509217381477356, 0.14372043311595917, -0.012551513500511646], [-0.0030532260425388813, -0.00010937025945167989, -0.010101052932441235], [0.130569189786911, 0.18483944237232208, -0.14075076580047607], [-0.17718367278575897, -0.11174245178699493, 0.0709751546382904], [0.04292849451303482, 0.012523861601948738, -0.00538313202559948], [0.0009433720260858536, 0.0007686798344366252, -0.00021765164274256676], [-0.007399397436529398, 0.010424052365124226, -0.018703073263168335], [0.22423839569091797, 0.35500821471214294, -0.13497518002986908], [-0.08941352367401123, -0.16923017799854279, 0.05622227117419243], [-0.06807118654251099, 0.14353631436824799, -0.11661402881145477], [-0.16357138752937317, 0.6817525625228882, -0.21382147073745728], [-0.02058316394686699, -0.057611133903265, -0.22140491008758545], [0.2045631855726242, 0.14210130274295807, 0.040957581251859665], [-0.13453048467636108, -0.29095563292503357, -0.014250622130930424], [0.17801737785339355, 1.907482385635376, -0.18391919136047363], [0.01184102799743414, -0.04298008978366852, 0.5545884370803833], [-0.1153653934597969, 0.5847768187522888, -0.24176324903964996]], "jaw_pose": [0.02599775418639183, 0.006894582882523537, -0.0857696607708931], "leye_pose": [0.0, 0.0, 0.0], "reye_pose": [0.0, 0.0, 0.0], "lhand_pose": [[0.10926751792430878, 0.22107410430908203, -0.2679290473461151], [0.08438284695148468, -0.04655025154352188, -0.5154625773429871], [-0.04819002375006676, -0.0753968134522438, -0.1602780818939209], [-0.15565605461597443, 0.13647939264774323, -0.5541828274726868], [-0.08672121912240982, 0.020594269037246704, -0.5240693092346191], [-0.021498551592230797, -0.1410754919052124, -0.2861301004886627], [-0.47969290614128113, -0.48273196816444397, -0.47401803731918335], [-0.07769693434238434, -0.023404521867632866, -0.4367741346359253], [-0.45359161496162415, -0.010714612901210785, -0.038547638803720474], [-0.18201661109924316, -0.1347263753414154, -0.5477643013000488], [-0.2845965623855591, -0.05183698236942291, -0.48404112458229065], [-0.22040700912475586, -0.14677700400352478, -0.3228549361228943], [0.8640959858894348, 0.3998154103755951, -0.024587571620941162], [-0.6264126300811768, 0.03111962601542473, -0.0918915867805481], [0.6625063419342041, 0.11087416112422943, -0.09074953943490982]], "rhand_pose": [[0.06814570724964142, -0.2873765528202057, 0.597256600856781], [0.16668947041034698, 0.06333839148283005, 0.6566554307937622], [-0.08689524233341217, 0.14361605048179626, 0.1914239376783371], [-0.20837171375751495, -0.08682915568351746, 0.8548169136047363], [-0.10900495946407318, -0.05018283426761627, 0.5325493216514587], [-0.0027493531815707684, 0.14239990711212158, 0.3001464903354645], [-0.6050871014595032, 0.4710247218608856, 0.6516596078872681], [-0.11504551768302917, 0.07316083461046219, 0.387885719537735], [-0.38179293274879456, 0.024863317608833313, 0.07383538782596588], [-0.2275507003068924, 0.16388028860092163, 0.8336226344108582], [-0.2819950580596924, 0.05053932964801788, 0.4255617558956146], [-0.19824078679084778, 0.15401770174503326, 0.3335750997066498], [0.9355010390281677, -0.4479812681674957, 0.08024876564741135], [-0.5645983815193176, -0.03206176310777664, 0.08607903122901917], [0.6655302047729492, -0.24984210729599, 0.22665166854858398]], "trans": [-0.37023913860321045, 0.4734228551387787, 3.6246349811553955], "focal": [1177.7945556640625, 1177.7945556640625], "princpt": [680.0, 384.0], "img_size_wh": [1360, 768], "pad_ratio": 0.0}