{"betas": [0.8199794888496399, -0.7135483026504517, 0.022357124835252762, 0.08420391380786896, 0.21384137868881226, 0.18475961685180664, 0.21954700350761414, -0.1430429369211197, -0.3177510201931, -0.3039502501487732], "root_pose": [3.30039381980896, -0.23569348454475403, 0.26300016045570374], "body_pose": [[-0.1267315149307251, -0.0030433479696512222, 0.08911954611539841], [-0.28038790822029114, 0.02192503586411476, -0.20636078715324402], [0.19785112142562866, -0.002251139609143138, 0.07717800885438919], [0.3701603412628174, -0.11155220866203308, 0.03288450464606285], [0.40511658787727356, 0.14114271104335785, -0.02272784523665905], [-0.014373011887073517, 0.010620116256177425, -0.014541850425302982], [0.32513129711151123, 0.13991262018680573, -0.17658673226833344], [-0.009946772828698158, -0.11447641998529434, 0.11290109157562256], [0.04856155812740326, 0.029302438721060753, -0.01603630743920803], [0.002508120844140649, 0.0009450114448554814, -0.0016834612470120192], [-0.00674293702468276, 0.009287744760513306, -0.01609310694038868], [0.2592523694038391, 0.3355802893638611, -0.1419426053762436], [-0.09502441436052322, -0.13388371467590332, 0.09081322699785233], [-0.08172082155942917, 0.14326632022857666, -0.2037302851676941], [-0.1265489161014557, 0.66070157289505, -0.2107333540916443], [-0.012962473556399345, -0.054093632847070694, -0.23690906167030334], [0.1726965606212616, 0.18163159489631653, -0.003312082029879093], [-0.13311651349067688, -0.28714239597320557, -0.017388734966516495], [0.12751704454421997, 1.9649012088775635, -0.1891425997018814], [0.03289060294628143, -0.007886754348874092, 0.5136045217514038], [-0.18565420806407928, 0.5238738656044006, -0.2537534832954407]], "jaw_pose": [0.018957460299134254, 0.007435938809067011, -0.0759819895029068], "leye_pose": [0.0, 0.0, 0.0], "reye_pose": [0.0, 0.0, 0.0], "lhand_pose": [[0.10315557569265366, 0.22912804782390594, -0.28268662095069885], [0.08091895282268524, -0.03481035307049751, -0.5229155421257019], [-0.04005030170083046, -0.07555697858333588, -0.16481594741344452], [-0.1499430537223816, 0.13705046474933624, -0.5741838216781616], [-0.08327591419219971, 0.015039478428661823, -0.5121893286705017], [-0.02227086015045643, -0.13608062267303467, -0.2902368903160095], [-0.4799468517303467, -0.48003843426704407, -0.47618240118026733], [-0.07612894475460052, -0.032169174402952194, -0.4294328987598419], [-0.4427995979785919, -0.009458490647375584, -0.03404596075415611], [-0.18040747940540314, -0.1476493924856186, -0.554718017578125], [-0.27393433451652527, -0.05818622559309006, -0.48593902587890625], [-0.21135392785072327, -0.1434525102376938, -0.31757426261901855], [0.8237963318824768, 0.380193829536438, -0.006213601212948561], [-0.6093194484710693, 0.034328676760196686, -0.09397155791521072], [0.6353690028190613, 0.11975687742233276, -0.07458823919296265]], "rhand_pose": [[0.05969032272696495, -0.27897730469703674, 0.5398712754249573], [0.15385571122169495, 0.0530855767428875, 0.6343121528625488], [-0.07826150208711624, 0.13639792799949646, 0.19712133705615997], [-0.19118466973304749, -0.08112996071577072, 0.8019389510154724], [-0.10754155367612839, -0.043856874108314514, 0.5092886090278625], [-0.005329999607056379, 0.13920840620994568, 0.3009251058101654], [-0.5794838070869446, 0.45345374941825867, 0.6086545586585999], [-0.1127927377820015, 0.08460484445095062, 0.3734765648841858], [-0.36177483201026917, 0.03065553493797779, 0.0797308012843132], [-0.21450141072273254, 0.1566859930753708, 0.7819515466690063], [-0.26661357283592224, 0.04755430296063423, 0.4183654189109802], [-0.18842372298240662, 0.16106383502483368, 0.32185760140419006], [0.8969887495040894, -0.41091543436050415, 0.05540323629975319], [-0.557355523109436, -0.04065169766545296, 0.08723929524421692], [0.6444635391235352, -0.24566029012203217, 0.19813695549964905]], "trans": [-0.3724425733089447, 0.4363318383693695, 3.6206743717193604], "focal": [1177.7945556640625, 1177.7945556640625], "princpt": [680.0, 384.0], "img_size_wh": [1360, 768], "pad_ratio": 0.0}