{"betas": [0.8199872970581055, -0.7134713530540466, 0.022263148799538612, 0.08422347158193588, 0.21384389698505402, 0.18476514518260956, 0.219496488571167, -0.14315330982208252, -0.31773871183395386, -0.3039184808731079], "root_pose": [3.304513454437256, -0.185165673494339, 0.22837290167808533], "body_pose": [[-0.1940162628889084, 0.059395186603069305, 0.13577578961849213], [-0.331555038690567, 0.04087492823600769, -0.17327561974525452], [0.280521959066391, -0.023519737645983696, 0.06979761272668839], [0.545326292514801, -0.00914750061929226, -0.011139342561364174], [0.6147707104682922, 0.1364007592201233, 0.0021040805149823427], [0.00995625089854002, -0.00384333124384284, -0.010100764222443104], [-0.06936684250831604, 0.23088061809539795, -0.099643774330616], [-0.3032020926475525, -0.11477618664503098, 0.03608812019228935], [0.036028098315000534, 0.0005041991244070232, -0.001063156290911138], [-0.001514364150352776, 0.0002680522738955915, 0.00022705498849973083], [-0.007794774603098631, 0.011538091115653515, -0.020470384508371353], [0.17614291608333588, 0.3564574718475342, -0.1130429059267044], [-0.087797611951828, -0.2170218527317047, 0.03462977334856987], [-0.05611575022339821, 0.1676894724369049, -0.02720792591571808], [-0.19793447852134705, 0.6861070990562439, -0.21694214642047882], [-0.03049187734723091, -0.08325982093811035, -0.19977779686450958], [0.21820847690105438, 0.12606902420520782, 0.09153322875499725], [-0.1073787584900856, -0.369168221950531, 0.029800759628415108], [0.24177341163158417, 1.7453655004501343, -0.16826389729976654], [0.01973547227680683, -0.05019189044833183, 0.608415424823761], [0.021748648956418037, 0.6400383114814758, -0.2837367355823517]], "jaw_pose": [0.03871605172753334, 0.007210477255284786, -0.09386296570301056], "leye_pose": [0.0, 0.0, 0.0], "reye_pose": [0.0, 0.0, 0.0], "lhand_pose": [[0.11801262944936752, 0.23569156229496002, -0.22718195617198944], [0.08351995050907135, -0.05371369421482086, -0.43440303206443787], [-0.053119100630283356, -0.07076655328273773, -0.14021709561347961], [-0.13694407045841217, 0.1514798402786255, -0.47871923446655273], [-0.08988800644874573, 0.026982534676790237, -0.4685412347316742], [-0.01932649128139019, -0.14242899417877197, -0.2519574463367462], [-0.4356794059276581, -0.4850810170173645, -0.4163060188293457], [-0.05695870518684387, -0.00985035765916109, -0.4064197838306427], [-0.4493899345397949, -0.0096427071839571, -0.01201231125742197], [-0.15283705294132233, -0.10439842194318771, -0.48367181420326233], [-0.28309449553489685, -0.03960704430937767, -0.41474732756614685], [-0.21894367039203644, -0.14540931582450867, -0.30148330330848694], [0.88381028175354, 0.4200499951839447, -0.030705459415912628], [-0.6456063985824585, 0.03339225798845291, -0.08717387169599533], [0.6690280437469482, 0.09847138077020645, -0.10307879745960236]], "rhand_pose": [[0.077342189848423, -0.2959478795528412, 0.622469425201416], [0.1741494983434677, 0.06821579486131668, 0.6428480744361877], [-0.08952078968286514, 0.14813905954360962, 0.1804053783416748], [-0.20697686076164246, -0.09031620621681213, 0.8643006682395935], [-0.11161427944898605, -0.05598967894911766, 0.5139126181602478], [-0.001686947769485414, 0.14022359251976013, 0.28578323125839233], [-0.5867955088615417, 0.49994978308677673, 0.6261795163154602], [-0.12675443291664124, 0.06025116145610809, 0.3757679760456085], [-0.3907743990421295, 0.026560064405202866, 0.05845310911536217], [-0.20526951551437378, 0.17712847888469696, 0.8299704194068909], [-0.29439476132392883, 0.05224143713712692, 0.3897204101085663], [-0.20258989930152893, 0.14394433796405792, 0.33236730098724365], [0.9501432180404663, -0.48939821124076843, 0.08589145541191101], [-0.5627434849739075, -0.028174711391329765, 0.08395777642726898], [0.669660747051239, -0.24909551441669464, 0.24432101845741272]], "trans": [-0.3738667070865631, 0.5077879428863525, 3.6352951526641846], "focal": [1177.7945556640625, 1177.7945556640625], "princpt": [680.0, 384.0], "img_size_wh": [1360, 768], "pad_ratio": 0.0}