{"betas": [0.8199183940887451, -0.7135649919509888, 0.0221976637840271, 0.08419070392847061, 0.21384531259536743, 0.184782475233078, 0.21952049434185028, -0.14319559931755066, -0.31770050525665283, -0.303944855928421], "root_pose": [3.3304402828216553, -0.147939532995224, 0.2617187201976776], "body_pose": [[-0.33603739738464355, 0.07427894324064255, 0.23197926580905914], [-0.5067328810691833, 0.04592890664935112, -0.1531762182712555], [0.49098965525627136, -0.013546347618103027, 0.04681676998734474], [0.801702082157135, 0.03943450003862381, -0.055558204650878906], [0.966694176197052, 0.08192581683397293, 0.06131655350327492], [0.01271124929189682, 0.0004281400179024786, -0.017913762480020523], [-0.32085222005844116, 0.28013449907302856, -0.049132682383060455], [-0.49027156829833984, -0.11408881843090057, -0.036355309188365936], [-0.0002585107577033341, 0.0019885769579559565, -0.00964361522346735], [-0.009766296483576298, -0.0020293218549340963, 0.004055205732584], [-0.006057041231542826, 0.014283153228461742, -0.01700587011873722], [-0.021228689700365067, 0.35433515906333923, -0.044997699558734894], [-0.07920201867818832, -0.25558874011039734, -0.13141679763793945], [-0.04528093338012695, 0.28870657086372375, 0.16441893577575684], [-0.2790500521659851, 0.6801113486289978, -0.17517872154712677], [-0.08457110822200775, -0.08124756067991257, -0.18179889023303986], [0.17129091918468475, 0.19364549219608307, 0.2463614046573639], [-0.20913755893707275, -0.2949889004230499, 0.04238664731383324], [0.4179583787918091, 1.0614699125289917, -0.05650981143116951], [0.05166519805788994, 0.013501244597136974, 0.5834764838218689], [0.18189737200737, 0.5821220278739929, -0.18165706098079681]], "jaw_pose": [0.06416457146406174, 0.009634816087782383, -0.10080378502607346], "leye_pose": [0.0, 0.0, 0.0], "reye_pose": [0.0, 0.0, 0.0], "lhand_pose": [[0.1393776684999466, 0.25820374488830566, -0.2728140652179718], [0.09472078084945679, -0.07235503196716309, -0.5464308261871338], [-0.055025264620780945, -0.08410382270812988, -0.17271119356155396], [-0.11989829689264297, 0.167655810713768, -0.5536181330680847], [-0.10163938999176025, 0.03554738685488701, -0.539981484413147], [-0.01586041785776615, -0.1539449691772461, -0.2818801701068878], [-0.4358969032764435, -0.5109654664993286, -0.45518267154693604], [-0.09090546518564224, -0.018163330852985382, -0.44262006878852844], [-0.45571577548980713, -0.02330843359231949, -0.03890259191393852], [-0.14464624226093292, -0.09998945146799088, -0.552764892578125], [-0.30344220995903015, -0.03785399720072746, -0.4696999192237854], [-0.22561673820018768, -0.14748252928256989, -0.3362107574939728], [0.9209714531898499, 0.40983814001083374, -0.051438260823488235], [-0.6384250521659851, 0.044644199311733246, -0.07932206243276596], [0.664095938205719, 0.09700790792703629, -0.12183857709169388]], "rhand_pose": [[0.09064941108226776, -0.29454439878463745, 0.5531176328659058], [0.17424237728118896, 0.06023020297288895, 0.4873594343662262], [-0.10108562558889389, 0.1368749588727951, 0.09428585320711136], [-0.16039608418941498, -0.07897453010082245, 0.7513172626495361], [-0.09256628155708313, -0.07331795245409012, 0.3445366621017456], [0.002974801929667592, 0.13496717810630798, 0.19001002609729767], [-0.5111072659492493, 0.5188077092170715, 0.46242982149124146], [-0.019773287698626518, 0.002500436268746853, 0.27541711926460266], [-0.3499523103237152, -0.0038095612544566393, -0.04587957262992859], [-0.13002702593803406, 0.16406358778476715, 0.6787680983543396], [-0.2705235481262207, 0.0312936007976532, 0.20796221494674683], [-0.1853967308998108, 0.11982782930135727, 0.24768738448619843], [0.9268709421157837, -0.520289957523346, 0.09578313678503036], [-0.5771870017051697, -0.022991139441728592, 0.05748455226421356], [0.6511635184288025, -0.1739492118358612, 0.23436345160007477]], "trans": [-0.39507293701171875, 0.5954008102416992, 3.677500009536743], "focal": [1177.7945556640625, 1177.7945556640625], "princpt": [680.0, 384.0], "img_size_wh": [1360, 768], "pad_ratio": 0.0}