{"betas": [0.819909930229187, -0.7136765718460083, 0.022229239344596863, 0.08423750102519989, 0.21384944021701813, 0.18478411436080933, 0.21951445937156677, -0.14320455491542816, -0.31750211119651794, -0.30398502945899963], "root_pose": [3.348832845687866, -0.15735013782978058, 0.29520732164382935], "body_pose": [[-0.46929478645324707, 0.07179909944534302, 0.30162495374679565], [-0.8020473122596741, 0.0746479481458664, -0.1891418695449829], [0.6929273009300232, -0.010777986608445644, 0.04348214343190193], [1.0360620021820068, 0.04542716592550278, -0.10301057994365692], [1.318182110786438, 0.038622137159109116, 0.1368713229894638], [0.005242379382252693, 0.0004566496063489467, -0.030198834836483], [-0.3797522783279419, 0.22438326478004456, -0.04795997962355614], [-0.555358350276947, -0.09791557490825653, -0.06313614547252655], [-0.06650028377771378, 0.0056894817389547825, -0.021355915814638138], [-0.011685486882925034, -0.003647784935310483, -0.0048634144477546215], [-0.003692938480526209, 0.014721053652465343, -0.019106773659586906], [-0.1257491111755371, 0.3759517967700958, -0.03965339809656143], [-0.05804426223039627, -0.33449587225914, -0.20483914017677307], [-0.0682470053434372, 0.38246649503707886, 0.2560059726238251], [-0.3421126902103424, 0.6965949535369873, -0.20118318498134613], [-0.08944264054298401, -0.1291704773902893, -0.2490609735250473], [0.08405377715826035, 0.28330475091934204, 0.3468291461467743], [-0.1979691982269287, -0.2967090308666229, 0.08041074872016907], [0.40745091438293457, 0.6323935389518738, -0.05187844857573509], [0.1912003755569458, 0.2938028872013092, 0.6009272336959839], [0.2350681722164154, 0.40937626361846924, -0.21101833879947662]], "jaw_pose": [0.07132788747549057, 0.011307465843856335, -0.106111079454422], "leye_pose": [0.0, 0.0, 0.0], "reye_pose": [0.0, 0.0, 0.0], "lhand_pose": [[0.1563403606414795, 0.3460662364959717, -0.6086696982383728], [0.17758145928382874, -0.1580202728509903, -1.0192949771881104], [-0.08252483606338501, -0.13564300537109375, -0.24046607315540314], [-0.21009911596775055, 0.2222794145345688, -1.0305099487304688], [-0.12078357487916946, 0.03958091884851456, -0.8194625973701477], [-0.011170932091772556, -0.18057630956172943, -0.44180598855018616], [-0.7271724939346313, -0.5689243674278259, -0.8290908336639404], [-0.22653058171272278, -0.0616101399064064, -0.6698036193847656], [-0.5403279066085815, -0.023571420460939407, -0.2308388352394104], [-0.2615017890930176, -0.19664093852043152, -1.073050618171692], [-0.3859477639198303, -0.052337661385536194, -0.7396674156188965], [-0.252225399017334, -0.131755068898201, -0.4992961883544922], [0.9615086913108826, 0.5214723348617554, -0.08778179436922073], [-0.5719371438026428, 0.04095654562115669, -0.0983172282576561], [0.6773524284362793, 0.14852048456668854, -0.17498049139976501]], "rhand_pose": [[0.07975146174430847, -0.30404263734817505, 0.5630596876144409], [0.19230054318904877, 0.0703027993440628, 0.4452102780342102], [-0.13716371357440948, 0.13804170489311218, -0.014071391895413399], [-0.17510104179382324, -0.06553975492715836, 0.7417259216308594], [-0.07328850775957108, -0.08611109107732773, 0.24828553199768066], [0.007643981836736202, 0.13041181862354279, 0.12928113341331482], [-0.4974599778652191, 0.5393756628036499, 0.3478405773639679], [0.0014381840592250228, -0.02783062309026718, 0.25151118636131287], [-0.3022107779979706, -0.023901110514998436, -0.056882716715335846], [-0.09871669113636017, 0.17086096107959747, 0.6297929883003235], [-0.2705877125263214, 0.03199222311377525, 0.13007137179374695], [-0.16746120154857635, 0.09008164703845978, 0.21043647825717926], [0.8748788833618164, -0.6346070766448975, 0.10841012001037598], [-0.548754096031189, -0.013059102930128574, -0.0011049368185922503], [0.6272737979888916, -0.10868795216083527, 0.2673358917236328]], "trans": [-0.4086156487464905, 0.6676822304725647, 3.6968002319335938], "focal": [1177.7945556640625, 1177.7945556640625], "princpt": [680.0, 384.0], "img_size_wh": [1360, 768], "pad_ratio": 0.0}