{"betas": [0.8199201226234436, -0.7136046886444092, 0.022215647622942924, 0.08420617878437042, 0.21383456885814667, 0.18479256331920624, 0.21952883899211884, -0.1432112455368042, -0.3176594078540802, -0.30398455262184143], "root_pose": [3.338336706161499, -0.15028713643550873, 0.27841493487358093], "body_pose": [[-0.3840300142765045, 0.07464153319597244, 0.26092177629470825], [-0.6178275346755981, 0.05321502313017845, -0.16104616224765778], [0.5653193593025208, -0.010044040158390999, 0.04436882212758064], [0.8889006972312927, 0.041320763528347015, -0.07150375843048096], [1.1132256984710693, 0.0641096755862236, 0.08768237382173538], [0.010581648908555508, 0.001600828836672008, -0.022090749815106392], [-0.35824093222618103, 0.26607921719551086, -0.042787037789821625], [-0.5222477912902832, -0.11004118621349335, -0.04849100857973099], [-0.023191798478364944, 0.0067693875171244144, -0.014943985268473625], [-0.010839247144758701, -0.0019762166775763035, 0.0024792191106826067], [-0.005666140932589769, 0.014687281101942062, -0.01736317202448845], [-0.07080657035112381, 0.35647815465927124, -0.040695320814847946], [-0.07038465887308121, -0.27709153294563293, -0.17106276750564575], [-0.0499662421643734, 0.3298337757587433, 0.210373193025589], [-0.3077569901943207, 0.6794497966766357, -0.18119913339614868], [-0.08802428841590881, -0.08729679882526398, -0.2079923003911972], [0.14096692204475403, 0.2249864637851715, 0.2874877452850342], [-0.2170526683330536, -0.28282293677330017, 0.04421134293079376], [0.43415433168411255, 0.8599891662597656, -0.032340750098228455], [0.10031801462173462, 0.0982133224606514, 0.5819420218467712], [0.1930752396583557, 0.5112062692642212, -0.16767671704292297]], "jaw_pose": [0.065121129155159, 0.009639088995754719, -0.10081398487091064], "leye_pose": [0.0, 0.0, 0.0], "reye_pose": [0.0, 0.0, 0.0], "lhand_pose": [[0.14433549344539642, 0.2786758840084076, -0.3399571478366852], [0.11119487881660461, -0.08691029995679855, -0.626541256904602], [-0.06456997990608215, -0.09380330890417099, -0.17990683019161224], [-0.1316220760345459, 0.17873279750347137, -0.6384273767471313], [-0.10557965934276581, 0.04025425761938095, -0.5787115693092346], [-0.013623405247926712, -0.15935018658638, -0.3000600337982178], [-0.4882933795452118, -0.5322319865226746, -0.5128621459007263], [-0.10954909771680832, -0.02217753976583481, -0.472089022397995], [-0.4673963189125061, -0.023016737774014473, -0.06677038222551346], [-0.16429010033607483, -0.11647500097751617, -0.6427353024482727], [-0.3154808580875397, -0.03994312882423401, -0.5063436627388], [-0.22790388762950897, -0.1435425877571106, -0.35900819301605225], [0.9301034808158875, 0.43726426362991333, -0.06172453612089157], [-0.6217517256736755, 0.04442010447382927, -0.07984970510005951], [0.6624642610549927, 0.10217133909463882, -0.1332288384437561]], "rhand_pose": [[0.08656106889247894, -0.3026166558265686, 0.5481716394424438], [0.1799531877040863, 0.06217241287231445, 0.4580056369304657], [-0.11163841933012009, 0.13465970754623413, 0.05479394644498825], [-0.16018341481685638, -0.0738285705447197, 0.7404282093048096], [-0.08312924951314926, -0.07967762649059296, 0.29519400000572205], [0.005403698887676001, 0.1329537183046341, 0.16257023811340332], [-0.5070151090621948, 0.5308294892311096, 0.42177054286003113], [0.00955741386860609, -0.011542106978595257, 0.2562302350997925], [-0.3319385051727295, -0.015034864656627178, -0.06335972249507904], [-0.11761864274740219, 0.16517877578735352, 0.6557146906852722], [-0.26601725816726685, 0.027987169101834297, 0.16237425804138184], [-0.17726324498653412, 0.10856115818023682, 0.2259402871131897], [0.9078072905540466, -0.5618467926979065, 0.09814335405826569], [-0.5724381804466248, -0.019064584746956825, 0.04237104952335358], [0.6415204405784607, -0.14757315814495087, 0.23723147809505463]], "trans": [-0.40133339166641235, 0.619605541229248, 3.68742299079895], "focal": [1177.7945556640625, 1177.7945556640625], "princpt": [680.0, 384.0], "img_size_wh": [1360, 768], "pad_ratio": 0.0}