{"betas": [0.8199847340583801, -0.7134933471679688, 0.022237464785575867, 0.08420003205537796, 0.2138548046350479, 0.18480241298675537, 0.21949636936187744, -0.14319778978824615, -0.3177970349788666, -0.3039368987083435], "root_pose": [3.3105671405792236, -0.1652071177959442, 0.2306378334760666], "body_pose": [[-0.24136778712272644, 0.0677880272269249, 0.16712597012519836], [-0.3671478033065796, 0.04424312710762024, -0.15726587176322937], [0.34607797861099243, -0.023425601422786713, 0.05959141626954079], [0.6386494636535645, 0.021931681782007217, -0.025100018829107285], [0.7185723781585693, 0.12201576679944992, 0.01856890507042408], [0.01536430325359106, -0.0038674892857670784, -0.011981661431491375], [-0.20406870543956757, 0.2673512101173401, -0.070655956864357], [-0.3863801956176758, -0.11727409064769745, 0.006413470953702927], [0.028005467727780342, -0.004600807558745146, -0.001754768774844706], [-0.004846565425395966, -0.0008726025698706508, 0.0014575732639059424], [-0.0075003658421337605, 0.012635370716452599, -0.019660845398902893], [0.11165081709623337, 0.3530222177505493, -0.08421390503644943], [-0.08832252770662308, -0.2567981481552124, 0.004771809559315443], [-0.046472035348415375, 0.20796556770801544, 0.05122923478484154], [-0.22134742140769958, 0.6800592541694641, -0.205475851893425], [-0.047323595732450485, -0.10878925770521164, -0.17612527310848236], [0.21223782002925873, 0.14071054756641388, 0.14625847339630127], [-0.0955401211977005, -0.4440612494945526, 0.08232693374156952], [0.3078330159187317, 1.5251963138580322, -0.14097324013710022], [0.024450557306408882, -0.05471499264240265, 0.6331652998924255], [0.1390056610107422, 0.6614794135093689, -0.2909671664237976]], "jaw_pose": [0.05297969654202461, 0.008807740174233913, -0.09720762819051743], "leye_pose": [0.0, 0.0, 0.0], "reye_pose": [0.0, 0.0, 0.0], "lhand_pose": [[0.1269817352294922, 0.24471360445022583, -0.20151947438716888], [0.08192212134599686, -0.05847635492682457, -0.40687090158462524], [-0.054441776126623154, -0.07033862918615341, -0.13707344233989716], [-0.1185268759727478, 0.16067500412464142, -0.4368475377559662], [-0.09262537956237793, 0.031503237783908844, -0.44854623079299927], [-0.01699584163725376, -0.14613601565361023, -0.23981782793998718], [-0.40019845962524414, -0.48479321599006653, -0.3801153004169464], [-0.05070476606488228, -0.006317902356386185, -0.3974984288215637], [-0.44702136516571045, -0.011498852632939816, 0.0016454433789476752], [-0.12986870110034943, -0.08193236589431763, -0.4450540542602539], [-0.28238001465797424, -0.03335601091384888, -0.38624295592308044], [-0.2189369797706604, -0.14678341150283813, -0.2949962019920349], [0.9004358053207397, 0.42021825909614563, -0.03466828539967537], [-0.6605684161186218, 0.03827110677957535, -0.07934243232011795], [0.6683774590492249, 0.09052036702632904, -0.11298715323209763]], "rhand_pose": [[0.0866040363907814, -0.29314059019088745, 0.6276715397834778], [0.17680121958255768, 0.06763611733913422, 0.616885781288147], [-0.09003227204084396, 0.1508658081293106, 0.16988201439380646], [-0.19452162086963654, -0.0879632979631424, 0.8576516509056091], [-0.11009494960308075, -0.06063264235854149, 0.48507797718048096], [-0.0006939478334970772, 0.13985364139080048, 0.27152353525161743], [-0.5580374598503113, 0.5156013369560242, 0.5879407525062561], [-0.12727472186088562, 0.049051932990550995, 0.35897982120513916], [-0.3918997347354889, 0.026445802301168442, 0.04013264924287796], [-0.17729251086711884, 0.1848582923412323, 0.8067016005516052], [-0.2988463342189789, 0.05196434631943703, 0.3556017577648163], [-0.2038913071155548, 0.1375391036272049, 0.3260002136230469], [0.9559803009033203, -0.49889564514160156, 0.08899986743927002], [-0.5636585354804993, -0.026257338002324104, 0.0782892107963562], [0.6690512895584106, -0.23872636258602142, 0.2504115700721741]], "trans": [-0.3812323808670044, 0.5396683216094971, 3.6497936248779297], "focal": [1177.7945556640625, 1177.7945556640625], "princpt": [680.0, 384.0], "img_size_wh": [1360, 768], "pad_ratio": 0.0}