{"betas": [0.819904088973999, -0.7136595845222473, 0.02222747914493084, 0.08427218347787857, 0.21384094655513763, 0.18479207158088684, 0.21951833367347717, -0.1432127207517624, -0.31759488582611084, -0.30398204922676086], "root_pose": [3.343997001647949, -0.15468432009220123, 0.2899166941642761], "body_pose": [[-0.43269848823547363, 0.07318377494812012, 0.2853268086910248], [-0.7333219647407532, 0.0659763440489769, -0.17510879039764404], [0.637740969657898, -0.009741798974573612, 0.04341747984290123], [0.97868412733078, 0.04313865303993225, -0.08826583623886108], [1.2466168403625488, 0.04928922280669212, 0.11557573080062866], [0.007770949974656105, 0.0014606291661038995, -0.026699025183916092], [-0.38035982847213745, 0.2440473586320877, -0.04168284311890602], [-0.5444233417510986, -0.103791244328022, -0.05690057575702667], [-0.04986560717225075, 0.008103625848889351, -0.019602090120315552], [-0.011340046301484108, -0.0025794601533561945, -0.0014671963872388005], [-0.004815754946321249, 0.014608259312808514, -0.018466051667928696], [-0.10591889917850494, 0.36206576228141785, -0.03941461443901062], [-0.06323786824941635, -0.3088033199310303, -0.193856880068779], [-0.058323513716459274, 0.3637518584728241, 0.2430354654788971], [-0.33160313963890076, 0.6819508075714111, -0.1916528344154358], [-0.08915040642023087, -0.10823145508766174, -0.23354674875736237], [0.10852418839931488, 0.2576528489589691, 0.32229354977607727], [-0.2085772305727005, -0.29045066237449646, 0.061266038566827774], [0.42197829484939575, 0.7115709781646729, -0.03756482154130936], [0.14989373087882996, 0.2006329745054245, 0.5919255614280701], [0.21476797759532928, 0.4501144587993622, -0.18649698793888092]], "jaw_pose": [0.06778232753276825, 0.010296217165887356, -0.10269386321306229], "leye_pose": [0.0, 0.0, 0.0], "reye_pose": [0.0, 0.0, 0.0], "lhand_pose": [[0.15334363281726837, 0.3072908818721771, -0.4376208186149597], [0.13529570400714874, -0.12140296399593353, -0.7658898830413818], [-0.0751495510339737, -0.10964354872703552, -0.1984289586544037], [-0.15980425477027893, 0.2026517242193222, -0.7744379043579102], [-0.11206025630235672, 0.04304809495806694, -0.6608405709266663], [-0.012433241121470928, -0.1681365966796875, -0.3466833233833313], [-0.5883212089538574, -0.5386912822723389, -0.6283285021781921], [-0.1455305814743042, -0.031468961387872696, -0.5432244539260864], [-0.4984632730484009, -0.018099259585142136, -0.12485946714878082], [-0.207240492105484, -0.13674455881118774, -0.7994334101676941], [-0.3421823978424072, -0.04035300388932228, -0.5845117568969727], [-0.23546569049358368, -0.13706009089946747, -0.4090111255645752], [0.9444836974143982, 0.47721946239471436, -0.07631120830774307], [-0.6022857427597046, 0.04212997853755951, -0.0846940129995346], [0.6673710942268372, 0.11629495769739151, -0.15225544571876526]], "rhand_pose": [[0.08386290818452835, -0.30485832691192627, 0.5578477382659912], [0.18594515323638916, 0.06745076924562454, 0.4489747881889343], [-0.12440922856330872, 0.13639281690120697, 0.017424030229449272], [-0.16798286139965057, -0.06938416510820389, 0.7426488995552063], [-0.07756341248750687, -0.0837913528084755, 0.26719722151756287], [0.007041930221021175, 0.13107191026210785, 0.14359968900680542], [-0.5066534280776978, 0.5383248329162598, 0.3865157663822174], [0.012372678145766258, -0.02020629495382309, 0.25215908885002136], [-0.3173205554485321, -0.02161463163793087, -0.06379695236682892], [-0.1096990555524826, 0.16895504295825958, 0.6450604200363159], [-0.267569899559021, 0.028540536761283875, 0.13980592787265778], [-0.17140011489391327, 0.09799487888813019, 0.21638810634613037], [0.891656219959259, -0.6092080473899841, 0.10633189231157303], [-0.5601553916931152, -0.014517776668071747, 0.020131545141339302], [0.6346595287322998, -0.12650002539157867, 0.25123172998428345]], "trans": [-0.40642520785331726, 0.640617847442627, 3.694732904434204], "focal": [1177.7945556640625, 1177.7945556640625], "princpt": [680.0, 384.0], "img_size_wh": [1360, 768], "pad_ratio": 0.0}