{"betas": [0.819916844367981, -0.7135148048400879, 0.022200915962457657, 0.08421922475099564, 0.21385261416435242, 0.1847570538520813, 0.21951144933700562, -0.14319001138210297, -0.3177529275417328, -0.3039376437664032], "root_pose": [3.3206372261047363, -0.15205885469913483, 0.24419529736042023], "body_pose": [[-0.28919515013694763, 0.07202315330505371, 0.20000681281089783], [-0.4227603077888489, 0.044832613319158554, -0.15060968697071075], [0.4176774024963379, -0.019179973751306534, 0.05155562236905098], [0.7212944030761719, 0.035311952233314514, -0.03915559872984886], [0.8329282999038696, 0.10301890224218369, 0.037885189056396484], [0.014516368508338928, -0.0018841204000636935, -0.014557396061718464], [-0.2757365107536316, 0.2828599810600281, -0.0568692609667778], [-0.44505441188812256, -0.11681430041790009, -0.01825796440243721], [0.01612970605492592, -0.0030179203022271395, -0.004984735511243343], [-0.007867906242609024, -0.0018844170263037086, 0.003207184374332428], [-0.006649474147707224, 0.013536456972360611, -0.017888110131025314], [0.04094986245036125, 0.3524559438228607, -0.05868009105324745], [-0.0859580934047699, -0.2568110227584839, -0.06512583792209625], [-0.04333392530679703, 0.24812869727611542, 0.11293455958366394], [-0.2467433214187622, 0.6771872639656067, -0.18464943766593933], [-0.0702638179063797, -0.0964488610625267, -0.16910581290721893], [0.1949511021375656, 0.16567783057689667, 0.1987886130809784], [-0.15552924573421478, -0.37325039505958557, 0.07050688564777374], [0.3699032664299011, 1.2902251482009888, -0.10001801699399948], [0.020434843376278877, -0.04353968799114227, 0.6111078262329102], [0.1780712902545929, 0.6404170393943787, -0.23590639233589172]], "jaw_pose": [0.06188252940773964, 0.009827597998082638, -0.09897706657648087], "leye_pose": [0.0, 0.0, 0.0], "reye_pose": [0.0, 0.0, 0.0], "lhand_pose": [[0.13440902531147003, 0.24658699333667755, -0.21640519797801971], [0.08380183577537537, -0.06479749828577042, -0.4589827358722687], [-0.05293067917227745, -0.07568827271461487, -0.15422894060611725], [-0.11434004455804825, 0.16293293237686157, -0.46973833441734314], [-0.09673143923282623, 0.0334685780107975, -0.4863198697566986], [-0.016345078125596046, -0.15014828741550446, -0.25674378871917725], [-0.4032239317893982, -0.4891156256198883, -0.4019370973110199], [-0.06489972025156021, -0.011134701780974865, -0.4160361886024475], [-0.4498869776725769, -0.0167755875736475, -0.0112852668389678], [-0.13100290298461914, -0.08137979358434677, -0.47459307312965393], [-0.2905866801738739, -0.033480409532785416, -0.4195302128791809], [-0.22213545441627502, -0.14860402047634125, -0.3114473223686218], [0.912994384765625, 0.40792545676231384, -0.04268766567111015], [-0.6563611030578613, 0.0421142652630806, -0.07732432335615158], [0.6670985817909241, 0.09100336581468582, -0.11717058718204498]], "rhand_pose": [[0.09191159904003143, -0.2888854146003723, 0.5915272831916809], [0.17446082830429077, 0.0635681077837944, 0.5537695288658142], [-0.09366678446531296, 0.14522279798984528, 0.13818013668060303], [-0.17506656050682068, -0.08373189717531204, 0.8051192760467529], [-0.10310999304056168, -0.06613285839557648, 0.42124509811401367], [0.0008968590991571546, 0.1381819099187851, 0.23421765863895416], [-0.5305469036102295, 0.5145036578178406, 0.5273522138595581], [-0.08033377677202225, 0.02672102116048336, 0.31881216168403625], [-0.3750896155834198, 0.013388603925704956, -0.0018668259726837277], [-0.15160129964351654, 0.17548494040966034, 0.7427347302436829], [-0.286020427942276, 0.04174473136663437, 0.2876267433166504], [-0.19653667509555817, 0.13030916452407837, 0.29025983810424805], [0.9472208023071289, -0.5001020431518555, 0.09438542276620865], [-0.5712396502494812, -0.024644313380122185, 0.06860391050577164], [0.6632036566734314, -0.2087973654270172, 0.24279005825519562]], "trans": [-0.3884158134460449, 0.5690438151359558, 3.6644325256347656], "focal": [1177.7945556640625, 1177.7945556640625], "princpt": [680.0, 384.0], "img_size_wh": [1360, 768], "pad_ratio": 0.0}