{"betas": [0.819889485836029, -0.713492214679718, 0.022210385650396347, 0.08409988135099411, 0.2140318751335144, 0.1848260909318924, 0.21953894197940826, -0.1432194709777832, -0.3176518976688385, -0.30388036370277405], "root_pose": [3.331989049911499, -0.31305548548698425, 0.4194548428058624], "body_pose": [[-0.16561248898506165, -5.17574735567905e-05, 0.23261764645576477], [-0.14513139426708221, -0.04421299323439598, -0.17586612701416016], [0.21149225533008575, 0.036850620061159134, 0.03232148662209511], [0.3284744918346405, -0.13851788640022278, 0.060812756419181824], [0.3784400224685669, 0.10435368865728378, 0.06627441197633743], [-0.005921682342886925, 0.0050016590394079685, -0.05698752403259277], [0.5322675108909607, 0.1131969690322876, -0.25574561953544617], [0.35583218932151794, 0.04505915194749832, 0.20555804669857025], [0.004486917518079281, 0.036665428429841995, -0.056572284549474716], [0.02043282613158226, 0.009683148004114628, 0.0027586892247200012], [-0.008767575956881046, 0.0036489982157945633, -0.01291117537766695], [0.23012566566467285, 0.3297521471977234, -0.1353236883878708], [-0.13719594478607178, -0.10693829506635666, 0.19350187480449677], [-0.21577630937099457, 0.14627410471439362, -0.42520052194595337], [-0.03171437978744507, 0.596331775188446, -0.21198703348636627], [-0.04879249632358551, -0.060102324932813644, -0.1586286425590515], [0.034384071826934814, 0.18047429621219635, -0.19902363419532776], [-0.07238820940256119, -0.26099708676338196, -0.049507830291986465], [-0.05017228052020073, 2.0292701721191406, -0.19135519862174988], [0.024472469463944435, -0.028326980769634247, 0.5176196098327637], [-0.5046637654304504, 0.5699514746665955, -0.2473471760749817]], "jaw_pose": [0.004420640412718058, 0.006352914031594992, -0.054110653698444366], "leye_pose": [0.0, 0.0, 0.0], "reye_pose": [0.0, 0.0, 0.0], "lhand_pose": [[0.062080156058073044, 0.2457789182662964, -0.16783155500888824], [0.061013203114271164, -0.04940877482295036, -0.15534809231758118], [-0.03920438140630722, -0.048081520944833755, -0.07122863829135895], [-0.08125558495521545, 0.13897617161273956, -0.2635782063007355], [-0.07681846618652344, 0.03460197150707245, -0.16381914913654327], [-0.019579462707042694, -0.08065237104892731, -0.1123708039522171], [-0.24699974060058594, -0.3783400356769562, -0.188271626830101], [-0.034905191510915756, 0.009344733320176601, -0.2039472907781601], [-0.22412802278995514, -0.005327963270246983, 0.0701066330075264], [-0.045673590153455734, -0.0876714438199997, -0.24961484968662262], [-0.2023603916168213, 0.0066904546692967415, -0.16926808655261993], [-0.15644511580467224, -0.1108669862151146, -0.1455044001340866], [0.6346414685249329, 0.36633896827697754, 0.04819938912987709], [-0.5355513691902161, 0.02733416110277176, -0.09956395626068115], [0.5355241298675537, 0.0797073170542717, -0.05678999423980713]], "rhand_pose": [[0.027629969641566277, -0.2335139811038971, 0.2873073220252991], [0.11501887440681458, 0.04404019936919212, 0.4103527367115021], [-0.06909869611263275, 0.10377446562051773, 0.13809734582901], [-0.1468576341867447, -0.07482942193746567, 0.5061181783676147], [-0.11716754734516144, -0.05905156210064888, 0.30613160133361816], [-0.004627361427992582, 0.1051173210144043, 0.21804453432559967], [-0.4099659323692322, 0.3525141179561615, 0.39560365676879883], [-0.035056810826063156, 0.04483448714017868, 0.20572973787784576], [-0.25978419184684753, 0.034965239465236664, 0.03533013164997101], [-0.11921510100364685, 0.10542380064725876, 0.5083476901054382], [-0.20220151543617249, -0.006471813190728426, 0.23401489853858948], [-0.1557644158601761, 0.12169715762138367, 0.2229919582605362], [0.7127458453178406, -0.34900644421577454, -0.017871471121907234], [-0.4889002740383148, -0.02798796445131302, 0.12379273027181625], [0.5852225422859192, -0.18684236705303192, 0.15533006191253662]], "trans": [-0.4066047668457031, 0.2553715705871582, 3.6801841259002686], "focal": [1177.7945556640625, 1177.7945556640625], "princpt": [680.0, 384.0], "img_size_wh": [1360, 768], "pad_ratio": 0.0}