{"betas": [0.8198922872543335, -0.7134466767311096, 0.022168520838022232, 0.08411871641874313, 0.2140260636806488, 0.18484583497047424, 0.21953725814819336, -0.14326319098472595, -0.31768709421157837, -0.3038737177848816], "root_pose": [3.342949628829956, -0.32762831449508667, 0.4473673701286316], "body_pose": [[-0.1956605315208435, 0.015048380941152573, 0.2950211763381958], [-0.11602871119976044, -0.07023704051971436, -0.1504683941602707], [0.23892609775066376, 0.03834378346800804, 0.015217076987028122], [0.32404589653015137, -0.13944226503372192, 0.05036677420139313], [0.470943421125412, 0.10550487786531448, 0.10104399174451828], [0.0036573365796357393, -0.0068984255194664, -0.06921742111444473], [0.5022983551025391, 0.09633612632751465, -0.2640245854854584], [0.19187873601913452, 0.07683210074901581, 0.18878230452537537], [0.008565882220864296, 0.03201134875416756, -0.06617389619350433], [0.021060585975646973, 0.009832760319113731, 0.006289306562393904], [-0.016048507764935493, 0.0077683706767857075, -0.010515407659113407], [0.2030087113380432, 0.34291717410087585, -0.1596997231245041], [-0.14463599026203156, -0.10753526538610458, 0.21355849504470825], [-0.24434642493724823, 0.14500893652439117, -0.44696876406669617], [-0.05868961289525032, 0.5965097546577454, -0.20853467285633087], [-0.05726898834109306, -0.054361969232559204, -0.14025236666202545], [0.009483140893280506, 0.17659945785999298, -0.22534042596817017], [-0.048936065286397934, -0.27436643838882446, -0.06348618865013123], [-0.06783294677734375, 2.0593106746673584, -0.22246146202087402], [0.04622301086783409, -0.013437717221677303, 0.5347318649291992], [-0.5326796174049377, 0.5340131521224976, -0.2996769845485687]], "jaw_pose": [0.010285350494086742, 0.0046051256358623505, -0.0532928891479969], "leye_pose": [0.0, 0.0, 0.0], "reye_pose": [0.0, 0.0, 0.0], "lhand_pose": [[0.05893635004758835, 0.25953102111816406, -0.1878463625907898], [0.07559194415807724, -0.050590869039297104, -0.1734570413827896], [-0.04689808189868927, -0.05740949511528015, -0.0692552700638771], [-0.09648136794567108, 0.14461630582809448, -0.28645649552345276], [-0.0818997323513031, 0.041952867060899734, -0.20008665323257446], [-0.019271325320005417, -0.07831627130508423, -0.12500886619091034], [-0.2429157942533493, -0.39519959688186646, -0.17551317811012268], [-0.09182580560445786, -0.0023561816196888685, -0.2228383719921112], [-0.2132715880870819, -0.02369001694023609, 0.04174986854195595], [-0.040369290858507156, -0.10612169653177261, -0.2707670032978058], [-0.21656158566474915, 0.006210989318788052, -0.19649769365787506], [-0.16169166564941406, -0.11363055557012558, -0.15933026373386383], [0.6400315761566162, 0.3925084173679352, 0.04671867564320564], [-0.5183730721473694, 0.030913466587662697, -0.09177505224943161], [0.5427444577217102, 0.09031087905168533, -0.07240170240402222]], "rhand_pose": [[0.02934347465634346, -0.2714322805404663, 0.31366869807243347], [0.12935414910316467, 0.039367906749248505, 0.42557665705680847], [-0.08318832516670227, 0.10889396071434021, 0.12348905205726624], [-0.15549682080745697, -0.09410960227251053, 0.5331623554229736], [-0.11395906656980515, -0.06966867297887802, 0.32142022252082825], [-0.0029616043902933598, 0.10909021645784378, 0.22679299116134644], [-0.42929425835609436, 0.38426584005355835, 0.41670411825180054], [-0.02494041807949543, 0.046169426292181015, 0.21569529175758362], [-0.2790958881378174, 0.041039321571588516, 0.04216057434678078], [-0.12939566373825073, 0.11390702426433563, 0.5453242063522339], [-0.21590593457221985, -0.0022451370023190975, 0.2318895310163498], [-0.16289319097995758, 0.11675845831632614, 0.24083571135997772], [0.7254111766815186, -0.37689897418022156, -0.011142700910568237], [-0.4797711968421936, -0.032609716057777405, 0.12308528274297714], [0.5918663144111633, -0.1960781365633011, 0.16690711677074432]], "trans": [-0.4226340651512146, 0.2199724316596985, 3.705251455307007], "focal": [1177.7945556640625, 1177.7945556640625], "princpt": [680.0, 384.0], "img_size_wh": [1360, 768], "pad_ratio": 0.0}