{"betas": [0.8198413252830505, -0.7134131193161011, 0.022062338888645172, 0.08415617793798447, 0.21407219767570496, 0.18506990373134613, 0.2194250524044037, -0.14344468712806702, -0.31784120202064514, -0.30378031730651855], "root_pose": [3.330631971359253, -0.3857167065143585, 0.5003780722618103], "body_pose": [[-0.35280951857566833, 0.0665278211236, 0.5702792406082153], [0.01966203562915325, -0.25192007422447205, -0.10366687923669815], [0.3805290162563324, 0.029922977089881897, -0.058202676475048065], [0.2879994809627533, -0.07759187370538712, 0.02236071228981018], [1.0442866086959839, 0.13959228992462158, 0.29445046186447144], [0.007715767715126276, -0.03291351720690727, -0.11451321840286255], [0.5117471814155579, 0.12349230796098709, -0.2761879563331604], [-0.19147177040576935, 0.15755996108055115, 0.18205934762954712], [0.022247683256864548, 0.011952637694776058, -0.11721671372652054], [0.0002533939841669053, 0.0017360850470140576, 0.01033405214548111], [-0.027080029249191284, 0.024102244526147842, -0.008683026768267155], [0.25097301602363586, 0.3528762459754944, -0.22126658260822296], [-0.1845722198486328, -0.18207277357578278, 0.24940171837806702], [-0.29068586230278015, 0.1546153575181961, -0.5117888450622559], [-0.18982653319835663, 0.5956171751022339, -0.16342470049858093], [-0.13877327740192413, -0.06422512978315353, -0.03644851967692375], [-0.07809583842754364, 0.1891493946313858, -0.29886865615844727], [-0.06360159069299698, -0.25431567430496216, -0.025814058259129524], [-0.13681329786777496, 2.083998680114746, -0.30402782559394836], [0.09958835691213608, 0.14246414601802826, 0.5293852686882019], [-0.5807679891586304, 0.3640402853488922, -0.2800682783126831]], "jaw_pose": [0.03497876226902008, -0.0016884271753951907, -0.03166409954428673], "leye_pose": [0.0, 0.0, 0.0], "reye_pose": [0.0, 0.0, 0.0], "lhand_pose": [[0.056288499385118484, 0.2596971094608307, -0.22671110928058624], [0.131072536110878, -0.002604664070531726, -0.06330053508281708], [-0.0953412875533104, -0.07621311396360397, -0.006875953637063503], [-0.07666391879320145, 0.17790493369102478, -0.25858446955680847], [-0.06749234348535538, 0.07193771749734879, -0.05143352597951889], [-0.003559598233550787, -0.09880884736776352, -0.0806843489408493], [-0.1333303302526474, -0.37315213680267334, -0.09582030773162842], [-0.03382229432463646, 0.03541668504476547, -0.16242846846580505], [-0.166514053940773, -0.030454855412244797, 0.08811350166797638], [0.060946330428123474, -0.060347460210323334, -0.24551644921302795], [-0.18648314476013184, 0.025380240753293037, -0.015544180758297443], [-0.15404817461967468, -0.1340259313583374, -0.09025824815034866], [0.6543422937393188, 0.3333927094936371, 0.04929531738162041], [-0.5104303359985352, 0.03167729824781418, -0.0601017065346241], [0.538169801235199, 0.07402236014604568, -0.1328824907541275]], "rhand_pose": [[0.055122047662734985, -0.27735355496406555, 0.4851210415363312], [0.1736290007829666, 0.015916896983981133, 0.47946426272392273], [-0.1133507564663887, 0.14582045376300812, 0.12540090084075928], [-0.15890079736709595, -0.11821702122688293, 0.7315338850021362], [-0.08825774490833282, -0.08357934653759003, 0.3567747175693512], [0.00813144538551569, 0.13034994900226593, 0.2624402940273285], [-0.4753873944282532, 0.43606364727020264, 0.5948853492736816], [-0.041056614369153976, 0.04989639297127724, 0.2590976059436798], [-0.3162955045700073, 0.08664888143539429, 0.05429086089134216], [-0.12333880364894867, 0.1372995376586914, 0.7520110011100769], [-0.2489284873008728, 0.022545451298356056, 0.23143784701824188], [-0.17603789269924164, 0.13517330586910248, 0.29241856932640076], [0.7999106645584106, -0.38342684507369995, 0.05803995206952095], [-0.4776531457901001, -0.026930905878543854, 0.09037259966135025], [0.6196063756942749, -0.2664510905742645, 0.3018769323825836]], "trans": [-0.47704392671585083, 0.10436868667602539, 3.7833430767059326], "focal": [1177.7945556640625, 1177.7945556640625], "princpt": [680.0, 384.0], "img_size_wh": [1360, 768], "pad_ratio": 0.0}