{"betas": [0.8199141025543213, -0.7134556174278259, 0.022316373884677887, 0.08413115888834, 0.21391510963439941, 0.18473520874977112, 0.21958045661449432, -0.14307831227779388, -0.3176872134208679, -0.30393797159194946], "root_pose": [3.298985719680786, -0.2828216850757599, 0.3219165802001953], "body_pose": [[-0.10722141712903976, -0.04101642593741417, 0.1013738363981247], [-0.23379874229431152, -0.004765417892485857, -0.21874921023845673], [0.17323382198810577, 0.021670494228601456, 0.06790009886026382], [0.31984493136405945, -0.15708009898662567, 0.055258382111787796], [0.29607531428337097, 0.11844469606876373, -0.01814902015030384], [-0.029027609154582024, 0.024590885266661644, -0.03112751431763172], [0.5279568433761597, 0.11224882304668427, -0.21442987024784088], [0.3374784588813782, -0.09675179421901703, 0.1918090581893921], [0.040050409734249115, 0.044893112033605576, -0.03734441474080086], [0.004948437679558992, 0.0015826595481485128, -0.0016518140910193324], [-0.0021888664923608303, 0.006173953413963318, -0.012900060974061489], [0.293645441532135, 0.2969200909137726, -0.12917731702327728], [-0.11188709735870361, -0.10768924653530121, 0.1433328539133072], [-0.12455806881189346, 0.14786046743392944, -0.3298228085041046], [-0.06909655034542084, 0.615215003490448, -0.2228708267211914], [-0.02188563346862793, -0.06709068268537521, -0.22334244847297668], [0.09984365105628967, 0.2101891040802002, -0.08307869732379913], [-0.13332051038742065, -0.28589731454849243, 0.0005664238706231117], [0.04569083824753761, 1.9380216598510742, -0.16714604198932648], [-0.003693313105031848, -0.01882803626358509, 0.4535903036594391], [-0.3018273711204529, 0.520440936088562, -0.2850039601325989]], "jaw_pose": [0.010529378429055214, 0.007523724343627691, -0.06338407099246979], "leye_pose": [0.0, 0.0, 0.0], "reye_pose": [0.0, 0.0, 0.0], "lhand_pose": [[0.084127277135849, 0.24823163449764252, -0.2434372454881668], [0.06874727457761765, -0.02259799651801586, -0.32574084401130676], [-0.03349369019269943, -0.06930093467235565, -0.11327606439590454], [-0.10401304811239243, 0.13706286251544952, -0.447257399559021], [-0.0762811154127121, 0.013470175676047802, -0.3156767785549164], [-0.017937561497092247, -0.11856601387262344, -0.20111322402954102], [-0.36652764678001404, -0.4535350203514099, -0.3550666570663452], [-0.02436067909002304, -0.019405651837587357, -0.30635014176368713], [-0.3369812071323395, 0.0005243877531029284, 0.04656519368290901], [-0.1087513267993927, -0.12592017650604248, -0.4099236726760864], [-0.22456282377243042, -0.0465579517185688, -0.3189750611782074], [-0.17720618844032288, -0.13288269937038422, -0.2255033403635025], [0.7060396075248718, 0.3569989502429962, 0.03067421168088913], [-0.5728960037231445, 0.03489108383655548, -0.10181721299886703], [0.5694969296455383, 0.11214572936296463, -0.05287255719304085]], "rhand_pose": [[0.04542955011129379, -0.22510838508605957, 0.3438829183578491], [0.11535747349262238, 0.03675408288836479, 0.48976048827171326], [-0.05906296893954277, 0.11695507913827896, 0.18072938919067383], [-0.13477420806884766, -0.06362920254468918, 0.5794678330421448], [-0.10993777215480804, -0.03431396931409836, 0.3722643256187439], [-0.006397568620741367, 0.12269888818264008, 0.24728471040725708], [-0.44548770785331726, 0.39717280864715576, 0.4268988370895386], [-0.08076547086238861, 0.06993263214826584, 0.26841557025909424], [-0.2830653488636017, 0.03647817298769951, 0.042510099709033966], [-0.12328499555587769, 0.13486021757125854, 0.5641480088233948], [-0.2139226496219635, 0.02411028929054737, 0.30512669682502747], [-0.15925438702106476, 0.16214001178741455, 0.24270297586917877], [0.7798752784729004, -0.3442571461200714, -0.0025423786137253046], [-0.5251232981681824, -0.047154929488897324, 0.09003926068544388], [0.5922407507896423, -0.21627558767795563, 0.15598250925540924]], "trans": [-0.3794725239276886, 0.3616349697113037, 3.6266026496887207], "focal": [1177.7945556640625, 1177.7945556640625], "princpt": [680.0, 384.0], "img_size_wh": [1360, 768], "pad_ratio": 0.0}