{"betas": [0.8198913335800171, -0.7134580612182617, 0.022051718086004257, 0.08412270247936249, 0.21407142281532288, 0.18503497540950775, 0.2194690853357315, -0.14343418180942535, -0.3178379535675049, -0.30380019545555115], "root_pose": [3.3403196334838867, -0.37783166766166687, 0.49282804131507874], "body_pose": [[-0.29829680919647217, 0.06168491020798683, 0.5000717043876648], [-0.01223755907267332, -0.20066633820533752, -0.09891244024038315], [0.33545058965682983, 0.034328944981098175, -0.04000190272927284], [0.29205644130706787, -0.10468664765357971, 0.017880288884043694], [0.8945063948631287, 0.12542156875133514, 0.22801066935062408], [0.008645803667604923, -0.029384519904851913, -0.10515452921390533], [0.4750838279724121, 0.10603788495063782, -0.2681424617767334], [-0.17723411321640015, 0.1440681368112564, 0.17506757378578186], [0.023664170876145363, 0.01621636375784874, -0.1045071929693222], [0.0043182834051549435, 0.0028887796215713024, 0.010945281013846397], [-0.02759633958339691, 0.021095456555485725, -0.007281167432665825], [0.22954683005809784, 0.3594129979610443, -0.2137027382850647], [-0.17273245751857758, -0.16112537682056427, 0.24442636966705322], [-0.2880169749259949, 0.15565460920333862, -0.49716559052467346], [-0.155934140086174, 0.598309338092804, -0.17802931368350983], [-0.11497251689434052, -0.05905010178685188, -0.06489399075508118], [-0.06289970874786377, 0.19265493750572205, -0.2800721228122711], [-0.05206620320677757, -0.263808012008667, -0.0442778654396534], [-0.11936168372631073, 2.0864179134368896, -0.29601550102233887], [0.09045876562595367, 0.10786698013544083, 0.5306997895240784], [-0.5598727464675903, 0.40807464718818665, -0.3262196481227875]], "jaw_pose": [0.030637023970484734, -0.0004638803657144308, -0.0400269478559494], "leye_pose": [0.0, 0.0, 0.0], "reye_pose": [0.0, 0.0, 0.0], "lhand_pose": [[0.05597776919603348, 0.25735941529273987, -0.22437898814678192], [0.11851886659860611, -0.018223611637949944, -0.1109468936920166], [-0.08408939838409424, -0.07474665343761444, -0.028938820585608482], [-0.08750727027654648, 0.1693047136068344, -0.26732397079467773], [-0.07373824715614319, 0.06511196494102478, -0.12157757580280304], [-0.00797376036643982, -0.09331028908491135, -0.10386557132005692], [-0.15881232917308807, -0.38436147570610046, -0.1101686954498291], [-0.07836288958787918, 0.01961435005068779, -0.19487237930297852], [-0.18096892535686493, -0.0357704684138298, 0.060477375984191895], [0.03565318137407303, -0.07539372891187668, -0.2546304166316986], [-0.2036181539297104, 0.015559371560811996, -0.08923722058534622], [-0.16114795207977295, -0.13257795572280884, -0.11950218677520752], [0.6559280753135681, 0.3559110164642334, 0.04424097016453743], [-0.5078160762786865, 0.03557965159416199, -0.0635659322142601], [0.5454793572425842, 0.08356039226055145, -0.12518900632858276]], "rhand_pose": [[0.0484623908996582, -0.28974929451942444, 0.4574621319770813], [0.16836732625961304, 0.022187979891896248, 0.48487746715545654], [-0.11223653703927994, 0.13931283354759216, 0.12372075021266937], [-0.16285181045532227, -0.121428482234478, 0.6953861117362976], [-0.09589606523513794, -0.08239158242940903, 0.36941540241241455], [0.005968209821730852, 0.12877437472343445, 0.26258543133735657], [-0.47017133235931396, 0.4365540146827698, 0.5600881576538086], [-0.03695244714617729, 0.05412553250789642, 0.25956737995147705], [-0.3198898732662201, 0.07674890756607056, 0.05780036747455597], [-0.13088446855545044, 0.1354580670595169, 0.7195661664009094], [-0.24782589077949524, 0.022702978923916817, 0.24046865105628967], [-0.1773122251033783, 0.13265123963356018, 0.29160788655281067], [0.7932639718055725, -0.3885418176651001, 0.05024534463882446], [-0.47255784273147583, -0.03214217722415924, 0.09589794278144836], [0.6215583682060242, -0.254099577665329, 0.276468962430954]], "trans": [-0.46411269903182983, 0.12989500164985657, 3.765214204788208], "focal": [1177.7945556640625, 1177.7945556640625], "princpt": [680.0, 384.0], "img_size_wh": [1360, 768], "pad_ratio": 0.0}