{"betas": [0.8198858499526978, -0.7134590744972229, 0.022134380415081978, 0.08407434076070786, 0.21408095955848694, 0.18495802581310272, 0.21950383484363556, -0.14332789182662964, -0.3176891803741455, -0.3038256764411926], "root_pose": [3.3494997024536133, -0.34577861428260803, 0.46762707829475403], "body_pose": [[-0.2258460372686386, 0.0328967310488224, 0.36227428913116455], [-0.08455751091241837, -0.10612428933382034, -0.12543609738349915], [0.2687487006187439, 0.0376761220395565, -0.002753303851932287], [0.3112961947917938, -0.1347455233335495, 0.036016080528497696], [0.5927891731262207, 0.11040049046278, 0.13557225465774536], [0.008260662667453289, -0.01832139678299427, -0.08178550750017166], [0.4817999601364136, 0.08829378336668015, -0.26844918727874756], [0.01748795621097088, 0.10338965803384781, 0.1757391095161438], [0.016091564670205116, 0.026067443192005157, -0.0780201330780983], [0.016377042979002, 0.007945717312395573, 0.009597858414053917], [-0.022067565470933914, 0.012845893390476704, -0.008281083777546883], [0.19831569492816925, 0.3512912392616272, -0.1871943175792694], [-0.1527787297964096, -0.12043029814958572, 0.22789070010185242], [-0.2644336223602295, 0.14863944053649902, -0.46523866057395935], [-0.0956636443734169, 0.5972042083740234, -0.20010896027088165], [-0.07222253084182739, -0.053298670798540115, -0.11735770106315613], [-0.016951655969023705, 0.18214952945709229, -0.24454759061336517], [-0.03855283185839653, -0.2772415578365326, -0.06814724206924438], [-0.08366989344358444, 2.0761520862579346, -0.25482216477394104], [0.06396348029375076, 0.018253659829497337, 0.5372052192687988], [-0.5379921793937683, 0.4899995028972626, -0.3468065857887268]], "jaw_pose": [0.017229357734322548, 0.0024914443492889404, -0.05146295577287674], "leye_pose": [0.0, 0.0, 0.0], "reye_pose": [0.0, 0.0, 0.0], "lhand_pose": [[0.05546194314956665, 0.26292574405670166, -0.21027331054210663], [0.09225589036941528, -0.04334265738725662, -0.17621088027954102], [-0.05861670896410942, -0.06717702001333237, -0.06164205074310303], [-0.10385172069072723, 0.1482309252023697, -0.2996092438697815], [-0.08341062068939209, 0.048693686723709106, -0.2125275731086731], [-0.016670089215040207, -0.08138104528188705, -0.13210849463939667], [-0.2179044783115387, -0.401941180229187, -0.15452773869037628], [-0.13012081384658813, -0.005694527179002762, -0.23185677826404572], [-0.19941700994968414, -0.03863650932908058, 0.02617960423231125], [-0.01985655166208744, -0.11181250959634781, -0.27722591161727905], [-0.22331251204013824, 0.003055557142943144, -0.19954527914524078], [-0.16509078443050385, -0.12058694660663605, -0.16236859560012817], [0.6430448889732361, 0.3975817859172821, 0.04580920562148094], [-0.5052129030227661, 0.03477335721254349, -0.0810374841094017], [0.5489446520805359, 0.09695105999708176, -0.09401082247495651]], "rhand_pose": [[0.03508139029145241, -0.2935795485973358, 0.35336828231811523], [0.14283858239650726, 0.034477319568395615, 0.4458043873310089], [-0.09683913737535477, 0.11736122518777847, 0.11830946058034897], [-0.15795095264911652, -0.11275314539670944, 0.5761008262634277], [-0.10850652307271957, -0.07637080550193787, 0.340786874294281], [-0.00021907461632508785, 0.11674213409423828, 0.2396242916584015], [-0.44325903058052063, 0.4071944057941437, 0.45745885372161865], [-0.02324521169066429, 0.048579141497612, 0.23205715417861938], [-0.2979854345321655, 0.050872158259153366, 0.04871157556772232], [-0.13356457650661469, 0.12059957534074783, 0.5993978977203369], [-0.22908538579940796, 0.005693298764526844, 0.2355651557445526], [-0.16998544335365295, 0.1204400435090065, 0.260295569896698], [0.7435486316680908, -0.38581332564353943, 0.007140430621802807], [-0.4734654128551483, -0.037378039211034775, 0.1166592612862587], [0.6033669710159302, -0.2130994349718094, 0.19569964706897736]], "trans": [-0.4386315941810608, 0.18534529209136963, 3.7290847301483154], "focal": [1177.7945556640625, 1177.7945556640625], "princpt": [680.0, 384.0], "img_size_wh": [1360, 768], "pad_ratio": 0.0}