{"betas": [0.8198562860488892, -0.7134280204772949, 0.022051598876714706, 0.0841292217373848, 0.21406054496765137, 0.18496741354465485, 0.21949522197246552, -0.14335811138153076, -0.3177381455898285, -0.3038003444671631], "root_pose": [3.348254680633545, -0.3636937439441681, 0.4826180040836334], "body_pose": [[-0.25823351740837097, 0.049593936651945114, 0.43035537004470825], [-0.04881235957145691, -0.15053799748420715, -0.10659077018499374], [0.299710214138031, 0.03675840049982071, -0.021172083914279938], [0.29966050386428833, -0.12379579246044159, 0.023315511643886566], [0.7372480630874634, 0.11758918315172195, 0.17542943358421326], [0.009234759025275707, -0.025352323427796364, -0.09399328380823135], [0.46234413981437683, 0.09435173124074936, -0.2665604054927826], [-0.11386335641145706, 0.1272389441728592, 0.17133241891860962], [0.02196643501520157, 0.02079070173203945, -0.09098809957504272], [0.009924092330038548, 0.005118881352245808, 0.010980154387652874], [-0.02589264139533043, 0.017195165157318115, -0.0069144172593951225], [0.21202081441879272, 0.35762035846710205, -0.2050376683473587], [-0.16219870746135712, -0.14023511111736298, 0.23711343109607697], [-0.27846163511276245, 0.153891459107399, -0.4814318120479584], [-0.12665130198001862, 0.5976756811141968, -0.18998773396015167], [-0.09228722751140594, -0.055277563631534576, -0.09179284423589706], [-0.041964370757341385, 0.1897047609090805, -0.26209357380867004], [-0.04188986122608185, -0.2720998227596283, -0.06021593138575554], [-0.10110865533351898, 2.08487868309021, -0.2809852361679077], [0.07888344675302505, 0.06466261297464371, 0.5334493517875671], [-0.5428950190544128, 0.4508530795574188, -0.3590964376926422]], "jaw_pose": [0.024566389620304108, 0.0008325883536599576, -0.04704854637384415], "leye_pose": [0.0, 0.0, 0.0], "reye_pose": [0.0, 0.0, 0.0], "lhand_pose": [[0.055295467376708984, 0.2587484121322632, -0.22152525186538696], [0.10599307715892792, -0.032474733889102936, -0.15681877732276917], [-0.07150886952877045, -0.07261966168880463, -0.049130942672491074], [-0.09939027577638626, 0.15717679262161255, -0.28807106614112854], [-0.07987982034683228, 0.05661609768867493, -0.18717844784259796], [-0.012557180598378181, -0.08750230073928833, -0.12586887180805206], [-0.18718227744102478, -0.39503049850463867, -0.1321265548467636], [-0.12219315767288208, 0.0029686333145946264, -0.2238280475139618], [-0.19223573803901672, -0.04164285212755203, 0.03348900377750397], [0.007768029812723398, -0.09688088297843933, -0.269639253616333], [-0.21890893578529358, 0.00511545455083251, -0.16275252401828766], [-0.16565443575382233, -0.12801876664161682, -0.14916130900382996], [0.6504145860671997, 0.3805598318576813, 0.04391108825802803], [-0.5042113661766052, 0.03699193894863129, -0.07046482712030411], [0.5504985451698303, 0.09349556267261505, -0.1131812110543251]], "rhand_pose": [[0.041619673371315, -0.2987752854824066, 0.4124361276626587], [0.15783999860286713, 0.02881649322807789, 0.4766095280647278], [-0.1071779876947403, 0.12937767803668976, 0.12191977351903915], [-0.16241498291492462, -0.12195513397455215, 0.643921434879303], [-0.10273131728172302, -0.07983800768852234, 0.3669700622558594], [0.0030887427274137735, 0.12474184483289719, 0.25690701603889465], [-0.4610408842563629, 0.42724013328552246, 0.5148391127586365], [-0.03225627914071083, 0.05440371856093407, 0.25300803780555725], [-0.31529510021209717, 0.0643441304564476, 0.05790545418858528], [-0.136243999004364, 0.13038940727710724, 0.6700016856193542], [-0.2425810843706131, 0.017261238768696785, 0.24670064449310303], [-0.17628103494644165, 0.12767964601516724, 0.2830299735069275], [0.7732003331184387, -0.3902311325073242, 0.03154207020998001], [-0.47071021795272827, -0.03720792382955551, 0.10585367679595947], [0.6165834665298462, -0.2361856997013092, 0.23823627829551697]], "trans": [-0.45225852727890015, 0.1553182303905487, 3.7487294673919678], "focal": [1177.7945556640625, 1177.7945556640625], "princpt": [680.0, 384.0], "img_size_wh": [1360, 768], "pad_ratio": 0.0}