{"betas": [0.8199411034584045, -0.7135354280471802, 0.022347452118992805, 0.08418042957782745, 0.2139415442943573, 0.18474487960338593, 0.21955370903015137, -0.14307692646980286, -0.31769025325775146, -0.30398935079574585], "root_pose": [3.297126531600952, -0.26280802488327026, 0.2914099097251892], "body_pose": [[-0.11169728636741638, -0.03838283196091652, 0.08485008776187897], [-0.25789985060691833, 0.008088206872344017, -0.2161465734243393], [0.1804850846529007, 0.013637332245707512, 0.07327952980995178], [0.33317360281944275, -0.15073922276496887, 0.04837625101208687], [0.32685351371765137, 0.13093163073062897, -0.025706583634018898], [-0.022685205563902855, 0.02199600450694561, -0.022967055439949036], [0.45224642753601074, 0.11310399323701859, -0.19719624519348145], [0.17757710814476013, -0.11547895520925522, 0.1569158285856247], [0.04887978360056877, 0.0423535481095314, -0.028208347037434578], [0.0033041145652532578, 0.0007571588503196836, -0.002600432373583317], [-0.005081121809780598, 0.007765652146190405, -0.014072823338210583], [0.2840201258659363, 0.310583233833313, -0.13733400404453278], [-0.10354530066251755, -0.11017686128616333, 0.12262394279241562], [-0.10098463296890259, 0.14662402868270874, -0.2751125395298004], [-0.09329218417406082, 0.6347426176071167, -0.21500171720981598], [-0.012334339320659637, -0.059467826038599014, -0.2409459352493286], [0.13357117772102356, 0.2045135498046875, -0.04521551728248596], [-0.13075752556324005, -0.2969129979610443, -0.005551632028073072], [0.08566166460514069, 1.954378366470337, -0.18165229260921478], [0.029564566910266876, 0.007988841272890568, 0.47456103563308716], [-0.22730378806591034, 0.4969167113304138, -0.2908270061016083]], "jaw_pose": [0.015475642867386341, 0.007727409712970257, -0.0682334154844284], "leye_pose": [0.0, 0.0, 0.0], "reye_pose": [0.0, 0.0, 0.0], "lhand_pose": [[0.09640956670045853, 0.24979950487613678, -0.2641359865665436], [0.07434521615505219, -0.02433435618877411, -0.420680969953537], [-0.03330971300601959, -0.07140585780143738, -0.13822054862976074], [-0.12333283573389053, 0.14433574676513672, -0.5141450762748718], [-0.07915747165679932, 0.013112256303429604, -0.4075244963169098], [-0.020509809255599976, -0.12700851261615753, -0.2449372261762619], [-0.4251013398170471, -0.47342371940612793, -0.4127058684825897], [-0.042603615671396255, -0.027242649346590042, -0.3655719459056854], [-0.39947453141212463, -0.0035577130038291216, 0.011126766912639141], [-0.14383739233016968, -0.13850504159927368, -0.4848161041736603], [-0.24759091436862946, -0.054085906594991684, -0.39506736397743225], [-0.19136980175971985, -0.1366632878780365, -0.27059653401374817], [0.7605956792831421, 0.3689311444759369, 0.018685689195990562], [-0.5921680927276611, 0.03819170221686363, -0.09738609194755554], [0.5951956510543823, 0.11870478838682175, -0.055692967027425766]], "rhand_pose": [[0.052376098930835724, -0.2652527987957001, 0.43665996193885803], [0.134701669216156, 0.04104537144303322, 0.5593733191490173], [-0.06603509187698364, 0.12511169910430908, 0.18700003623962402], [-0.15747542679309845, -0.0729510486125946, 0.6843652725219727], [-0.10821515321731567, -0.037821464240550995, 0.43260565400123596], [-0.007320008240640163, 0.12996940314769745, 0.272233247756958], [-0.5084812641143799, 0.4368272125720978, 0.49893561005592346], [-0.09856952726840973, 0.08196717500686646, 0.3168087899684906], [-0.3237368166446686, 0.03642476350069046, 0.060241471976041794], [-0.164611354470253, 0.14979948103427887, 0.6626357436180115], [-0.2402670979499817, 0.03749393671751022, 0.3499213755130768], [-0.17158354818820953, 0.16401277482509613, 0.2806457579135895], [0.8350054025650024, -0.3833020031452179, 0.018756378442049026], [-0.542125940322876, -0.049124713987112045, 0.08748229593038559], [0.6116993427276611, -0.2331431657075882, 0.16637443006038666]], "trans": [-0.3766653537750244, 0.3984343111515045, 3.6214356422424316], "focal": [1177.7945556640625, 1177.7945556640625], "princpt": [680.0, 384.0], "img_size_wh": [1360, 768], "pad_ratio": 0.0}