{"betas": [0.8198977708816528, -0.713447093963623, 0.02230270579457283, 0.0841100737452507, 0.21393872797489166, 0.18476489186286926, 0.21958981454372406, -0.14317519962787628, -0.3176575303077698, -0.30396291613578796], "root_pose": [3.3074615001678467, -0.294722318649292, 0.35328859090805054], "body_pose": [[-0.1155739426612854, -0.025115637108683586, 0.1350143998861313], [-0.20562970638275146, -0.015906192362308502, -0.2113833725452423], [0.17590078711509705, 0.025756437331438065, 0.05986199527978897], [0.31594088673591614, -0.14539173245429993, 0.059579186141490936], [0.29841348528862, 0.10958342254161835, 0.0015277760103344917], [-0.02868623100221157, 0.020401470363140106, -0.03825259953737259], [0.574711263179779, 0.12099605053663254, -0.2354569435119629], [0.4280390441417694, -0.05629181116819382, 0.209889754652977], [0.024769317358732224, 0.04180005565285683, -0.04399379342794418], [0.009069605730473995, 0.0042008510790765285, -0.0002715060254558921], [-0.0004690185596700758, 0.0043913377448916435, -0.013458658941090107], [0.28659793734550476, 0.2973475158214569, -0.12249903380870819], [-0.11998899281024933, -0.11432645469903946, 0.15811286866664886], [-0.15142875909805298, 0.15000879764556885, -0.37057021260261536], [-0.05048445984721184, 0.6038209795951843, -0.22337962687015533], [-0.034091975539922714, -0.07113534957170486, -0.19647303223609924], [0.0750221386551857, 0.20740795135498047, -0.12125378847122192], [-0.12661127746105194, -0.26034581661224365, -0.010705897584557533], [0.008222676813602448, 1.9464548826217651, -0.15945780277252197], [-0.015031230635941029, -0.039166826754808426, 0.46513429284095764], [-0.3985553979873657, 0.5510729551315308, -0.24161212146282196]], "jaw_pose": [0.00486432109028101, 0.007182063534855843, -0.059688061475753784], "leye_pose": [0.0, 0.0, 0.0], "reye_pose": [0.0, 0.0, 0.0], "lhand_pose": [[0.0705672949552536, 0.23367390036582947, -0.2185470163822174], [0.06332891434431076, -0.029695410281419754, -0.24931582808494568], [-0.03738376498222351, -0.06266453117132187, -0.09653201699256897], [-0.09061630070209503, 0.12668825685977936, -0.37479740381240845], [-0.0755850300192833, 0.0167374350130558, -0.24070806801319122], [-0.017461419105529785, -0.10725872218608856, -0.1635829657316208], [-0.307138592004776, -0.4151858985424042, -0.29271990060806274], [-0.023257464170455933, -0.005020481068640947, -0.2572256028652191], [-0.2737998962402344, 0.001877935603260994, 0.06480168551206589], [-0.07911940664052963, -0.10718267410993576, -0.3317297399044037], [-0.2102251797914505, -0.02950095757842064, -0.2572036385536194], [-0.16803666949272156, -0.1275027096271515, -0.18723465502262115], [0.6658440232276917, 0.34332945942878723, 0.0351903922855854], [-0.5543494820594788, 0.02862190455198288, -0.10400296002626419], [0.5548074841499329, 0.09886753559112549, -0.06138424575328827]], "rhand_pose": [[0.03810000792145729, -0.18737994134426117, 0.27905863523483276], [0.1004214882850647, 0.04065074399113655, 0.4277971386909485], [-0.05854968726634979, 0.1088278740644455, 0.17237435281276703], [-0.12582696974277496, -0.06089615449309349, 0.5024014711380005], [-0.11340239644050598, -0.037163879722356796, 0.32474231719970703], [-0.004708353895694017, 0.11588408052921295, 0.22729365527629852], [-0.4018542170524597, 0.3414269983768463, 0.39494985342025757], [-0.0606239028275013, 0.05177587643265724, 0.23192185163497925], [-0.25272050499916077, 0.03269006311893463, 0.030159879475831985], [-0.10131829231977463, 0.10862889885902405, 0.5001072883605957], [-0.19439814984798431, 0.0065922001376748085, 0.2729176878929138], [-0.15233114361763, 0.15200503170490265, 0.21577627956867218], [0.7345157861709595, -0.30761387944221497, -0.008238466456532478], [-0.5113110542297363, -0.03747989237308502, 0.09940693527460098], [0.586114227771759, -0.19555607438087463, 0.16044744849205017]], "trans": [-0.3837452828884125, 0.3258177936077118, 3.6383728981018066], "focal": [1177.7945556640625, 1177.7945556640625], "princpt": [680.0, 384.0], "img_size_wh": [1360, 768], "pad_ratio": 0.0}