{"betas": [0.8199073076248169, -0.7134740352630615, 0.022309543564915657, 0.08406239748001099, 0.21398305892944336, 0.1847962588071823, 0.21955101191997528, -0.1431877762079239, -0.31761783361434937, -0.3039117157459259], "root_pose": [3.3196775913238525, -0.3033669888973236, 0.38623183965682983], "body_pose": [[-0.13709639012813568, -0.01163764949887991, 0.17939215898513794], [-0.17505556344985962, -0.027578018605709076, -0.19653716683387756], [0.18948902189731598, 0.03155883401632309, 0.04764594882726669], [0.3210233747959137, -0.1375497579574585, 0.06286749988794327], [0.32258379459381104, 0.10559586435556412, 0.03114084154367447], [-0.01897551491856575, 0.01386126410216093, -0.04654812067747116], [0.5714624524116516, 0.12283812463283539, -0.24903090298175812], [0.4400734007358551, -0.0020478852093219757, 0.21424244344234467], [0.010009733960032463, 0.03909241408109665, -0.049874331802129745], [0.015127352438867092, 0.007512503303587437, 0.000970762106589973], [-0.0026599057018756866, 0.0027406755834817886, -0.014056665822863579], [0.2632654011249542, 0.3119485080242157, -0.1231905072927475], [-0.12881028652191162, -0.11304277181625366, 0.1740168035030365], [-0.1827547252178192, 0.14944066107273102, -0.40049946308135986], [-0.03252607211470604, 0.5992234945297241, -0.2160034477710724], [-0.042717576026916504, -0.06770273298025131, -0.17525258660316467], [0.05514601618051529, 0.19442042708396912, -0.16224704682826996], [-0.10238197445869446, -0.2500723898410797, -0.030918428674340248], [-0.025025028735399246, 1.9844214916229248, -0.16814842820167542], [0.0008172551752068102, -0.0373770035803318, 0.4910760223865509], [-0.4686565697193146, 0.5712119936943054, -0.2160685956478119]], "jaw_pose": [0.002044027904048562, 0.0070364330895245075, -0.05610255151987076], "leye_pose": [0.0, 0.0, 0.0], "reye_pose": [0.0, 0.0, 0.0], "lhand_pose": [[0.06378506869077682, 0.23246952891349792, -0.18036802113056183], [0.05744855850934982, -0.040233053267002106, -0.1730211228132248], [-0.0375731885433197, -0.05047491192817688, -0.07896219193935394], [-0.07724324613809586, 0.1292678415775299, -0.29077962040901184], [-0.07463972270488739, 0.025288954377174377, -0.16845236718654633], [-0.018627192825078964, -0.09121114760637283, -0.1227765902876854], [-0.25793948769569397, -0.38009604811668396, -0.2220282405614853], [-0.012908863835036755, 0.01097130123525858, -0.20982064306735992], [-0.23448915779590607, 0.002766082528978586, 0.08045477420091629], [-0.053119294345378876, -0.08590979874134064, -0.2600806653499603], [-0.19831500947475433, -0.005829706322401762, -0.18413421511650085], [-0.1577376127243042, -0.11700034141540527, -0.1505645215511322], [0.6381550431251526, 0.3429795205593109, 0.0443582758307457], [-0.5448575615882874, 0.025709623470902443, -0.10361096262931824], [0.5394759774208069, 0.08248007297515869, -0.05727304890751839]], "rhand_pose": [[0.03148141875863075, -0.19231830537319183, 0.2594906985759735], [0.09945466369390488, 0.044589318335056305, 0.3938556909561157], [-0.06020396575331688, 0.10198412835597992, 0.15543638169765472], [-0.12971530854701996, -0.06399063766002655, 0.47503504157066345], [-0.11655116081237793, -0.046780284494161606, 0.29421189427375793], [-0.0046925232745707035, 0.107674241065979, 0.21285226941108704], [-0.3878864049911499, 0.3211390972137451, 0.38315269351005554], [-0.04086488485336304, 0.0414871871471405, 0.204560324549675], [-0.24425339698791504, 0.03087341971695423, 0.024638088420033455], [-0.10110929608345032, 0.0950494334101677, 0.4780086576938629], [-0.18870946764945984, -0.00683292280882597, 0.23901492357254028], [-0.15007388591766357, 0.13578790426254272, 0.20603983104228973], [0.7074971795082092, -0.3091602623462677, -0.014139882288873196], [-0.5004819631576538, -0.029006008058786392, 0.11473093926906586], [0.5829497575759888, -0.18309715390205383, 0.1567177027463913]], "trans": [-0.39299994707107544, 0.2903996706008911, 3.657011032104492], "focal": [1177.7945556640625, 1177.7945556640625], "princpt": [680.0, 384.0], "img_size_wh": [1360, 768], "pad_ratio": 0.0}