{"betas": [0.8198909163475037, -0.713421106338501, 0.022439390420913696, 0.08463575690984726, 0.2139444351196289, 0.18491213023662567, 0.21925188601016998, -0.1435665637254715, -0.3178516924381256, -0.3038478493690491], "root_pose": [3.1913375854492188, -0.3257465660572052, 0.5792347192764282], "body_pose": [[-0.9638511538505554, 0.012111453339457512, 0.9896544218063354], [0.13707192242145538, -0.44912323355674744, -0.2089003175497055], [0.7341140508651733, 0.0019613367039710283, -0.11074788123369217], [0.2394193559885025, 0.10751978307962418, 0.11882654577493668], [1.2602192163467407, 0.2182117998600006, 0.7374122142791748], [0.029235312715172768, -0.09465300291776657, -0.16498474776744843], [0.6483616828918457, 0.2582237124443054, -0.35528242588043213], [-0.06903981417417526, 0.22586506605148315, 0.21981927752494812], [-0.018028592690825462, -0.06611629575490952, -0.18236511945724487], [-0.0024640855845063925, 0.003756873542442918, 0.015258928760886192], [-0.02223973721265793, 0.01875653676688671, 0.0007593837799504399], [0.21115738153457642, 0.30257081985473633, -0.18695226311683655], [-0.2538895606994629, -0.36508190631866455, 0.40158143639564514], [-0.25872698426246643, 0.16762593388557434, -0.5984063148498535], [-0.2899722456932068, 0.4355024993419647, -0.11085506528615952], [-0.30802595615386963, -0.1931608021259308, 0.18860863149166107], [-0.09187398850917816, 0.055433597415685654, -0.3320430517196655], [-0.13787437975406647, -0.2962043285369873, 0.062117163091897964], [-0.2708536684513092, 2.042987585067749, -0.37785154581069946], [0.2266579419374466, 0.4701289236545563, 0.5603601932525635], [-0.7277674674987793, 0.2150096595287323, -0.12939105927944183]], "jaw_pose": [0.03588798642158508, -0.002651661168783903, 0.01091543398797512], "leye_pose": [0.0, 0.0, 0.0], "reye_pose": [0.0, 0.0, 0.0], "lhand_pose": [[0.06541721522808075, 0.22958393394947052, -0.16056102514266968], [0.11773145943880081, 0.0010445030638948083, 0.013215266168117523], [-0.0955105721950531, -0.08033636957406998, -0.006569599732756615], [-0.013216457329690456, 0.20161016285419464, -0.1335427612066269], [-0.07383032143115997, 0.05677478387951851, 0.0022539133206009865], [0.0021664886735379696, -0.10998564213514328, -0.06889474391937256], [-0.035085808485746384, -0.2909959554672241, -0.005038915667682886], [-0.02908092737197876, 0.0426994264125824, -0.13534508645534515], [-0.11454644054174423, -0.019931146875023842, 0.06412176042795181], [0.10777506232261658, -0.005853094160556793, -0.13163518905639648], [-0.1406583935022354, 0.05003705248236656, -0.02258584462106228], [-0.13508087396621704, -0.1427696794271469, -0.058472245931625366], [0.6219390034675598, 0.29380354285240173, 0.0320020392537117], [-0.4833252727985382, 0.05745064467191696, -0.05674399808049202], [0.559179425239563, 0.09149260818958282, -0.21536961197853088]], "rhand_pose": [[0.06379608064889908, -0.24577564001083374, 0.5097813606262207], [0.18421682715415955, 0.008046668954193592, 0.44720789790153503], [-0.11369156837463379, 0.15959317982196808, 0.13422727584838867], [-0.13416066765785217, -0.11307951807975769, 0.7937384843826294], [-0.09449932724237442, -0.06533685326576233, 0.3098607659339905], [0.013880958780646324, 0.13900120556354523, 0.2604777216911316], [-0.44709688425064087, 0.4450679123401642, 0.6042452454566956], [-0.1354714184999466, 0.04916123300790787, 0.24959687888622284], [-0.2271149605512619, 0.11496517807245255, 0.10723251104354858], [-0.09131532162427902, 0.16267943382263184, 0.7406335473060608], [-0.2557804584503174, 0.02525305189192295, 0.276923269033432], [-0.17674194276332855, 0.15590611100196838, 0.30571889877319336], [0.7517743110656738, -0.3525204062461853, 0.03282133489847183], [-0.44949236512184143, -0.021458415314555168, 0.11580794304609299], [0.6269249320030212, -0.2778484523296356, 0.3873478174209595]], "trans": [-0.54100501537323, -0.0003463625907897949, 3.873748540878296], "focal": [1177.7945556640625, 1177.7945556640625], "princpt": [680.0, 384.0], "img_size_wh": [1360, 768], "pad_ratio": 0.0}