{"betas": [0.8198684453964233, -0.7133409380912781, 0.022428343072533607, 0.08467135578393936, 0.21386075019836426, 0.18483568727970123, 0.21926039457321167, -0.1435275375843048, -0.3178406357765198, -0.3039079010486603], "root_pose": [3.1712536811828613, -0.3055802583694458, 0.6004884243011475], "body_pose": [[-1.0385061502456665, 0.01795727200806141, 1.0448987483978271], [0.1794203221797943, -0.45539093017578125, -0.19982799887657166], [0.7495558857917786, -0.004445974715054035, -0.11809706687927246], [0.2293967753648758, 0.12834760546684265, 0.1326736956834793], [1.0769498348236084, 0.2189541906118393, 0.7267497181892395], [0.03914392367005348, -0.10576829314231873, -0.16042032837867737], [0.6778618693351746, 0.26862019300460815, -0.36632853746414185], [-0.042564939707517624, 0.22212935984134674, 0.22745083272457123], [-0.025916794314980507, -0.08153349906206131, -0.17819282412528992], [-0.0011905868304893374, 0.0044251843355596066, 0.0155496122315526], [-0.023952197283506393, 0.017056507989764214, 0.0019265658920630813], [0.1948573738336563, 0.30753302574157715, -0.1869484931230545], [-0.24639688432216644, -0.3941209316253662, 0.43128347396850586], [-0.2503809332847595, 0.1707625389099121, -0.6040778160095215], [-0.3112074136734009, 0.42954105138778687, -0.10280688852071762], [-0.3308699131011963, -0.2208966314792633, 0.22568067908287048], [-0.0950237587094307, 0.04739097133278847, -0.3221045732498169], [-0.13318806886672974, -0.27445465326309204, 0.05308599770069122], [-0.2848021388053894, 2.0427680015563965, -0.38476458191871643], [0.27874985337257385, 0.47481393814086914, 0.5473970770835876], [-0.7436044216156006, 0.20385761559009552, -0.1120641827583313]], "jaw_pose": [0.032088857144117355, -0.0011574222007766366, 0.013828868977725506], "leye_pose": [0.0, 0.0, 0.0], "reye_pose": [0.0, 0.0, 0.0], "lhand_pose": [[0.07352826744318008, 0.2170676440000534, -0.14837543666362762], [0.10074128210544586, -0.008489192463457584, 9.529867384117097e-05], [-0.08676997572183609, -0.07256264239549637, -0.010262474417686462], [-0.012380708009004593, 0.191799134016037, -0.1189161092042923], [-0.07242166250944138, 0.05680440366268158, -0.0209259781986475], [0.0004221948911435902, -0.1121530532836914, -0.06477531045675278], [-0.05869647487998009, -0.27395766973495483, -0.014077942818403244], [0.008739910088479519, 0.05170421302318573, -0.13024282455444336], [-0.13163286447525024, -0.013212884776294231, 0.07551814615726471], [0.08983404189348221, -0.004065231420099735, -0.12773993611335754], [-0.13422489166259766, 0.057355836033821106, -0.03385379537940025], [-0.13552159070968628, -0.14374575018882751, -0.054624076932668686], [0.6403399109840393, 0.3022346794605255, 0.022930646315217018], [-0.5134238004684448, 0.04661140218377113, -0.04325731471180916], [0.561210036277771, 0.06940727680921555, -0.20391036570072174]], "rhand_pose": [[0.06791768968105316, -0.23388506472110748, 0.5005081295967102], [0.17427028715610504, 0.011721464805305004, 0.4444439113140106], [-0.10696019232273102, 0.15160147845745087, 0.12997491657733917], [-0.1311744600534439, -0.1030363142490387, 0.779397189617157], [-0.09028498083353043, -0.06692059338092804, 0.3118327260017395], [0.013060927391052246, 0.14122916758060455, 0.24412597715854645], [-0.4673536419868469, 0.4187425374984741, 0.6095533967018127], [-0.0993025079369545, 0.03810412809252739, 0.2311137616634369], [-0.2321244329214096, 0.10190881043672562, 0.08732874691486359], [-0.10777268558740616, 0.14851775765419006, 0.7195899486541748], [-0.24801692366600037, 0.018964076414704323, 0.269178569316864], [-0.17895594239234924, 0.1598890721797943, 0.29241684079170227], [0.762406051158905, -0.3468877375125885, 0.03894377127289772], [-0.4703778028488159, -0.011438625864684582, 0.10898763686418533], [0.6340874433517456, -0.25445589423179626, 0.3695325255393982]], "trans": [-0.5431987643241882, 0.0011942386627197266, 3.8775882720947266], "focal": [1177.7945556640625, 1177.7945556640625], "princpt": [680.0, 384.0], "img_size_wh": [1360, 768], "pad_ratio": 0.0}