{"betas": [0.81993168592453, -0.713390052318573, 0.02228657342493534, 0.08464518934488297, 0.21402564644813538, 0.18496714532375336, 0.21928590536117554, -0.14352430403232574, -0.3178796172142029, -0.30374133586883545], "root_pose": [3.2335917949676514, -0.36623528599739075, 0.541058361530304], "body_pose": [[-0.8064798712730408, 0.01269481424242258, 0.8692600727081299], [0.09157458692789078, -0.43141213059425354, -0.20522703230381012], [0.6615769267082214, 0.016825689002871513, -0.10591050237417221], [0.25956428050994873, 0.06410232931375504, 0.08439101278781891], [1.4849919080734253, 0.22123190760612488, 0.6612933874130249], [0.016637274995446205, -0.0680714100599289, -0.16649192571640015], [0.5775465369224548, 0.2265990674495697, -0.32385167479515076], [-0.11495406925678253, 0.21769163012504578, 0.2060926854610443], [-0.0030928519554436207, -0.033663492649793625, -0.17759199440479279], [-0.00728007173165679, 0.002238615183159709, 0.015445228666067123], [-0.02046213112771511, 0.020590197294950485, 0.0008917556842789054], [0.25932854413986206, 0.3080081343650818, -0.18828317523002625], [-0.2455293834209442, -0.30259546637535095, 0.34051886200904846], [-0.2669887840747833, 0.16197378933429718, -0.5747846364974976], [-0.2542513310909271, 0.485539048910141, -0.1252962350845337], [-0.2503957450389862, -0.1264803558588028, 0.11771950870752335], [-0.10213428735733032, 0.09134073555469513, -0.3593827188014984], [-0.12426278740167618, -0.3004152774810791, 0.05083523318171501], [-0.23002609610557556, 2.0550436973571777, -0.3649403750896454], [0.17621880769729614, 0.3662770092487335, 0.5581130981445312], [-0.6879367232322693, 0.24592606723308563, -0.1647663116455078]], "jaw_pose": [0.041546303778886795, -0.0042853583581745625, 0.0010739989811554551], "leye_pose": [0.0, 0.0, 0.0], "reye_pose": [0.0, 0.0, 0.0], "lhand_pose": [[0.05134930834174156, 0.24142730236053467, -0.18446068465709686], [0.1406818926334381, 0.011862818151712418, 0.0016877646557986736], [-0.10395587980747223, -0.08924630284309387, -0.020658181980252266], [-0.023388134315609932, 0.1970929652452469, -0.18334589898586273], [-0.07457888871431351, 0.059819143265485764, 0.008246710523962975], [0.0020693964324891567, -0.10892079025506973, -0.08870761841535568], [-0.022686921060085297, -0.3039330542087555, -0.022676823660731316], [-0.09176454693078995, 0.027400726452469826, -0.1496550738811493], [-0.11317100375890732, -0.029780268669128418, 0.04744634032249451], [0.128439798951149, -0.013592355884611607, -0.1623036414384842], [-0.1621111035346985, 0.025533443316817284, -0.023765578866004944], [-0.14294058084487915, -0.1420704424381256, -0.08110447973012924], [0.588695764541626, 0.2638975977897644, 0.058532923460006714], [-0.45931506156921387, 0.05885414779186249, -0.07449451088905334], [0.5501061081886292, 0.11235208064317703, -0.21664634346961975]], "rhand_pose": [[0.05405883491039276, -0.25998497009277344, 0.5420809388160706], [0.198008731007576, 0.0027639148756861687, 0.44478777050971985], [-0.12051898241043091, 0.1686953604221344, 0.12912167608737946], [-0.13906022906303406, -0.11814513802528381, 0.7970207333564758], [-0.09676828980445862, -0.0626593679189682, 0.28956514596939087], [0.012855879962444305, 0.13720953464508057, 0.268200546503067], [-0.38474562764167786, 0.4818868637084961, 0.551453709602356], [-0.16527581214904785, 0.05374519154429436, 0.26052674651145935], [-0.2328183799982071, 0.1295948326587677, 0.11035328358411789], [-0.05245636776089668, 0.17697638273239136, 0.729702353477478], [-0.2663894593715668, 0.03872426599264145, 0.2627946734428406], [-0.1743459701538086, 0.14365047216415405, 0.3103765547275543], [0.7366117238998413, -0.3574052155017853, 0.01747351512312889], [-0.4415290653705597, -0.032517869025468826, 0.11429187655448914], [0.6199719309806824, -0.29432886838912964, 0.41289958357810974]], "trans": [-0.5318143963813782, 0.011684775352478027, 3.8563973903656006], "focal": [1177.7945556640625, 1177.7945556640625], "princpt": [680.0, 384.0], "img_size_wh": [1360, 768], "pad_ratio": 0.0}