{"betas": [0.8198144435882568, -0.7133259177207947, 0.022495636716485023, 0.08458032459020615, 0.21385635435581207, 0.18483179807662964, 0.21926122903823853, -0.14356623589992523, -0.3177756667137146, -0.30398663878440857], "root_pose": [3.1511709690093994, -0.2921622097492218, 0.6226817965507507], "body_pose": [[-1.1107949018478394, 0.024519706144928932, 1.0930134057998657], [0.22607986629009247, -0.46599993109703064, -0.19422967731952667], [0.7572717666625977, -0.0058668809942901134, -0.12935896217823029], [0.22071108222007751, 0.1487480103969574, 0.14215581119060516], [0.8964501023292542, 0.20799462497234344, 0.6837825775146484], [0.051401712000370026, -0.11140510439872742, -0.15778379142284393], [0.706123948097229, 0.27680355310440063, -0.37656834721565247], [-0.008680025115609169, 0.20925354957580566, 0.23522669076919556], [-0.03253679722547531, -0.09156274795532227, -0.1740236133337021], [-0.0008214179542846978, 0.004568122792989016, 0.014537208713591099], [-0.026079384610056877, 0.016386421397328377, 0.002003934932872653], [0.1779562085866928, 0.3126014471054077, -0.18128438293933868], [-0.23389124870300293, -0.4193674325942993, 0.46051451563835144], [-0.24256746470928192, 0.17464974522590637, -0.6059189438819885], [-0.33502569794654846, 0.42947956919670105, -0.0851706936955452], [-0.3408682346343994, -0.24171189963817596, 0.25982892513275146], [-0.09602875262498856, 0.039905328303575516, -0.3117620050907135], [-0.11815345287322998, -0.25155189633369446, 0.04031045362353325], [-0.2952837347984314, 2.044807195663452, -0.39214903116226196], [0.345126211643219, 0.4548538029193878, 0.527751624584198], [-0.7488704323768616, 0.20138873159885406, -0.09628499299287796]], "jaw_pose": [0.028119225054979324, 0.000374479015590623, 0.01569964550435543], "leye_pose": [0.0, 0.0, 0.0], "reye_pose": [0.0, 0.0, 0.0], "lhand_pose": [[0.081131212413311, 0.19377899169921875, -0.13613361120224], [0.08175910264253616, -0.017214437946677208, -0.013280009850859642], [-0.07739417254924774, -0.06479140371084213, -0.024038705974817276], [-0.010445821098983288, 0.17349456250667572, -0.1052141860127449], [-0.06788431853055954, 0.05716164782643318, -0.04704970493912697], [-0.0017173123778775334, -0.1165313795208931, -0.06494603306055069], [-0.07733722031116486, -0.2367645651102066, -0.03998488932847977], [0.04877085983753204, 0.05918746814131737, -0.1261831521987915], [-0.15109442174434662, -0.004402233753353357, 0.09204664081335068], [0.07255835831165314, 0.004390908405184746, -0.1258508712053299], [-0.1293741911649704, 0.05862032249569893, -0.04587676003575325], [-0.13873635232448578, -0.14623820781707764, -0.05603867769241333], [0.6584502458572388, 0.28972598910331726, 0.012089177034795284], [-0.5471007823944092, 0.028560776263475418, -0.030170440673828125], [0.5608569383621216, 0.044297460466623306, -0.18657824397087097]], "rhand_pose": [[0.07055674493312836, -0.21254190802574158, 0.4876211881637573], [0.16288545727729797, 0.01328906137496233, 0.43702998757362366], [-0.10215196758508682, 0.14486707746982574, 0.12512731552124023], [-0.1297118365764618, -0.08853525668382645, 0.7519075870513916], [-0.08352623134851456, -0.06941518932580948, 0.3110257387161255], [0.013491657562553883, 0.14552883803844452, 0.22546833753585815], [-0.475012868642807, 0.3873893916606903, 0.6063753366470337], [-0.05628873035311699, 0.027693673968315125, 0.20718419551849365], [-0.23632194101810455, 0.0888548269867897, 0.05878104642033577], [-0.11860550940036774, 0.12864896655082703, 0.6851401925086975], [-0.2354172170162201, 0.013678322546184063, 0.2555893361568451], [-0.178128182888031, 0.16465038061141968, 0.2737988531589508], [0.774864673614502, -0.3449293375015259, 0.047390248626470566], [-0.49446508288383484, -9.13313269848004e-05, 0.09428393095731735], [0.6370606422424316, -0.22697843611240387, 0.36072832345962524]], "trans": [-0.5460016131401062, 0.007500827312469482, 3.878086805343628], "focal": [1177.7945556640625, 1177.7945556640625], "princpt": [680.0, 384.0], "img_size_wh": [1360, 768], "pad_ratio": 0.0}