{"betas": [0.8199344873428345, -0.7133758068084717, 0.02240103855729103, 0.08466125279664993, 0.21398085355758667, 0.18491220474243164, 0.2192678153514862, -0.14352670311927795, -0.3178526759147644, -0.30378249287605286], "root_pose": [3.2119288444519043, -0.34688061475753784, 0.5592576265335083], "body_pose": [[-0.887173593044281, 0.009674469009041786, 0.9302166104316711], [0.10725782811641693, -0.44365060329437256, -0.21371865272521973], [0.7045126557350159, 0.00965674314647913, -0.10754194110631943], [0.24964000284671783, 0.08601818978786469, 0.1022975966334343], [1.407388687133789, 0.21968261897563934, 0.7139919400215149], [0.021863801404833794, -0.08151131868362427, -0.16781267523765564], [0.6145880222320557, 0.24337515234947205, -0.34068506956100464], [-0.09249747544527054, 0.22362631559371948, 0.21259815990924835], [-0.010279853828251362, -0.0496193952858448, -0.1828034669160843], [-0.005087496247142553, 0.002888366812840104, 0.015042069368064404], [-0.020974455401301384, 0.02026907540857792, 0.0002726763777900487], [0.23133370280265808, 0.3040067255496979, -0.18190176784992218], [-0.2534186542034149, -0.3337612450122833, 0.37184658646583557], [-0.2643750011920929, 0.16436170041561127, -0.5878143310546875], [-0.2701167166233063, 0.45666736364364624, -0.11244846135377884], [-0.279386043548584, -0.1602533906698227, 0.1525321900844574], [-0.09263965487480164, 0.06812892854213715, -0.3449256718158722], [-0.13451315462589264, -0.30713263154029846, 0.06213736906647682], [-0.25189584493637085, 2.0474894046783447, -0.3715379536151886], [0.19602328538894653, 0.42888951301574707, 0.5632054209709167], [-0.7083433270454407, 0.22948627173900604, -0.14714230597019196]], "jaw_pose": [0.039347536861896515, -0.0036722368095070124, 0.006708371452987194], "leye_pose": [0.0, 0.0, 0.0], "reye_pose": [0.0, 0.0, 0.0], "lhand_pose": [[0.05832001939415932, 0.23314258456230164, -0.17106622457504272], [0.13139204680919647, 0.008150250650942326, 0.012827347032725811], [-0.10072126984596252, -0.08518581837415695, -0.01406564936041832], [-0.015207205899059772, 0.1999744325876236, -0.1537223607301712], [-0.07376142591238022, 0.058304086327552795, 0.0096248434856534], [0.0023294524289667606, -0.1097412034869194, -0.0785253494977951], [-0.019855627790093422, -0.29160064458847046, -0.012410040944814682], [-0.06292574852705002, 0.03288070112466812, -0.14308758080005646], [-0.1109020933508873, -0.024546239525079727, 0.05551469326019287], [0.12146607786417007, -0.005382754374295473, -0.14261645078659058], [-0.15042635798454285, 0.036879558116197586, -0.020909320563077927], [-0.13797952234745026, -0.14238400757312775, -0.06961455941200256], [0.6044253706932068, 0.2738167941570282, 0.04228930175304413], [-0.46595826745033264, 0.05974746495485306, -0.06718572974205017], [0.5552346110343933, 0.10491310805082321, -0.21864287555217743]], "rhand_pose": [[0.05925282463431358, -0.2515687942504883, 0.5260410904884338], [0.19258052110671997, 0.00432319100946188, 0.4493124783039093], [-0.11877641826868057, 0.16596274077892303, 0.13472767174243927], [-0.13726674020290375, -0.11652695387601852, 0.7986723780632019], [-0.09662036597728729, -0.06342536211013794, 0.3045072853565216], [0.013924532569944859, 0.13853685557842255, 0.2696455121040344], [-0.4138246774673462, 0.46610328555107117, 0.5816799998283386], [-0.15986953675746918, 0.056284766644239426, 0.2602481245994568], [-0.22836369276046753, 0.1255592554807663, 0.11562097072601318], [-0.07057008892297745, 0.17152029275894165, 0.7421121597290039], [-0.2627435624599457, 0.03389936685562134, 0.2767724096775055], [-0.1746673882007599, 0.1507524996995926, 0.31289148330688477], [0.7442337274551392, -0.3566437363624573, 0.02694551832973957], [-0.4401622712612152, -0.028559841215610504, 0.11598923057317734], [0.6215798854827881, -0.2906164824962616, 0.40768444538116455]], "trans": [-0.5373311042785645, 0.0038833916187286377, 3.866694211959839], "focal": [1177.7945556640625, 1177.7945556640625], "princpt": [680.0, 384.0], "img_size_wh": [1360, 768], "pad_ratio": 0.0}