{"betas": [0.8198117613792419, -0.7133386135101318, 0.02250676043331623, 0.084524966776371, 0.21382665634155273, 0.18484385311603546, 0.21925872564315796, -0.14357726275920868, -0.3177488148212433, -0.30403056740760803], "root_pose": [3.1291768550872803, -0.2912557125091553, 0.6429924964904785], "body_pose": [[-1.1758060455322266, 0.029114801436662674, 1.1294089555740356], [0.262017160654068, -0.473736971616745, -0.19063757359981537], [0.7612400650978088, -0.0026896479539573193, -0.14188382029533386], [0.21466924250125885, 0.1689251810312271, 0.14651818573474884], [0.7350662350654602, 0.17997623980045319, 0.6146920323371887], [0.062152616679668427, -0.11251164227724075, -0.1603759229183197], [0.7305713295936584, 0.283257395029068, -0.3849332928657532], [0.03767837956547737, 0.18762072920799255, 0.24322180449962616], [-0.03704528138041496, -0.09482118487358093, -0.17384456098079681], [0.0007835524738766253, 0.004376394674181938, 0.013758677057921886], [-0.028115293011069298, 0.0163115207105875, 0.0013980554649606347], [0.1706574559211731, 0.309037446975708, -0.1793682873249054], [-0.22298932075500488, -0.43793368339538574, 0.4856419265270233], [-0.23586596548557281, 0.1798187643289566, -0.6056976914405823], [-0.36646023392677307, 0.4173848032951355, -0.07327182590961456], [-0.34156376123428345, -0.25430575013160706, 0.28386515378952026], [-0.09392950683832169, 0.03384016826748848, -0.29973599314689636], [-0.0934281051158905, -0.2309238761663437, 0.029998991638422012], [-0.3026980459690094, 2.047494888305664, -0.39944395422935486], [0.40275025367736816, 0.42758414149284363, 0.5058199763298035], [-0.7364703416824341, 0.21320489048957825, -0.08113525807857513]], "jaw_pose": [0.025188611820340157, 0.0010587441502138972, 0.01805848442018032], "leye_pose": [0.0, 0.0, 0.0], "reye_pose": [0.0, 0.0, 0.0], "lhand_pose": [[0.08280374854803085, 0.17048034071922302, -0.12774139642715454], [0.06587296724319458, -0.023902975022792816, -0.013774130493402481], [-0.07199321687221527, -0.060441773384809494, -0.03392113000154495], [-0.009594974108040333, 0.15652891993522644, -0.09117226302623749], [-0.06326427310705185, 0.05480226129293442, -0.054103657603263855], [-0.0013177342480048537, -0.1173441931605339, -0.06353551894426346], [-0.07404636591672897, -0.19871670007705688, -0.05298488587141037], [0.06479071080684662, 0.06497826427221298, -0.11890582740306854], [-0.14800883829593658, 0.0013733594678342342, 0.10236066579818726], [0.06581997126340866, 0.009783982299268246, -0.11517806351184845], [-0.12446572631597519, 0.06151047721505165, -0.04928630217909813], [-0.14106258749961853, -0.1484273374080658, -0.05434286966919899], [0.6673006415367126, 0.26881715655326843, 0.000954548129811883], [-0.5595986247062683, 0.01458252128213644, -0.021108780056238174], [0.5525798797607422, 0.025841528549790382, -0.17978446185588837]], "rhand_pose": [[0.06969578564167023, -0.19309324026107788, 0.4771476984024048], [0.15558739006519318, 0.014390191994607449, 0.42927300930023193], [-0.10295198112726212, 0.14201556146144867, 0.1187659427523613], [-0.1315634548664093, -0.07811637967824936, 0.7294209003448486], [-0.07853025943040848, -0.07248789817094803, 0.3121439516544342], [0.015906373038887978, 0.15057072043418884, 0.20996148884296417], [-0.4786531329154968, 0.3678983747959137, 0.6067809462547302], [-0.02616630122065544, 0.021821018308401108, 0.18899962306022644], [-0.23248492181301117, 0.07865123450756073, 0.03681547939777374], [-0.12596845626831055, 0.11715327203273773, 0.6627770662307739], [-0.22058042883872986, 0.007312760688364506, 0.24754588305950165], [-0.17482918500900269, 0.16872400045394897, 0.2565734088420868], [0.7843999266624451, -0.3453039228916168, 0.057137273252010345], [-0.5068498253822327, 0.008725689724087715, 0.08108899742364883], [0.6342095136642456, -0.20647530257701874, 0.36392053961753845]], "trans": [-0.549508273601532, 0.01659563183784485, 3.8745903968811035], "focal": [1177.7945556640625, 1177.7945556640625], "princpt": [680.0, 384.0], "img_size_wh": [1360, 768], "pad_ratio": 0.0}