{"betas": [0.8198602199554443, -0.713431179523468, 0.022153420373797417, 0.08441323041915894, 0.21398790180683136, 0.18506747484207153, 0.21939268708229065, -0.14348486065864563, -0.31783658266067505, -0.303740531206131], "root_pose": [3.304696798324585, -0.3919186592102051, 0.5135498642921448], "body_pose": [[-0.5167766809463501, 0.04998057335615158, 0.6961901187896729], [0.058792851865291595, -0.34393587708473206, -0.137121319770813], [0.49318400025367737, 0.02581181563436985, -0.08713620901107788], [0.2831329107284546, -0.014211097732186317, 0.04172175005078316], [1.3183329105377197, 0.17565494775772095, 0.4493601322174072], [0.00280950334854424, -0.03779299557209015, -0.13505171239376068], [0.5094233155250549, 0.17730101943016052, -0.2855771780014038], [-0.17602601647377014, 0.18525521457195282, 0.1917022466659546], [0.015503281727433205, 0.0018364012939855456, -0.14117984473705292], [-0.006246523465961218, 0.0008869994780980051, 0.011226092465221882], [-0.02346714213490486, 0.023017188534140587, -0.005304792430251837], [0.30469074845314026, 0.32276538014411926, -0.22141022980213165], [-0.20978501439094543, -0.2264249175786972, 0.2595384418964386], [-0.2776408791542053, 0.15875764191150665, -0.5358293652534485], [-0.24474550783634186, 0.5631408095359802, -0.13880455493927002], [-0.18260420858860016, -0.07620265334844589, 0.022204669192433357], [-0.09979813545942307, 0.16959473490715027, -0.33739152550697327], [-0.08701720833778381, -0.2514600157737732, 0.0032495956402271986], [-0.16510921716690063, 2.078165292739868, -0.3264741003513336], [0.12025134265422821, 0.2075231969356537, 0.5329659581184387], [-0.6272141337394714, 0.3022714853286743, -0.2216958999633789]], "jaw_pose": [0.04216637834906578, -0.0038577711675316095, -0.0186720322817564], "leye_pose": [0.0, 0.0, 0.0], "reye_pose": [0.0, 0.0, 0.0], "lhand_pose": [[0.057311221957206726, 0.2620754837989807, -0.24018462002277374], [0.14422142505645752, 0.00984305888414383, -0.05463724210858345], [-0.10590791702270508, -0.08657773584127426, -0.009068707004189491], [-0.0657506063580513, 0.17861242592334747, -0.2770484685897827], [-0.06844394654035568, 0.06943569332361221, -0.026792140677571297], [-0.0019840814638882875, -0.1099582239985466, -0.09074436128139496], [-0.09644968807697296, -0.35903117060661316, -0.08713098615407944], [-0.05266815423965454, 0.0380183570086956, -0.16239823400974274], [-0.16143538057804108, -0.03655828908085823, 0.07920870929956436], [0.09363435208797455, -0.04706713184714317, -0.24344898760318756], [-0.18483436107635498, 0.012628997676074505, -0.013527873903512955], [-0.15698888897895813, -0.13744723796844482, -0.09278318285942078], [0.6385295391082764, 0.3020883798599243, 0.06823371350765228], [-0.5163643956184387, 0.03662789985537529, -0.06807497888803482], [0.5488516688346863, 0.08340029418468475, -0.1616741418838501]], "rhand_pose": [[0.06330806761980057, -0.270574152469635, 0.5383045673370361], [0.186372309923172, 0.010250878520309925, 0.48383310437202454], [-0.11684925854206085, 0.15580427646636963, 0.12914589047431946], [-0.1513943076133728, -0.11592252552509308, 0.7895480990409851], [-0.08419746160507202, -0.0773579403758049, 0.334815114736557], [0.00931026041507721, 0.13627472519874573, 0.27013593912124634], [-0.45792704820632935, 0.45455989241600037, 0.6077253818511963], [-0.07874220609664917, 0.04542842134833336, 0.2725791335105896], [-0.30428263545036316, 0.10162805765867233, 0.06465014070272446], [-0.09901252388954163, 0.14983129501342773, 0.7788329720497131], [-0.26395750045776367, 0.03404849395155907, 0.24204643070697784], [-0.18105527758598328, 0.13838334381580353, 0.30638036131858826], [0.7994065880775452, -0.38412952423095703, 0.04467110335826874], [-0.4892549216747284, -0.02801482006907463, 0.08921783417463303], [0.6282984018325806, -0.28179413080215454, 0.3479069769382477]], "trans": [-0.5031298995018005, 0.05462571978569031, 3.821063280105591], "focal": [1177.7945556640625, 1177.7945556640625], "princpt": [680.0, 384.0], "img_size_wh": [1360, 768], "pad_ratio": 0.0}