{"betas": [0.8199265599250793, -0.7134764194488525, 0.022252021357417107, 0.08462519198656082, 0.21405579149723053, 0.18500399589538574, 0.2192772775888443, -0.14350667595863342, -0.31787481904029846, -0.3037196099758148], "root_pose": [3.257739782333374, -0.3814828395843506, 0.5269328951835632], "body_pose": [[-0.7172597050666809, 0.021633710712194443, 0.8098275661468506], [0.08151564002037048, -0.4095199704170227, -0.18466606736183167], [0.6106416583061218, 0.022235706448554993, -0.10305093228816986], [0.26918599009513855, 0.04114633426070213, 0.06706807017326355], [1.4882622957229614, 0.21349307894706726, 0.5947815775871277], [0.01259828545153141, -0.05526236817240715, -0.15990564227104187], [0.5412147641181946, 0.21051639318466187, -0.307638943195343], [-0.13697680830955505, 0.20909439027309418, 0.20048072934150696], [0.003861920675262809, -0.01928095519542694, -0.167601078748703], [-0.008464307524263859, 0.0016030281549319625, 0.015013388358056545], [-0.02084163948893547, 0.020819999277591705, 0.0005370068829506636], [0.286199688911438, 0.3078696131706238, -0.20282168686389923], [-0.2339729517698288, -0.2743382155895233, 0.3084372282028198], [-0.26847341656684875, 0.16096532344818115, -0.5612192153930664], [-0.25058096647262573, 0.5122662782669067, -0.14012809097766876], [-0.22437629103660583, -0.09919369965791702, 0.08435791730880737], [-0.11046663671731949, 0.12110846489667892, -0.36479270458221436], [-0.11115752905607224, -0.2830387353897095, 0.03366892784833908], [-0.2069908082485199, 2.063678503036499, -0.35565218329429626], [0.15720713138580322, 0.3036600351333618, 0.5494431257247925], [-0.6675654053688049, 0.26364219188690186, -0.1827135980129242]], "jaw_pose": [0.042626261711120605, -0.00452369125559926, -0.0056634387001395226], "leye_pose": [0.0, 0.0, 0.0], "reye_pose": [0.0, 0.0, 0.0], "lhand_pose": [[0.04809635877609253, 0.2555089294910431, -0.20820534229278564], [0.14699307084083557, 0.01304600015282631, -0.018501151353120804], [-0.10714222490787506, -0.09422806650400162, -0.020404985174536705], [-0.03989635035395622, 0.19549398124217987, -0.2252061516046524], [-0.07524341344833374, 0.06236979365348816, 0.0008871667087078094], [0.0019312602235004306, -0.10961898416280746, -0.09673120826482773], [-0.04786461964249611, -0.3343636691570282, -0.04244552552700043], [-0.10003931820392609, 0.02800818905234337, -0.1568048745393753], [-0.12297262996435165, -0.03476940840482712, 0.04749755933880806], [0.12403466552495956, -0.029652178287506104, -0.19533823430538177], [-0.17381922900676727, 0.017727207392454147, -0.025091789662837982], [-0.1494017094373703, -0.14155465364456177, -0.09032892435789108], [0.5916593074798584, 0.27516964077949524, 0.07354068011045456], [-0.4673590660095215, 0.05512743815779686, -0.07791467010974884], [0.5513058304786682, 0.11296471953392029, -0.2094593048095703]], "rhand_pose": [[0.053288716822862625, -0.2701183259487152, 0.5482314229011536], [0.19921065866947174, 0.004277847241610289, 0.44496673345565796], [-0.12149543315172195, 0.1681823581457138, 0.12306103855371475], [-0.1417085975408554, -0.12118039280176163, 0.7949616312980652], [-0.0939154103398323, -0.06622499972581863, 0.28245219588279724], [0.011944484896957874, 0.13637961447238922, 0.2642868161201477], [-0.389299213886261, 0.4857250452041626, 0.550206184387207], [-0.1448967307806015, 0.0467885285615921, 0.2603507339954376], [-0.24715271592140198, 0.12409915775060654, 0.09494791179895401], [-0.052899230271577835, 0.1747865229845047, 0.7331809997558594], [-0.2668962776660919, 0.03780340030789375, 0.2452416867017746], [-0.17650465667247772, 0.13914915919303894, 0.304865300655365], [0.7443638443946838, -0.36672595143318176, 0.014391018077731133], [-0.4530901610851288, -0.03376644477248192, 0.10953737795352936], [0.6241354942321777, -0.2936318814754486, 0.40226441621780396]], "trans": [-0.5245111584663391, 0.02157878875732422, 3.8458592891693115], "focal": [1177.7945556640625, 1177.7945556640625], "princpt": [680.0, 384.0], "img_size_wh": [1360, 768], "pad_ratio": 0.0}