{"betas": [0.8199349045753479, -0.7134993672370911, 0.02220471017062664, 0.08453004062175751, 0.21405817568302155, 0.1850591003894806, 0.21933135390281677, -0.1435074657201767, -0.317836195230484, -0.30372679233551025], "root_pose": [3.283290386199951, -0.39009392261505127, 0.5188000202178955], "body_pose": [[-0.6175408959388733, 0.03509343042969704, 0.7530779838562012], [0.07109042257070541, -0.38004299998283386, -0.16014856100082397], [0.5536372661590576, 0.025023328140378, -0.09697225689888], [0.27777352929115295, 0.015381770208477974, 0.05267562344670296], [1.4266879558563232, 0.19547009468078613, 0.5245810747146606], [0.007202371954917908, -0.04437320679426193, -0.14830319583415985], [0.5146244168281555, 0.19542911648750305, -0.2941012382507324], [-0.15802110731601715, 0.19824479520320892, 0.19569244980812073], [0.010305439122021198, -0.007221204228699207, -0.15465304255485535], [-0.008344350382685661, 0.0009653433808125556, 0.013311600312590599], [-0.021992549300193787, 0.021795690059661865, -0.001997619401663542], [0.3047598898410797, 0.3085019886493683, -0.21345102787017822], [-0.22181303799152374, -0.2495347559452057, 0.27937573194503784], [-0.27134373784065247, 0.16035673022270203, -0.5479426980018616], [-0.2539682388305664, 0.5348193645477295, -0.1383693665266037], [-0.20252718031406403, -0.08394519239664078, 0.05259089544415474], [-0.1084294244647026, 0.14886946976184845, -0.35518887639045715], [-0.09859590977430344, -0.26466256380081177, 0.016940459609031677], [-0.18388409912586212, 2.0721237659454346, -0.34210705757141113], [0.13759709894657135, 0.2505190074443817, 0.5401496887207031], [-0.6474943161010742, 0.28212493658065796, -0.20150452852249146]], "jaw_pose": [0.0429573729634285, -0.0043493956327438354, -0.012730879709124565], "leye_pose": [0.0, 0.0, 0.0], "reye_pose": [0.0, 0.0, 0.0], "lhand_pose": [[0.051573608070611954, 0.261756032705307, -0.2321317046880722], [0.14787697792053223, 0.011542944237589836, -0.04390007257461548], [-0.10798349976539612, -0.09464352577924728, -0.017557594925165176], [-0.05584647133946419, 0.18725590407848358, -0.2629200220108032], [-0.073326975107193, 0.0653696358203888, -0.016581611707806587], [9.945001693267841e-06, -0.11141014844179153, -0.1000581905245781], [-0.07428552955389023, -0.3542627990245819, -0.06863605976104736], [-0.08590299636125565, 0.03182607516646385, -0.16473764181137085], [-0.14257071912288666, -0.03815003111958504, 0.05806516855955124], [0.1103619784116745, -0.041133537888526917, -0.22597883641719818], [-0.18287108838558197, 0.011974111199378967, -0.027504095807671547], [-0.1558433622121811, -0.1404828280210495, -0.09692754596471786], [0.6148843169212341, 0.29033923149108887, 0.07562978565692902], [-0.49192383885383606, 0.04657576233148575, -0.0755593553185463], [0.5554693341255188, 0.10201400518417358, -0.19130994379520416]], "rhand_pose": [[0.05879164859652519, -0.27286264300346375, 0.549435555934906], [0.19481946527957916, 0.008471058681607246, 0.46500492095947266], [-0.12098600715398788, 0.16370709240436554, 0.12477526813745499], [-0.1465831845998764, -0.12047474831342697, 0.7969139814376831], [-0.08917493373155594, -0.07193406671285629, 0.305656760931015], [0.010576575063169003, 0.13728126883506775, 0.26766911149024963], [-0.4231671690940857, 0.4745219051837921, 0.5809227228164673], [-0.11212170124053955, 0.04452436417341232, 0.2690390348434448], [-0.2757682502269745, 0.11276579648256302, 0.07923335582017899], [-0.07364106923341751, 0.16422994434833527, 0.7595313787460327], [-0.26732778549194336, 0.03637420013546944, 0.2430206537246704], [-0.1802053600549698, 0.13898389041423798, 0.30686554312705994], [0.7734507918357849, -0.3787037134170532, 0.02716519869863987], [-0.473301500082016, -0.03205673024058342, 0.09960199147462845], [0.6301435828208923, -0.28874021768569946, 0.3805607855319977]], "trans": [-0.5147757530212402, 0.03522038459777832, 3.835458278656006], "focal": [1177.7945556640625, 1177.7945556640625], "princpt": [680.0, 384.0], "img_size_wh": [1360, 768], "pad_ratio": 0.0}