{"betas": [0.8198861479759216, -0.7134228348731995, 0.022113211452960968, 0.08423957973718643, 0.21405237913131714, 0.1850927770137787, 0.21941818296909332, -0.1435403823852539, -0.31783464550971985, -0.3037605285644531], "root_pose": [3.3196475505828857, -0.3896786570549011, 0.5073688626289368], "body_pose": [[-0.4263668954372406, 0.061886295676231384, 0.6357184052467346], [0.04268503934144974, -0.30055952072143555, -0.11770360171794891], [0.43416932225227356, 0.026658400893211365, -0.0740768238902092], [0.2856844663619995, -0.046230118721723557, 0.031834688037633896], [1.1854169368743896, 0.15781228244304657, 0.37031033635139465], [0.004801001399755478, -0.03537658229470253, -0.12368264049291611], [0.5198350548744202, 0.1507759541273117, -0.28166601061820984], [-0.18791817128658295, 0.17123962938785553, 0.18771439790725708], [0.019389813765883446, 0.007666460704058409, -0.12892228364944458], [-0.0030018107499927282, 0.0012558038579300046, 0.01017740461975336], [-0.025266168639063835, 0.024294095113873482, -0.008020704612135887], [0.28180205821990967, 0.3405148684978485, -0.22514061629772186], [-0.19727960228919983, -0.2038394957780838, 0.25199946761131287], [-0.2857294976711273, 0.15582329034805298, -0.5242902636528015], [-0.22150477766990662, 0.5861999988555908, -0.14970965683460236], [-0.1617160588502884, -0.07009363174438477, -0.00727734062820673], [-0.089548259973526, 0.18184953927993774, -0.3180646300315857], [-0.07535238564014435, -0.24819117784500122, -0.009506446309387684], [-0.1514759510755539, 2.081268787384033, -0.31289419531822205], [0.10836988687515259, 0.17338575422763824, 0.5296980142593384], [-0.6047396063804626, 0.3279838263988495, -0.24564047157764435]], "jaw_pose": [0.0391598716378212, -0.0029116286896169186, -0.024265769869089127], "leye_pose": [0.0, 0.0, 0.0], "reye_pose": [0.0, 0.0, 0.0], "lhand_pose": [[0.05806098133325577, 0.26157015562057495, -0.2339383214712143], [0.13962878286838531, 0.006877105683088303, -0.050145410001277924], [-0.10230544954538345, -0.07895701378583908, -0.0008460992248728871], [-0.07123055309057236, 0.17842330038547516, -0.26878899335861206], [-0.06536323577165604, 0.07316802442073822, -0.026257378980517387], [-0.00209536449983716, -0.10466418415307999, -0.07798562943935394], [-0.11518233269453049, -0.3640540540218353, -0.09320226311683655], [-0.025868337601423264, 0.04114881157875061, -0.15412679314613342], [-0.16457024216651917, -0.03186208754777908, 0.09428492188453674], [0.07872606813907623, -0.05268717557191849, -0.24766412377357483], [-0.1821203976869583, 0.021825816482305527, 0.005327502265572548], [-0.15341301262378693, -0.1348751038312912, -0.08404780924320221], [0.6498932242393494, 0.31558898091316223, 0.05817326903343201], [-0.5174489617347717, 0.031057458370923996, -0.06174378842115402], [0.5388488173484802, 0.07249599695205688, -0.14150384068489075]], "rhand_pose": [[0.061099980026483536, -0.2704453766345978, 0.5114752650260925], [0.17839235067367554, 0.011352179571986198, 0.4829712510108948], [-0.11370839923620224, 0.149871826171875, 0.1292239874601364], [-0.15485186874866486, -0.1152462512254715, 0.7642785310745239], [-0.0835719034075737, -0.08173183351755142, 0.3483814597129822], [0.008975856937468052, 0.1328475922346115, 0.26637157797813416], [-0.4744134843349457, 0.43891435861587524, 0.6134166121482849], [-0.05418109893798828, 0.04711621627211571, 0.26541823148727417], [-0.31471967697143555, 0.0940975695848465, 0.05627773702144623], [-0.11509312689304352, 0.14023861289024353, 0.7740551233291626], [-0.25527632236480713, 0.026928504928946495, 0.23510253429412842], [-0.17805157601833344, 0.13671384751796722, 0.29876700043678284], [0.8045234084129333, -0.3830943703651428, 0.05558377504348755], [-0.48683828115463257, -0.025392571464180946, 0.08716794103384018], [0.6215339303016663, -0.2753666639328003, 0.3211444318294525]], "trans": [-0.49054235219955444, 0.07826173305511475, 3.8030354976654053], "focal": [1177.7945556640625, 1177.7945556640625], "princpt": [680.0, 384.0], "img_size_wh": [1360, 768], "pad_ratio": 0.0}