{"betas": [0.8197439908981323, -0.7137404084205627, 0.022362949326634407, 0.08442693203687668, 0.21391671895980835, 0.18497449159622192, 0.21941541135311127, -0.1435445249080658, -0.317656934261322, -0.30382856726646423], "root_pose": [2.891442060470581, -0.4525057077407837, 0.8476710319519043], "body_pose": [[3.2654714584350586, 0.2366681545972824, -2.909700870513916], [0.07175356149673462, -0.40045154094696045, -0.2787681519985199], [0.6153782606124878, 0.04273420199751854, -0.23258109390735626], [0.31037700176239014, 0.16953149437904358, 0.08446384966373444], [0.1453627496957779, -0.08355621993541718, 0.056451670825481415], [-0.012628626078367233, -0.03979191184043884, -0.24429163336753845], [0.6952676773071289, 0.2217748761177063, -0.3082822561264038], [0.31449174880981445, -0.3287947475910187, 0.3216187357902527], [-0.05810504034161568, -0.0564437210559845, -0.243302121758461], [0.01456458680331707, -0.001079058856703341, 0.0018568080849945545], [-0.033526550978422165, 0.01095611322671175, -0.03127564117312431], [0.1528160125017166, 0.2911524176597595, -0.10232426971197128], [-0.24032023549079895, -0.3788246810436249, 0.5466476082801819], [-0.2060571163892746, 0.20122216641902924, -0.501004159450531], [-0.3362507224082947, 0.4349755048751831, -0.11932263523340225], [-0.3453851044178009, -0.21271033585071564, 0.2888292372226715], [-0.09239809960126877, 0.07530125230550766, -0.28992876410484314], [0.046869341284036636, -0.15978291630744934, 0.0527118444442749], [-0.1984812617301941, 2.0555899143218994, -0.43525633215904236], [0.5152822732925415, 0.13607211410999298, 0.32813867926597595], [-0.19687549769878387, 0.5258241295814514, -0.04095452278852463]], "jaw_pose": [0.02280498668551445, 0.004270715638995171, 0.011340311728417873], "leye_pose": [0.0, 0.0, 0.0], "reye_pose": [0.0, 0.0, 0.0], "lhand_pose": [[0.08334020525217056, 0.1771971583366394, -0.25944575667381287], [0.06823959946632385, -0.05208556354045868, -0.1321335881948471], [-0.04712983965873718, -0.06477897614240646, -0.05088043957948685], [-0.04549817740917206, 0.12969954311847687, -0.26430225372314453], [-0.04551377892494202, 0.03690700978040695, -0.11367794871330261], [0.007290123961865902, -0.13328060507774353, -0.09971874207258224], [-0.16406531631946564, -0.3133888840675354, -0.13843224942684174], [0.11241181939840317, 0.11030746251344681, -0.08711549639701843], [-0.13358941674232483, 0.019582998007535934, 0.10353323072195053], [0.0010993301402777433, -0.06977079063653946, -0.20582394301891327], [-0.13208580017089844, 0.06214892491698265, -0.10290205478668213], [-0.14688333868980408, -0.1406434029340744, -0.07439030706882477], [0.7014804482460022, 0.2681562006473541, -0.022919977083802223], [-0.5521020293235779, -0.022762948647141457, -0.008764290250837803], [0.5347034931182861, 0.002689388580620289, -0.15756647288799286]], "rhand_pose": [[0.05110733583569527, -0.19883905351161957, 0.4831577241420746], [0.1535394787788391, 0.0361587293446064, 0.4780231714248657], [-0.10092957317829132, 0.14152292907238007, 0.0933101549744606], [-0.16192024946212769, -0.04985230043530464, 0.7401490807533264], [-0.07198787480592728, -0.07728052139282227, 0.3535550534725189], [0.02173301763832569, 0.15687116980552673, 0.17981867492198944], [-0.5408133864402771, 0.4447244703769684, 0.5303601026535034], [-0.02813984639942646, -0.0004168486048001796, 0.17060598731040955], [-0.1768394261598587, 0.05739736557006836, 0.04353293031454086], [-0.14640218019485474, 0.1608978807926178, 0.6097456216812134], [-0.20540522038936615, 0.014752374030649662, 0.30134522914886475], [-0.16180609166622162, 0.18109425902366638, 0.20970550179481506], [0.789336621761322, -0.39049845933914185, 0.07873830199241638], [-0.5278019905090332, 0.05182833969593048, 0.037765249609947205], [0.6209027171134949, -0.1620127558708191, 0.30026692152023315]], "trans": [-0.5318738222122192, 0.256164014339447, 3.7016947269439697], "focal": [1177.7945556640625, 1177.7945556640625], "princpt": [680.0, 384.0], "img_size_wh": [1360, 768], "pad_ratio": 0.0}