{"betas": [0.8197588920593262, -0.713782012462616, 0.022315090522170067, 0.08449774980545044, 0.2139866203069687, 0.18495392799377441, 0.2194165587425232, -0.14351120591163635, -0.31767430901527405, -0.30377721786499023], "root_pose": [2.883976459503174, -0.4713800847530365, 0.8614876866340637], "body_pose": [[3.2335751056671143, 0.27838197350502014, -2.9434471130371094], [0.0493403822183609, -0.3878234028816223, -0.28784650564193726], [0.5922414064407349, 0.03721422329545021, -0.23840127885341644], [0.3274029493331909, 0.14656369388103485, 0.07512027770280838], [0.1599491834640503, -0.054612502455711365, 0.03291987627744675], [-0.016735583543777466, -0.040575023740530014, -0.24278409779071808], [0.658502995967865, 0.21272414922714233, -0.29898226261138916], [0.2603641748428345, -0.3489835560321808, 0.3104481101036072], [-0.05639540031552315, -0.06061550974845886, -0.23923665285110474], [0.014020138420164585, -0.0012785576982423663, -0.0017987866885960102], [-0.03751739114522934, 0.010816703550517559, -0.03595995157957077], [0.14527572691440582, 0.27681589126586914, -0.09042591601610184], [-0.23974603414535522, -0.36574095487594604, 0.5430142879486084], [-0.20631515979766846, 0.19021722674369812, -0.4968704283237457], [-0.34968915581703186, 0.4134206175804138, -0.10812587291002274], [-0.33857014775276184, -0.20142053067684174, 0.2917572855949402], [-0.08101055026054382, 0.06699665635824203, -0.3074275851249695], [0.04643368348479271, -0.15497611463069916, 0.0495358444750309], [-0.17135260999202728, 2.0536811351776123, -0.4203006625175476], [0.5470343232154846, 0.1161046028137207, 0.3501932621002197], [-0.17076736688613892, 0.5594544410705566, -0.13745489716529846]], "jaw_pose": [0.02304144948720932, 0.0040909601375460625, 0.010484442114830017], "leye_pose": [0.0, 0.0, 0.0], "reye_pose": [0.0, 0.0, 0.0], "lhand_pose": [[0.09030791372060776, 0.17102159559726715, -0.2562578022480011], [0.05931569263339043, -0.05534714087843895, -0.16683518886566162], [-0.04026918113231659, -0.06564201414585114, -0.08457094430923462], [-0.04609588161110878, 0.13546781241893768, -0.27386075258255005], [-0.05069934204220772, 0.034970954060554504, -0.16839684545993805], [0.0021774342749267817, -0.13770878314971924, -0.13455331325531006], [-0.19626334309577942, -0.324365496635437, -0.18348118662834167], [0.11775793880224228, 0.10261423140764236, -0.12363146990537643], [-0.16447679698467255, 0.018087487667798996, 0.08927080780267715], [-0.0154165830463171, -0.06444734334945679, -0.225568026304245], [-0.14637689292430878, 0.06101863458752632, -0.16703562438488007], [-0.1581365019083023, -0.14460211992263794, -0.1047634482383728], [0.7220376133918762, 0.2543714642524719, -0.029624463990330696], [-0.5697843432426453, -0.023107105866074562, -0.01943676918745041], [0.5635156631469727, 0.011635429225862026, -0.15945518016815186]], "rhand_pose": [[0.05479009076952934, -0.19020842015743256, 0.46341419219970703], [0.1442001909017563, 0.03497166931629181, 0.48754221200942993], [-0.09190896153450012, 0.13589072227478027, 0.12101049721240997], [-0.1564277559518814, -0.05030903220176697, 0.7204723954200745], [-0.08191429823637009, -0.07606391608715057, 0.3825312852859497], [0.01802660897374153, 0.15606121718883514, 0.19728900492191315], [-0.5370523929595947, 0.4280756413936615, 0.5260707139968872], [-0.04204325005412102, 0.003502885578200221, 0.18632300198078156], [-0.18735074996948242, 0.061615120619535446, 0.05836819112300873], [-0.14472714066505432, 0.15375052392482758, 0.587918221950531], [-0.206953227519989, 0.010762253776192665, 0.3396545946598053], [-0.16724732518196106, 0.1860038787126541, 0.22328729927539825], [0.7957046627998352, -0.38280171155929565, 0.07243621349334717], [-0.5429249405860901, 0.05396304279565811, 0.04756009578704834], [0.6424394249916077, -0.17247024178504944, 0.29295945167541504]], "trans": [-0.5269027352333069, 0.2876640260219574, 3.7007875442504883], "focal": [1177.7945556640625, 1177.7945556640625], "princpt": [680.0, 384.0], "img_size_wh": [1360, 768], "pad_ratio": 0.0}