{"betas": [0.8197532296180725, -0.7136923670768738, 0.022364532575011253, 0.08440140634775162, 0.21383966505527496, 0.18501189351081848, 0.21940141916275024, -0.14351807534694672, -0.31763553619384766, -0.3038601577281952], "root_pose": [2.9046638011932373, -0.4323820173740387, 0.8290233612060547], "body_pose": [[3.2942066192626953, 0.1884339302778244, -2.892775774002075], [0.0967450961470604, -0.41206589341163635, -0.2696434259414673], [0.6460965871810913, 0.04671787843108177, -0.2249716967344284], [0.2923664450645447, 0.19269149005413055, 0.09354431182146072], [0.1432826966047287, -0.08838576823472977, 0.09830428659915924], [-0.006379249505698681, -0.04100346937775612, -0.2434089630842209], [0.728142499923706, 0.2343064844608307, -0.3265938460826874], [0.3648330271244049, -0.2687946557998657, 0.3259654939174652], [-0.05841062590479851, -0.05297795683145523, -0.24568864703178406], [0.014316920191049576, -0.0011791486758738756, 0.004790148697793484], [-0.031492069363594055, 0.012405338697135448, -0.028238441795110703], [0.15164069831371307, 0.3048754930496216, -0.10603484511375427], [-0.24128000438213348, -0.3887050151824951, 0.5509473085403442], [-0.20990003645420074, 0.20814529061317444, -0.5076188445091248], [-0.35508066415786743, 0.45750921964645386, -0.12043694406747818], [-0.3505289852619171, -0.22404886782169342, 0.2866387963294983], [-0.10155884176492691, 0.07314158231019974, -0.27142396569252014], [0.047157641500234604, -0.1653117686510086, 0.053847167640924454], [-0.21588025987148285, 2.0521950721740723, -0.44373318552970886], [0.49874597787857056, 0.16846376657485962, 0.3215767443180084], [-0.2478758543729782, 0.4780268371105194, 0.03885497897863388]], "jaw_pose": [0.022805316373705864, 0.0038277122657746077, 0.014762192033231258], "leye_pose": [0.0, 0.0, 0.0], "reye_pose": [0.0, 0.0, 0.0], "lhand_pose": [[0.08155611157417297, 0.17402665317058563, -0.25346535444259644], [0.07347365468740463, -0.0491115003824234, -0.10762447863817215], [-0.05452072247862816, -0.06475584208965302, -0.036188364028930664], [-0.046424753963947296, 0.12859660387039185, -0.2522900402545929], [-0.04227191582322121, 0.039125148206949234, -0.08580651879310608], [0.011725766584277153, -0.13214735686779022, -0.0804712176322937], [-0.1591954231262207, -0.2953583002090454, -0.13207241892814636], [0.12891198694705963, 0.1149282157421112, -0.07110001146793365], [-0.1208709180355072, 0.02168095111846924, 0.11933991312980652], [0.006487006321549416, -0.07016564160585403, -0.19674982130527496], [-0.1229693591594696, 0.06636632233858109, -0.0646616593003273], [-0.14383971691131592, -0.14419515430927277, -0.0580269955098629], [0.698671817779541, 0.2715640962123871, -0.025890076532959938], [-0.5442991852760315, -0.023086216300725937, 0.0006073407712392509], [0.5252748131752014, -0.0019530549179762602, -0.16299369931221008]], "rhand_pose": [[0.05210382118821144, -0.19841094315052032, 0.495309054851532], [0.15887467563152313, 0.03704660385847092, 0.47495758533477783], [-0.10917352885007858, 0.14794279634952545, 0.08162914961576462], [-0.16897021234035492, -0.05201736465096474, 0.7597887516021729], [-0.06350304931402206, -0.08052180707454681, 0.34999462962150574], [0.02570756897330284, 0.16089822351932526, 0.17452216148376465], [-0.5567275285720825, 0.4501011073589325, 0.5668109059333801], [-0.014394588768482208, 0.0001124856062233448, 0.1671520620584488], [-0.17597198486328125, 0.053591057658195496, 0.03203878179192543], [-0.1589939445257187, 0.16178107261657715, 0.6469120979309082], [-0.20317822694778442, 0.016687463968992233, 0.28445711731910706], [-0.1593591421842575, 0.1808166652917862, 0.20718714594841003], [0.8010513782501221, -0.39514634013175964, 0.10031366348266602], [-0.5180891752243042, 0.049879301339387894, 0.02743661217391491], [0.6104415059089661, -0.15624475479125977, 0.3238551914691925]], "trans": [-0.5380271673202515, 0.22530627250671387, 3.7104439735412598], "focal": [1177.7945556640625, 1177.7945556640625], "princpt": [680.0, 384.0], "img_size_wh": [1360, 768], "pad_ratio": 0.0}