{"betas": [0.8198257088661194, -0.7134895920753479, 0.0224030539393425, 0.08431857079267502, 0.21370694041252136, 0.18503013253211975, 0.21943825483322144, -0.14357894659042358, -0.31765392422676086, -0.30397161841392517], "root_pose": [2.975707530975342, -0.3771037757396698, 0.7125901579856873], "body_pose": [[-1.3776220083236694, -0.00989370048046112, 1.206173300743103], [0.17891786992549896, -0.44519996643066406, -0.23677392303943634], [0.729989767074585, 0.026336204260587692, -0.19659540057182312], [0.23889122903347015, 0.23490619659423828, 0.12185317277908325], [0.2491712123155594, -0.031373389065265656, 0.2388157993555069], [0.03483216091990471, -0.08566752076148987, -0.2196958065032959], [0.7874037027359009, 0.26642152667045593, -0.36524105072021484], [0.4537278711795807, 0.008170336484909058, 0.2954801023006439], [-0.04474794119596481, -0.07498064637184143, -0.23305055499076843], [0.011085141450166702, 0.0004398201417643577, 0.017193980515003204], [-0.03271304443478584, 0.01631563901901245, -0.011143126524984837], [0.144224151968956, 0.31090614199638367, -0.16192200779914856], [-0.227275088429451, -0.43845632672309875, 0.5493316054344177], [-0.22764703631401062, 0.20730572938919067, -0.5636737942695618], [-0.44060736894607544, 0.4319767951965332, -0.13348616659641266], [-0.3490285873413086, -0.2689034342765808, 0.291321724653244], [-0.09797453880310059, 0.05627433955669403, -0.2506020665168762], [0.0345531664788723, -0.19018396735191345, 0.040800321847200394], [-0.28312018513679504, 2.0383572578430176, -0.43654143810272217], [0.4787273108959198, 0.2717052102088928, 0.3786163628101349], [-0.47109198570251465, 0.36725327372550964, 0.016515156254172325]], "jaw_pose": [0.02184402570128441, 0.00299813412129879, 0.02732604742050171], "leye_pose": [0.0, 0.0, 0.0], "reye_pose": [0.0, 0.0, 0.0], "lhand_pose": [[0.07959148287773132, 0.15852367877960205, -0.2029997855424881], [0.07857710868120193, -0.03883472457528114, -0.04476173222064972], [-0.06967455893754959, -0.0543881319463253, -0.007659575901925564], [-0.034298043698072433, 0.1437641829252243, -0.16899965703487396], [-0.04730423167347908, 0.04673841968178749, -0.03886400908231735], [0.01296121347695589, -0.11657853424549103, -0.048271726816892624], [-0.11591207981109619, -0.23011434078216553, -0.08250543475151062], [0.0980767086148262, 0.10099560767412186, -0.07917270064353943], [-0.10012062638998032, 0.010184153914451599, 0.12840880453586578], [0.035933107137680054, -0.04487272724509239, -0.14554065465927124], [-0.11571554094552994, 0.07371992617845535, -0.020247723907232285], [-0.1363958716392517, -0.1466897428035736, -0.028926996514201164], [0.6874422430992126, 0.264632910490036, -0.03377741575241089], [-0.5285906791687012, -0.015004366636276245, 0.02100876346230507], [0.5019707679748535, -0.018060199916362762, -0.18576641380786896]], "rhand_pose": [[0.06208692118525505, -0.20982396602630615, 0.4937419295310974], [0.16443651914596558, 0.026094907894730568, 0.44635719060897827], [-0.12358371913433075, 0.15298108756542206, 0.06410520523786545], [-0.1646937131881714, -0.07165490835905075, 0.7528321743011475], [-0.05686496943235397, -0.08998455852270126, 0.32555845379829407], [0.02816922962665558, 0.16700904071331024, 0.1650949865579605], [-0.559860110282898, 0.4293128550052643, 0.6359208226203918], [0.0474235936999321, 0.0027387018781155348, 0.15743185579776764], [-0.2035575956106186, 0.0486605167388916, 0.0021092165261507034], [-0.17385374009609222, 0.13783465325832367, 0.6838294267654419], [-0.19152778387069702, 0.0015023666201159358, 0.23360875248908997], [-0.16398514807224274, 0.18190672993659973, 0.2063736468553543], [0.809779167175293, -0.3789496421813965, 0.12172553688287735], [-0.5131096243858337, 0.033329203724861145, 0.024566160514950752], [0.6074430346488953, -0.14554837346076965, 0.3585175573825836]], "trans": [-0.552842915058136, 0.12706094980239868, 3.784351348876953], "focal": [1177.7945556640625, 1177.7945556640625], "princpt": [680.0, 384.0], "img_size_wh": [1360, 768], "pad_ratio": 0.0}