{"betas": [0.8198336958885193, -0.7134710550308228, 0.022449610754847527, 0.08433196693658829, 0.21371302008628845, 0.18507805466651917, 0.2193603217601776, -0.14362458884716034, -0.3176955580711365, -0.3040132522583008], "root_pose": [3.006659507751465, -0.3590549826622009, 0.6849057078361511], "body_pose": [[-1.3470791578292847, 0.0072657265700399876, 1.1948952674865723], [0.21334707736968994, -0.45363664627075195, -0.21932117640972137], [0.7455623149871826, 0.012290885671973228, -0.18718981742858887], [0.2264808565378189, 0.22961033880710602, 0.13072197139263153], [0.3117462992668152, -0.0035799250472337008, 0.2866218686103821], [0.050171297043561935, -0.10839590430259705, -0.20550717413425446], [0.7866900563240051, 0.27177008986473083, -0.37027743458747864], [0.3978460133075714, 0.05685989186167717, 0.2787461578845978], [-0.03999001532793045, -0.09168887883424759, -0.22101323306560516], [0.00716618075966835, 0.0018749372102320194, 0.02052098698914051], [-0.032089635729789734, 0.016377147287130356, -0.002955271163955331], [0.13895843923091888, 0.3096979260444641, -0.1834808588027954], [-0.21972788870334625, -0.45589521527290344, 0.545425295829773], [-0.2280394434928894, 0.20364126563072205, -0.582694947719574], [-0.44354844093322754, 0.4173276126384735, -0.1154560074210167], [-0.3479728102684021, -0.28172361850738525, 0.29563435912132263], [-0.07780355960130692, 0.038944922387599945, -0.2538565993309021], [0.018691981211304665, -0.19793157279491425, 0.03299257904291153], [-0.2985245883464813, 2.0381059646606445, -0.4256668984889984], [0.47039297223091125, 0.30399492383003235, 0.4046069383621216], [-0.5530275702476501, 0.3312355875968933, -0.004766964353621006]], "jaw_pose": [0.021856842562556267, 0.0024249188136309385, 0.027965012937784195], "leye_pose": [0.0, 0.0, 0.0], "reye_pose": [0.0, 0.0, 0.0], "lhand_pose": [[0.07872947305440903, 0.15901146829128265, -0.18622367084026337], [0.0779866874217987, -0.03479868918657303, -0.031733497977256775], [-0.07012400031089783, -0.05319801717996597, -0.011597876437008381], [-0.030197199434041977, 0.14328746497631073, -0.14696860313415527], [-0.053538378328084946, 0.04991912469267845, -0.034035392105579376], [0.00919920764863491, -0.1119043156504631, -0.04726577177643776], [-0.09038541465997696, -0.2177136242389679, -0.05528084933757782], [0.06779666990041733, 0.09179838746786118, -0.08936984091997147], [-0.10021317005157471, 0.0036069569177925587, 0.11738117039203644], [0.04841262847185135, -0.03347684442996979, -0.12601622939109802], [-0.12062463909387589, 0.07041161507368088, -0.02474311552941799], [-0.1353047490119934, -0.14370404183864594, -0.030332880094647408], [0.680017352104187, 0.2680521011352539, -0.02768460288643837], [-0.5320985317230225, -0.009266565553843975, 0.01903728023171425], [0.5060308575630188, -0.012912769801914692, -0.19058839976787567]], "rhand_pose": [[0.06491117179393768, -0.21367287635803223, 0.4881366193294525], [0.16319528222084045, 0.02521989308297634, 0.44046416878700256], [-0.12306801974773407, 0.14867015182971954, 0.06882542371749878], [-0.159120112657547, -0.07997854799032211, 0.7427603006362915], [-0.06130499765276909, -0.08790066093206406, 0.31894731521606445], [0.026633568108081818, 0.16611722111701965, 0.17077775299549103], [-0.5566592216491699, 0.40898796916007996, 0.6474862098693848], [0.06244229897856712, 0.006306707859039307, 0.16083618998527527], [-0.22115691006183624, 0.04534225910902023, -0.004439922049641609], [-0.17422844469547272, 0.12588798999786377, 0.6859493851661682], [-0.19296161830425262, -0.004689150955528021, 0.2249831259250641], [-0.17052969336509705, 0.17787793278694153, 0.21320389211177826], [0.807252824306488, -0.36954736709594727, 0.10980445146560669], [-0.5178439617156982, 0.026280386373400688, 0.03719711676239967], [0.6182770133018494, -0.1444770097732544, 0.3555355370044708]], "trans": [-0.5527058243751526, 0.09532463550567627, 3.8127193450927734], "focal": [1177.7945556640625, 1177.7945556640625], "princpt": [680.0, 384.0], "img_size_wh": [1360, 768], "pad_ratio": 0.0}