{"betas": [0.8198972940444946, -0.7133650183677673, 0.022495504468679428, 0.08450310677289963, 0.21381188929080963, 0.18487387895584106, 0.21925124526023865, -0.14360082149505615, -0.31779828667640686, -0.30402058362960815], "root_pose": [3.103747844696045, -0.30263447761535645, 0.6580570936203003], "body_pose": [[-1.2296169996261597, 0.029829116538167, 1.1541154384613037], [0.27613651752471924, -0.47209370136260986, -0.1882985681295395], [0.7614860534667969, 0.0002630074159242213, -0.1544850766658783], [0.21164530515670776, 0.188152477145195, 0.14687195420265198], [0.5982614755630493, 0.14042706787586212, 0.5310057997703552], [0.0663173720240593, -0.11545835435390472, -0.16928687691688538], [0.746584951877594, 0.2841084599494934, -0.38685423135757446], [0.10340730845928192, 0.15978458523750305, 0.25239112973213196], [-0.03983932361006737, -0.09736831486225128, -0.18081176280975342], [0.001957135973498225, 0.004147286992520094, 0.014865243807435036], [-0.029971137642860413, 0.01612584851682186, 0.001582764438353479], [0.16529105603694916, 0.30469557642936707, -0.18539366126060486], [-0.21973805129528046, -0.448301762342453, 0.5051016211509705], [-0.2306673526763916, 0.18569722771644592, -0.6040941476821899], [-0.39624667167663574, 0.4046415686607361, -0.07574012130498886], [-0.3447204530239105, -0.25963616371154785, 0.29654574394226074], [-0.08986973017454147, 0.03019280731678009, -0.2871605157852173], [-0.06595974415540695, -0.21412964165210724, 0.025825265794992447], [-0.30622801184654236, 2.0489118099212646, -0.4060458540916443], [0.4340832829475403, 0.39871785044670105, 0.4822218418121338], [-0.7097052931785583, 0.23606303334236145, -0.06433086097240448]], "jaw_pose": [0.024133233353495598, 0.0011841063387691975, 0.021557742729783058], "leye_pose": [0.0, 0.0, 0.0], "reye_pose": [0.0, 0.0, 0.0], "lhand_pose": [[0.08096954971551895, 0.15794672071933746, -0.12638099491596222], [0.05983062833547592, -0.02793312817811966, -0.008518061600625515], [-0.07003559172153473, -0.05647815763950348, -0.032054051756858826], [-0.010632319375872612, 0.14531919360160828, -0.082850381731987], [-0.060529448091983795, 0.05362154170870781, -0.04331068694591522], [0.001543527701869607, -0.11333443969488144, -0.05671786889433861], [-0.0627630278468132, -0.17810456454753876, -0.04288370534777641], [0.0605093315243721, 0.0707123726606369, -0.10722869634628296], [-0.13041894137859344, 0.0037437474820762873, 0.10745558887720108], [0.06602391600608826, 0.007791205309331417, -0.101570725440979], [-0.1201513409614563, 0.06526123732328415, -0.04002291336655617], [-0.1395077109336853, -0.14664652943611145, -0.045338865369558334], [0.6672136783599854, 0.25685277581214905, -0.007245895452797413], [-0.5530082583427429, 0.007973062805831432, -0.01184217631816864], [0.5365302562713623, 0.012106416746973991, -0.1833791881799698]], "rhand_pose": [[0.06832209974527359, -0.18809984624385834, 0.480059951543808], [0.1554439812898636, 0.016810378059744835, 0.43331488966941833], [-0.10750991851091385, 0.14190635085105896, 0.10862134397029877], [-0.13707900047302246, -0.07562977820634842, 0.7273494005203247], [-0.07631029188632965, -0.07520581781864166, 0.3201636075973511], [0.018884656950831413, 0.15533651411533356, 0.20010721683502197], [-0.4929429888725281, 0.3658517599105835, 0.615584671497345], [-0.0056358701549470425, 0.021409736946225166, 0.18197302520275116], [-0.2330877035856247, 0.07116241753101349, 0.0261634923517704], [-0.13833272457122803, 0.11618147045373917, 0.6667536497116089], [-0.2119269073009491, 0.002341129584237933, 0.248430073261261], [-0.17299968004226685, 0.17037171125411987, 0.24631917476654053], [0.7917056083679199, -0.34773877263069153, 0.0680619552731514], [-0.5093705058097839, 0.013549418188631535, 0.07332711666822433], [0.6331528425216675, -0.19182546436786652, 0.3667280972003937]], "trans": [-0.5523086786270142, 0.02960953116416931, 3.865199565887451], "focal": [1177.7945556640625, 1177.7945556640625], "princpt": [680.0, 384.0], "img_size_wh": [1360, 768], "pad_ratio": 0.0}