{"betas": [0.8198525905609131, -0.7133750319480896, 0.022459670901298523, 0.08446793258190155, 0.21379569172859192, 0.1849144697189331, 0.21926061809062958, -0.14356394112110138, -0.31777676939964294, -0.3040483295917511], "root_pose": [3.0741279125213623, -0.32111939787864685, 0.667701244354248], "body_pose": [[-1.273790955543518, 0.026495693251490593, 1.1713780164718628], [0.27100661396980286, -0.4655177891254425, -0.19284577667713165], [0.7589929103851318, 0.0019829683005809784, -0.16656820476055145], [0.2123173475265503, 0.20494365692138672, 0.14396366477012634], [0.4855342507362366, 0.09243623912334442, 0.44119900465011597], [0.06505678594112396, -0.11992449313402176, -0.1811951994895935], [0.7606896758079529, 0.2804844379425049, -0.3845021724700928], [0.1940569132566452, 0.12719665467739105, 0.2620179057121277], [-0.04048196226358414, -0.10085532814264297, -0.1938069462776184], [0.0023993367794901133, 0.004107062239199877, 0.017772112041711807], [-0.030864961445331573, 0.015483129769563675, 0.002941045444458723], [0.1508588045835495, 0.3071628212928772, -0.19328342378139496], [-0.21959081292152405, -0.45489567518234253, 0.5223697423934937], [-0.2285742163658142, 0.1917724311351776, -0.6009865403175354], [-0.41249963641166687, 0.4027629494667053, -0.08488968014717102], [-0.34828096628189087, -0.26768383383750916, 0.3017556369304657], [-0.08368781208992004, 0.028592202812433243, -0.27444323897361755], [-0.036852989345788956, -0.20520149171352386, 0.025703731924295425], [-0.30758336186408997, 2.0462794303894043, -0.4119460880756378], [0.4486484229564667, 0.3681134879589081, 0.4568129777908325], [-0.6736732125282288, 0.26434987783432007, -0.045236509293317795]], "jaw_pose": [0.02341233566403389, 0.0014097826788201928, 0.024859700351953506], "leye_pose": [0.0, 0.0, 0.0], "reye_pose": [0.0, 0.0, 0.0], "lhand_pose": [[0.08001700043678284, 0.15756556391716003, -0.13847298920154572], [0.06467323750257492, -0.030049294233322144, -0.01549773570150137], [-0.06829008460044861, -0.053559809923172, -0.028911391273140907], [-0.01723598502576351, 0.141760915517807, -0.09658591449260712], [-0.05960017442703247, 0.05426531657576561, -0.04127819091081619], [0.0042813741602003574, -0.1097136065363884, -0.05495026335120201], [-0.06777934730052948, -0.18447355926036835, -0.0354350283741951], [0.05003703385591507, 0.07445153594017029, -0.10219616442918777], [-0.11850716918706894, 0.0024199942126870155, 0.10558604449033737], [0.062114402651786804, -0.003983972128480673, -0.10323599725961685], [-0.12167426943778992, 0.06566860526800156, -0.037625253200531006], [-0.13732293248176575, -0.14324933290481567, -0.04107286036014557], [0.6684220433235168, 0.2582913637161255, -0.013820714317262173], [-0.5432022213935852, 0.003815495641902089, -0.0019191843457520008], [0.5254127979278564, 0.005015898030251265, -0.18769265711307526]], "rhand_pose": [[0.06682677567005157, -0.19588105380535126, 0.4869763255119324], [0.15873374044895172, 0.020806320011615753, 0.44124436378479004], [-0.11342786997556686, 0.14252527058124542, 0.09555757790803909], [-0.14599725604057312, -0.07867023348808289, 0.7343709468841553], [-0.07333887368440628, -0.07841617614030838, 0.3259354531764984], [0.021851565688848495, 0.15891169011592865, 0.19312535226345062], [-0.5184765458106995, 0.37323808670043945, 0.6299523115158081], [0.019140636548399925, 0.020164644345641136, 0.17813943326473236], [-0.23720522224903107, 0.06204695999622345, 0.017632612958550453], [-0.15523535013198853, 0.11727357655763626, 0.6804885864257812], [-0.20688705146312714, -0.0016970967408269644, 0.24718864262104034], [-0.17352257668972015, 0.16990014910697937, 0.2383405864238739], [0.7980121970176697, -0.3525702953338623, 0.08063538372516632], [-0.510557234287262, 0.01736639067530632, 0.06604248285293579], [0.6330525279045105, -0.17269934713840485, 0.3603745102882385]], "trans": [-0.5532712936401367, 0.04713785648345947, 3.8506016731262207], "focal": [1177.7945556640625, 1177.7945556640625], "princpt": [680.0, 384.0], "img_size_wh": [1360, 768], "pad_ratio": 0.0}