{"betas": [0.8197401165962219, -0.7136809229850769, 0.022371405735611916, 0.08439694344997406, 0.21376678347587585, 0.1850370168685913, 0.21939368546009064, -0.1435697376728058, -0.31760910153388977, -0.3038864731788635], "root_pose": [2.923933267593384, -0.41334062814712524, 0.8009718060493469], "body_pose": [[3.3186018466949463, 0.13391096889972687, -2.8931775093078613], [0.12298405170440674, -0.42341360449790955, -0.26062652468681335], [0.6783193349838257, 0.04724229872226715, -0.2162771075963974], [0.27370715141296387, 0.21410976350307465, 0.10245522111654282], [0.161700040102005, -0.07486655563116074, 0.14967378973960876], [0.0036593012046068907, -0.04687127470970154, -0.24021196365356445], [0.7554876804351807, 0.24193590879440308, -0.34648945927619934], [0.4096713662147522, -0.17482136189937592, 0.32584047317504883], [-0.056584153324365616, -0.052236657589673996, -0.24601036310195923], [0.01389896497130394, -0.0009934005793184042, 0.008338835090398788], [-0.03191604092717171, 0.014124234206974506, -0.024819280952215195], [0.14464479684829712, 0.3125767409801483, -0.1154547706246376], [-0.24106481671333313, -0.3994044363498688, 0.5533366799354553], [-0.21786639094352722, 0.2091629058122635, -0.5202634930610657], [-0.39103513956069946, 0.462057888507843, -0.12695886194705963], [-0.35210680961608887, -0.2352631390094757, 0.28758955001831055], [-0.10929446667432785, 0.06812511384487152, -0.25865185260772705], [0.046391114592552185, -0.17215019464492798, 0.05267208442091942], [-0.23752927780151367, 2.048459529876709, -0.44976308941841125], [0.4907216727733612, 0.20439653098583221, 0.3320317566394806], [-0.31355512142181396, 0.43757787346839905, 0.058193545788526535]], "jaw_pose": [0.022612381726503372, 0.003309844294562936, 0.019854214042425156], "leye_pose": [0.0, 0.0, 0.0], "reye_pose": [0.0, 0.0, 0.0], "lhand_pose": [[0.0814211294054985, 0.16810105741024017, -0.2359452098608017], [0.07439668476581573, -0.046858493238687515, -0.08800183981657028], [-0.06028543785214424, -0.06290646642446518, -0.029693854972720146], [-0.044974327087402344, 0.13345849514007568, -0.22781483829021454], [-0.04231781139969826, 0.04087439179420471, -0.07440821081399918], [0.014539864845573902, -0.12881411612033844, -0.07103844732046127], [-0.159800723195076, -0.2743738293647766, -0.13099712133407593], [0.13405051827430725, 0.1123814731836319, -0.0702647790312767], [-0.11451692879199982, 0.020706478506326675, 0.12635020911693573], [0.01092522032558918, -0.06544306129217148, -0.1866050809621811], [-0.11798595637083054, 0.07213515788316727, -0.049443695694208145], [-0.14331354200839996, -0.14860521256923676, -0.048841968178749084], [0.6990000605583191, 0.2679959833621979, -0.0323551744222641], [-0.5355413556098938, -0.02108822762966156, 0.007338203024119139], [0.5209301710128784, -0.004446163307875395, -0.17125503718852997]], "rhand_pose": [[0.05433427542448044, -0.19655196368694305, 0.4980005919933319], [0.16081540286540985, 0.03498752415180206, 0.4730565845966339], [-0.11489861458539963, 0.1527569591999054, 0.08026513457298279], [-0.17204198241233826, -0.05636705458164215, 0.7680152058601379], [-0.05956459045410156, -0.08361601084470749, 0.3571839928627014], [0.027712425217032433, 0.16433385014533997, 0.17606636881828308], [-0.5644136667251587, 0.4465431272983551, 0.6027687788009644], [-0.0037708489689975977, 0.0033438745886087418, 0.16912832856178284], [-0.1802266240119934, 0.05403929576277733, 0.02968752384185791], [-0.17019490897655487, 0.1579274833202362, 0.6744186282157898], [-0.20002628862857819, 0.014564640820026398, 0.28114163875579834], [-0.15946418046951294, 0.18270359933376312, 0.21194516122341156], [0.8094459176063538, -0.3926439881324768, 0.11834816634654999], [-0.5106807351112366, 0.04670689254999161, 0.02250094898045063], [0.6070305109024048, -0.15431030094623566, 0.3440881073474884]], "trans": [-0.5447253584861755, 0.19422957301139832, 3.726510524749756], "focal": [1177.7945556640625, 1177.7945556640625], "princpt": [680.0, 384.0], "img_size_wh": [1360, 768], "pad_ratio": 0.0}