{"betas": [0.8198497891426086, -0.713446319103241, 0.02242594212293625, 0.08436471223831177, 0.21374206244945526, 0.18500041961669922, 0.2193714827299118, -0.14363780617713928, -0.317704975605011, -0.30403342843055725], "root_pose": [3.0408377647399902, -0.34090372920036316, 0.6744338274002075], "body_pose": [[-1.312090516090393, 0.01914696954190731, 1.184210181236267], [0.2485291212797165, -0.45952412486076355, -0.20405934751033783], [0.7543851137161255, 0.0048378887586295605, -0.1774442046880722], [0.2174314260482788, 0.218655526638031, 0.1382599025964737], [0.3899818956851959, 0.04034019634127617, 0.35547006130218506], [0.06017331779003143, -0.11961617320775986, -0.19305406510829926], [0.7758589386940002, 0.2756672501564026, -0.37862515449523926], [0.300182968378067, 0.0927891880273819, 0.26964613795280457], [-0.03950830549001694, -0.10046817362308502, -0.20801658928394318], [0.0038574773352593184, 0.003454791847616434, 0.02049580216407776], [-0.03135215491056442, 0.015594511292874813, 0.002304223831743002], [0.13860324025154114, 0.31077706813812256, -0.1940087229013443], [-0.21846526861190796, -0.45954984426498413, 0.5369755029678345], [-0.22811287641525269, 0.1979658603668213, -0.5946317911148071], [-0.4279630184173584, 0.40879201889038086, -0.09725139290094376], [-0.34858500957489014, -0.27887162566185, 0.30100366473197937], [-0.07526969909667969, 0.029568014666438103, -0.26225560903549194], [-0.006701889913529158, -0.2018992304801941, 0.02793174982070923], [-0.30624017119407654, 2.041438341140747, -0.4178820252418518], [0.4599364697933197, 0.3362690210342407, 0.4307132959365845], [-0.6233621835708618, 0.29636433720588684, -0.02498372085392475]], "jaw_pose": [0.02222483418881893, 0.00186619081068784, 0.02688475511968136], "leye_pose": [0.0, 0.0, 0.0], "reye_pose": [0.0, 0.0, 0.0], "lhand_pose": [[0.07954689115285873, 0.15956030786037445, -0.1622239500284195], [0.07237276434898376, -0.032405298203229904, -0.02767440676689148], [-0.06815474480390549, -0.05333518236875534, -0.02447674609720707], [-0.026273055002093315, 0.1419968605041504, -0.1243719533085823], [-0.05848196521401405, 0.053225450217723846, -0.044206712394952774], [0.006338924635201693, -0.10980378836393356, -0.05494216829538345], [-0.08151880651712418, -0.20399272441864014, -0.04297284781932831], [0.048112332820892334, 0.08016686886548996, -0.10123568028211594], [-0.11043822020292282, 0.000782903574872762, 0.1050240620970726], [0.05493956804275513, -0.020415732637047768, -0.11518137902021408], [-0.12469816207885742, 0.06634710729122162, -0.04040531814098358], [-0.13690133392810822, -0.14263944327831268, -0.03972025588154793], [0.6744816899299622, 0.2662469744682312, -0.02061040699481964], [-0.5369536876678467, -0.0021663333754986525, 0.008997691795229912], [0.5186240077018738, -0.0013821384636685252, -0.19101662933826447]], "rhand_pose": [[0.06572478264570236, -0.20710143446922302, 0.4886856973171234], [0.1614694744348526, 0.024360012263059616, 0.44375482201576233], [-0.11937767267227173, 0.14506465196609497, 0.08209344744682312], [-0.1544835865497589, -0.08212552964687347, 0.7406535744667053], [-0.06789328157901764, -0.08324786275625229, 0.3250967264175415], [0.02453632466495037, 0.16283079981803894, 0.18434841930866241], [-0.5444907546043396, 0.3870888352394104, 0.6476983428001404], [0.0482439249753952, 0.013709179125726223, 0.17132125794887543], [-0.23399783670902252, 0.05100326985120773, 0.005840970668941736], [-0.16955998539924622, 0.11903578042984009, 0.6894781589508057], [-0.19998112320899963, -0.005612247157841921, 0.23805588483810425], [-0.17427095770835876, 0.17255613207817078, 0.227883979678154], [0.8033716678619385, -0.3601052165031433, 0.09505609422922134], [-0.5152323246002197, 0.02183392643928528, 0.053696583956480026], [0.6293624639511108, -0.15310396254062653, 0.3549242615699768]], "trans": [-0.5528740882873535, 0.06875085830688477, 3.8335494995117188], "focal": [1177.7945556640625, 1177.7945556640625], "princpt": [680.0, 384.0], "img_size_wh": [1360, 768], "pad_ratio": 0.0}