{"betas": [0.8197628855705261, -0.7136361002922058, 0.02235381491482258, 0.08434217423200607, 0.21370555460453033, 0.1850689798593521, 0.21944327652454376, -0.14356432855129242, -0.3176303505897522, -0.3039413392543793], "root_pose": [2.948604106903076, -0.395623117685318, 0.7587411999702454], "body_pose": [[3.337631940841675, 0.07684219628572464, -2.9061646461486816], [0.14985989034175873, -0.43462273478507996, -0.2506504952907562], [0.7074384689331055, 0.04073129966855049, -0.2065075784921646], [0.2550644874572754, 0.22976912558078766, 0.11200182139873505], [0.19682440161705017, -0.05340064316987991, 0.19802123308181763], [0.01796671561896801, -0.061442047357559204, -0.2326558530330658], [0.7758814096450806, 0.25383564829826355, -0.35970914363861084], [0.44960516691207886, -0.07085831463336945, 0.3150140345096588], [-0.051633406430482864, -0.05882960930466652, -0.2422628551721573], [0.013350817374885082, -0.00044100265949964523, 0.012539522722363472], [-0.03277124464511871, 0.015434284694492817, -0.01905904896557331], [0.14414949715137482, 0.31333494186401367, -0.13590186834335327], [-0.2365752011537552, -0.41583797335624695, 0.552129328250885], [-0.22453673183918, 0.20857137441635132, -0.5406053066253662], [-0.42093342542648315, 0.44952231645584106, -0.13716799020767212], [-0.3510633111000061, -0.24987317621707916, 0.28940922021865845], [-0.11066117882728577, 0.06558804959058762, -0.2517143189907074], [0.04278264939785004, -0.1807159185409546, 0.048348523676395416], [-0.26214054226875305, 2.0428476333618164, -0.44714489579200745], [0.4850858747959137, 0.23896382749080658, 0.3534667491912842], [-0.3891739547252655, 0.4028487801551819, 0.0401323065161705]], "jaw_pose": [0.022067908197641373, 0.0031887460500001907, 0.024487867951393127], "leye_pose": [0.0, 0.0, 0.0], "reye_pose": [0.0, 0.0, 0.0], "lhand_pose": [[0.08107258379459381, 0.16235314309597015, -0.2178569734096527], [0.076150082051754, -0.043654873967170715, -0.06704521924257278], [-0.06551939249038696, -0.058599404990673065, -0.018200404942035675], [-0.040354229509830475, 0.1406630575656891, -0.1976415067911148], [-0.043872639536857605, 0.04355812445282936, -0.05915847048163414], [0.015061097219586372, -0.12291739881038666, -0.06032750755548477], [-0.1468549370765686, -0.2511855661869049, -0.11429233849048615], [0.12151946872472763, 0.10653442144393921, -0.07461834698915482], [-0.10741817951202393, 0.016320137307047844, 0.12909327447414398], [0.021065790206193924, -0.056562166661024094, -0.1692500114440918], [-0.11543239653110504, 0.07476504892110825, -0.03539855778217316], [-0.14054957032203674, -0.1494722217321396, -0.03867334872484207], [0.6951141953468323, 0.26434001326560974, -0.035700131207704544], [-0.52876877784729, -0.018043458461761475, 0.014731057919561863], [0.5110801458358765, -0.0115575660020113, -0.17926563322544098]], "rhand_pose": [[0.05775108560919762, -0.2013934999704361, 0.4979577660560608], [0.1633368879556656, 0.029842577874660492, 0.460470974445343], [-0.1203128769993782, 0.15477348864078522, 0.0716402530670166], [-0.17010454833507538, -0.06297831982374191, 0.7641913890838623], [-0.05701233819127083, -0.08796008676290512, 0.3453860282897949], [0.02852233313024044, 0.16620494425296783, 0.17028918862342834], [-0.561682939529419, 0.4415828287601471, 0.6224303245544434], [0.018449433147907257, 0.002771633444353938, 0.1633513867855072], [-0.18847377598285675, 0.05346972122788429, 0.01925119012594223], [-0.17341402173042297, 0.1495644897222519, 0.6836329698562622], [-0.19514153897762299, 0.008632081560790539, 0.2606956660747528], [-0.16024687886238098, 0.183619886636734, 0.20926102995872498], [0.8108523488044739, -0.38672080636024475, 0.1256849765777588], [-0.5083958506584167, 0.040929876267910004, 0.020956210792064667], [0.6044989228248596, -0.1505350023508072, 0.35583943128585815]], "trans": [-0.5506512522697449, 0.1610983908176422, 3.752401351928711], "focal": [1177.7945556640625, 1177.7945556640625], "princpt": [680.0, 384.0], "img_size_wh": [1360, 768], "pad_ratio": 0.0}