{"betas": [0.8196099400520325, -0.7133919596672058, 0.022511916235089302, 0.08446114510297775, 0.2142334282398224, 0.18489579856395721, 0.21951651573181152, -0.14363965392112732, -0.3178742229938507, -0.30388277769088745], "root_pose": [2.9528141021728516, -0.5541958808898926, 0.952450156211853], "body_pose": [[-1.2101638317108154, -0.13578826189041138, 1.2507202625274658], [-0.007905688136816025, -0.3200225830078125, -0.28496497869491577], [0.5930911302566528, 0.028585482388734818, -0.18865908682346344], [0.4523754417896271, 0.056278668344020844, 0.0942661315202713], [0.2636036276817322, 0.056212168186903, 0.04125692695379257], [-0.02878808043897152, -0.02559998445212841, -0.2062445729970932], [0.43687018752098083, 0.2523139715194702, -0.2813657224178314], [-0.23024724423885345, -0.3354279398918152, 0.10067207366228104], [-0.022400036454200745, -0.04942788556218147, -0.20171710848808289], [0.006267085205763578, -0.002532435581088066, -0.011494412086904049], [-0.05504624545574188, 0.019565347582101822, -0.04874027892947197], [0.11131971329450607, 0.2536918818950653, -0.11228294670581818], [-0.2559381127357483, -0.24925446510314941, 0.47223928570747375], [-0.22231189906597137, 0.14849862456321716, -0.4598166346549988], [-0.30667242407798767, 0.35246187448501587, -0.02549384906888008], [-0.32495546340942383, -0.13562430441379547, 0.23078075051307678], [-0.06616407632827759, 0.07817350327968597, -0.32281309366226196], [0.01604989357292652, -0.15705496072769165, 0.03868582472205162], [-0.09751306474208832, 2.038259506225586, -0.3796883523464203], [0.4877721965312958, 0.0770135372877121, 0.31785130500793457], [-0.269305557012558, 0.533025324344635, -0.21965375542640686]], "jaw_pose": [0.031056271865963936, 0.005653982516378164, 0.002737767295911908], "leye_pose": [0.0, 0.0, 0.0], "reye_pose": [0.0, 0.0, 0.0], "lhand_pose": [[0.10069052875041962, 0.17464493215084076, -0.2276751846075058], [0.06269731372594833, -0.04207582026720047, -0.18897832930088043], [-0.04137900099158287, -0.062139853835105896, -0.14512543380260468], [-0.039422933012247086, 0.16277843713760376, -0.2811039686203003], [-0.055693645030260086, 0.03400499001145363, -0.2201889157295227], [-0.0011427545687183738, -0.1456800401210785, -0.1758822649717331], [-0.27509912848472595, -0.365450382232666, -0.2696082293987274], [0.16115702688694, 0.11691576987504959, -0.14603416621685028], [-0.1967809647321701, 0.016650335863232613, 0.11844602227210999], [-0.0192493237555027, -0.0439668707549572, -0.2529761791229248], [-0.1581289917230606, 0.0615142360329628, -0.2060619741678238], [-0.18351903557777405, -0.16685017943382263, -0.12395118176937103], [0.7726884484291077, 0.24708427488803864, -0.037670716643333435], [-0.6292389631271362, -0.01944809965789318, -0.0543920062482357], [0.6292380094528198, 0.03602665290236473, -0.15097446739673615]], "rhand_pose": [[0.07492402195930481, -0.16084128618240356, 0.44091570377349854], [0.13089393079280853, 0.030628034844994545, 0.4603629410266876], [-0.08726910501718521, 0.12548626959323883, 0.17343991994857788], [-0.13264979422092438, -0.06553063541650772, 0.6871267557144165], [-0.08657731860876083, -0.08447941392660141, 0.3940560519695282], [0.018941571936011314, 0.1582774668931961, 0.23211361467838287], [-0.5313695073127747, 0.39491498470306396, 0.5724655389785767], [-0.01994018629193306, -0.0102693485096097, 0.1929135024547577], [-0.2100415676832199, 0.07564737647771835, 0.025061506778001785], [-0.12532633543014526, 0.1261499971151352, 0.577447772026062], [-0.20676828920841217, -0.008999714627861977, 0.3374430239200592], [-0.17747212946414948, 0.200906902551651, 0.22869083285331726], [0.8312697410583496, -0.335965096950531, 0.09487143158912659], [-0.582023561000824, 0.048022255301475525, 0.08481206744909286], [0.6972838044166565, -0.2051733285188675, 0.31204935908317566]], "trans": [-0.5379072427749634, 0.44675925374031067, 3.7976338863372803], "focal": [1177.7945556640625, 1177.7945556640625], "princpt": [680.0, 384.0], "img_size_wh": [1360, 768], "pad_ratio": 0.0}