{"betas": [0.8196303844451904, -0.7135175466537476, 0.022411495447158813, 0.08445022255182266, 0.21422310173511505, 0.1848384439945221, 0.21945586800575256, -0.1434684842824936, -0.31776511669158936, -0.30390429496765137], "root_pose": [2.9185659885406494, -0.5375757813453674, 0.9318235516548157], "body_pose": [[-1.2841984033584595, -0.147329643368721, 1.2898322343826294], [-0.0040227072313427925, -0.32579243183135986, -0.29680442810058594], [0.5811899900436401, 0.02463880553841591, -0.2043047398328781], [0.3878558576107025, 0.07706714421510696, 0.06960158050060272], [0.20483320951461792, 0.06837744265794754, 0.023747147992253304], [-0.024822799488902092, -0.032576072961091995, -0.21735332906246185], [0.5206784009933472, 0.22493833303451538, -0.29558661580085754], [-0.08974684029817581, -0.34208351373672485, 0.15665565431118011], [-0.03484463691711426, -0.05498816445469856, -0.21283751726150513], [0.01062620710581541, -0.00033070615609176457, -0.011370517313480377], [-0.052682969719171524, 0.015875808894634247, -0.05072646588087082], [0.13929489254951477, 0.2536964416503906, -0.0908285453915596], [-0.246918722987175, -0.28082147240638733, 0.5061277151107788], [-0.2098107784986496, 0.15569519996643066, -0.48780661821365356], [-0.2787150740623474, 0.37133145332336426, -0.02623164653778076], [-0.3273964822292328, -0.1546308547258377, 0.24206717312335968], [-0.06421627849340439, 0.061039239168167114, -0.3385063409805298], [0.03318217769265175, -0.14881929755210876, 0.03770104795694351], [-0.10334651172161102, 2.0251548290252686, -0.36545172333717346], [0.5417191386222839, 0.07422364503145218, 0.33435294032096863], [-0.2707507908344269, 0.5359020233154297, -0.1868394911289215]], "jaw_pose": [0.02513953112065792, 0.0053847781382501125, 0.004695014096796513], "leye_pose": [0.0, 0.0, 0.0], "reye_pose": [0.0, 0.0, 0.0], "lhand_pose": [[0.10361287742853165, 0.15365491807460785, -0.19578377902507782], [0.04166276380419731, -0.04547674581408501, -0.14326390624046326], [-0.03530425205826759, -0.05325150117278099, -0.13024114072322845], [-0.027521569281816483, 0.15617232024669647, -0.2183830589056015], [-0.05367805436253548, 0.03951597213745117, -0.18535323441028595], [-0.0013773007085546851, -0.13885660469532013, -0.15047939121723175], [-0.25421157479286194, -0.31928274035453796, -0.23586620390415192], [0.20630015432834625, 0.1251886934041977, -0.13144591450691223], [-0.20644721388816833, 0.02356698364019394, 0.13865089416503906], [-0.017328564077615738, -0.032079216092824936, -0.20603960752487183], [-0.14538508653640747, 0.0683254674077034, -0.15345245599746704], [-0.1747971475124359, -0.1587071567773819, -0.10700798779726028], [0.7659671902656555, 0.2287825047969818, -0.038310322910547256], [-0.6346833109855652, -0.025822389870882034, -0.045477818697690964], [0.6219552755355835, 0.020640389993786812, -0.14505279064178467]], "rhand_pose": [[0.0693657323718071, -0.1610172986984253, 0.4242491126060486], [0.12641896307468414, 0.027435800060629845, 0.4407048225402832], [-0.08035004884004593, 0.12009066343307495, 0.16485686600208282], [-0.134150430560112, -0.05780567601323128, 0.6647376418113708], [-0.09054260700941086, -0.08105112612247467, 0.380665123462677], [0.01929626800119877, 0.15386293828487396, 0.2210441380739212], [-0.5299056172370911, 0.3886600434780121, 0.5533316135406494], [-0.013304333202540874, -0.010239481925964355, 0.17940674722194672], [-0.20413604378700256, 0.07275301218032837, 0.023681651800870895], [-0.13195131719112396, 0.12228436768054962, 0.5533380508422852], [-0.20044398307800293, -0.0074604894034564495, 0.3277489244937897], [-0.1721666008234024, 0.197523295879364, 0.2219657301902771], [0.8179095387458801, -0.3413146734237671, 0.07775036990642548], [-0.5808178782463074, 0.054292839020490646, 0.08126088231801987], [0.6909308433532715, -0.20173810422420502, 0.2970672845840454]], "trans": [-0.5272736549377441, 0.39997798204421997, 3.7662594318389893], "focal": [1177.7945556640625, 1177.7945556640625], "princpt": [680.0, 384.0], "img_size_wh": [1360, 768], "pad_ratio": 0.0}