{"betas": [0.8196347951889038, -0.7136483788490295, 0.022325430065393448, 0.08450453728437424, 0.21415193378925323, 0.1848974972963333, 0.2194831371307373, -0.14351345598697662, -0.31769776344299316, -0.30389603972435], "root_pose": [2.8917136192321777, -0.5068545937538147, 0.8935185074806213], "body_pose": [[-1.3520745038986206, -0.14457228779792786, 1.2950677871704102], [0.014230684377253056, -0.3544306457042694, -0.29546234011650085], [0.5768043994903564, 0.027186937630176544, -0.22910411655902863], [0.35502564907073975, 0.10438394546508789, 0.06009780988097191], [0.17220954596996307, 0.03097943589091301, 0.0221877284348011], [-0.020954467356204987, -0.03917312249541283, -0.2324550896883011], [0.5850321650505066, 0.21245288848876953, -0.2946809232234955], [0.1050904169678688, -0.34145593643188477, 0.24593313038349152], [-0.04742253199219704, -0.06191517412662506, -0.22698453068733215], [0.013261470012366772, -0.0005165825714357197, -0.009172532707452774], [-0.04449567571282387, 0.012780679389834404, -0.04599172994494438], [0.14043456315994263, 0.2657545804977417, -0.06996481865644455], [-0.24140144884586334, -0.32626762986183167, 0.5323085188865662], [-0.20486077666282654, 0.17272180318832397, -0.49461469054222107], [-0.33054935932159424, 0.3970070779323578, -0.04468851909041405], [-0.33155450224876404, -0.1825830489397049, 0.2736227214336395], [-0.06203895062208176, 0.050355128943920135, -0.3294243812561035], [0.04257191717624664, -0.14924342930316925, 0.04171952232718468], [-0.11317825317382812, 2.029179096221924, -0.3838654160499573], [0.5917675495147705, 0.10747439414262772, 0.3815577030181885], [-0.18667583167552948, 0.567909836769104, -0.22109796106815338]], "jaw_pose": [0.022989969700574875, 0.0038223485462367535, 0.009031219407916069], "leye_pose": [0.0, 0.0, 0.0], "reye_pose": [0.0, 0.0, 0.0], "lhand_pose": [[0.10577671974897385, 0.1487811803817749, -0.22456899285316467], [0.04225244000554085, -0.054841287434101105, -0.19635851681232452], [-0.033904269337654114, -0.06236722320318222, -0.14202511310577393], [-0.04723384231328964, 0.14725440740585327, -0.26124197244644165], [-0.05779591575264931, 0.03765111044049263, -0.24360279738903046], [-0.004637310281395912, -0.1411397010087967, -0.18130812048912048], [-0.2726081311702728, -0.31306278705596924, -0.27295562624931335], [0.1691490262746811, 0.10022962838411331, -0.18200337886810303], [-0.23034709692001343, 0.020143084228038788, 0.09273812174797058], [-0.048688627779483795, -0.043616149574518204, -0.24611935019493103], [-0.1662650853395462, 0.0635794848203659, -0.23350074887275696], [-0.17879267036914825, -0.15489616990089417, -0.14705517888069153], [0.7762373685836792, 0.23083852231502533, -0.049578845500946045], [-0.6170364022254944, -0.028504302725195885, -0.03655000776052475], [0.6269649863243103, 0.022137686610221863, -0.16301001608371735]], "rhand_pose": [[0.06676357984542847, -0.1661314219236374, 0.4341745674610138], [0.1281498372554779, 0.03255753591656685, 0.4834272861480713], [-0.07945000380277634, 0.12478402256965637, 0.16479071974754333], [-0.14956624805927277, -0.05152089148759842, 0.6827124953269958], [-0.09618882089853287, -0.07874266058206558, 0.42495861649513245], [0.015479372814297676, 0.1544570028781891, 0.22942855954170227], [-0.5467602014541626, 0.3931922912597656, 0.5572762489318848], [-0.04419083520770073, 0.00494458107277751, 0.20623137056827545], [-0.21442846953868866, 0.068967804312706, 0.060189902782440186], [-0.15286751091480255, 0.13320423662662506, 0.5718580484390259], [-0.20770767331123352, -0.00040657661156728864, 0.37989264726638794], [-0.17539691925048828, 0.19194844365119934, 0.24516846239566803], [0.8266984820365906, -0.36625081300735474, 0.08284114301204681], [-0.5729082226753235, 0.056833796203136444, 0.06908553093671799], [0.6839771270751953, -0.19366510212421417, 0.30326536297798157]], "trans": [-0.5231779217720032, 0.34730562567710876, 3.7277865409851074], "focal": [1177.7945556640625, 1177.7945556640625], "princpt": [680.0, 384.0], "img_size_wh": [1360, 768], "pad_ratio": 0.0}