{"betas": [0.8196872472763062, -0.7132260799407959, 0.0225065890699625, 0.0843861773610115, 0.21413283050060272, 0.18496617674827576, 0.2195988893508911, -0.1436759978532791, -0.31795215606689453, -0.30388209223747253], "root_pose": [2.9785308837890625, -0.5631605386734009, 0.9704923629760742], "body_pose": [[-1.138588786125183, -0.12017771601676941, 1.177760124206543], [-0.006974643561989069, -0.3281571567058563, -0.25956034660339355], [0.5925478339195251, 0.03920016810297966, -0.1728428304195404], [0.5386630892753601, 0.03468439728021622, 0.11188925802707672], [0.31632283329963684, 0.03023240901529789, 0.050667691975831985], [-0.029985228553414345, -0.016089167445898056, -0.20462052524089813], [0.43386319279670715, 0.26437318325042725, -0.28345227241516113], [-0.3326018154621124, -0.34725189208984375, 0.05799783766269684], [-0.012153273448348045, -0.04094501957297325, -0.19524608552455902], [0.007415851578116417, -0.003761488478630781, -0.015673557296395302], [-0.05584774166345596, 0.02186410501599312, -0.04950558766722679], [0.1191476434469223, 0.2917059063911438, -0.13431455194950104], [-0.2620633840560913, -0.25209125876426697, 0.43109872937202454], [-0.21597756445407867, 0.15040495991706848, -0.4374755620956421], [-0.29607415199279785, 0.421142578125, -0.11234172433614731], [-0.32476380467414856, -0.14759038388729095, 0.2083861529827118], [-0.04894645884633064, 0.08884581178426743, -0.28365442156791687], [-0.010764128528535366, -0.18726740777492523, 0.04478378966450691], [-0.04910627752542496, 2.046635866165161, -0.37194788455963135], [0.4647033214569092, 0.13586749136447906, 0.3912040591239929], [-0.240287184715271, 0.5031589269638062, -0.31698623299598694]], "jaw_pose": [0.03402991220355034, 0.0056154136545956135, 0.0002841106615960598], "leye_pose": [0.0, 0.0, 0.0], "reye_pose": [0.0, 0.0, 0.0], "lhand_pose": [[0.10429618507623672, 0.1654571145772934, -0.21878942847251892], [0.056556690484285355, -0.03970843181014061, -0.24915792047977448], [-0.03613610938191414, -0.0679820254445076, -0.19506806135177612], [-0.0492144413292408, 0.17835478484630585, -0.2913668751716614], [-0.06476438790559769, 0.025772128254175186, -0.322906494140625], [-0.010959096252918243, -0.15203016996383667, -0.23798352479934692], [-0.3129551410675049, -0.35715365409851074, -0.34411051869392395], [0.10942599177360535, 0.07375800609588623, -0.2259131520986557], [-0.24204738438129425, 0.009767809882760048, 0.07326103746891022], [-0.03925639018416405, -0.029426008462905884, -0.28826475143432617], [-0.18728019297122955, 0.04913484677672386, -0.3309490382671356], [-0.1993160843849182, -0.1770399510860443, -0.1831747442483902], [0.7840626239776611, 0.22868020832538605, -0.04729382321238518], [-0.6165897250175476, -0.006860503926873207, -0.06766447424888611], [0.6571359038352966, 0.06349074840545654, -0.1641167551279068]], "rhand_pose": [[0.0851479172706604, -0.1510571539402008, 0.4549161195755005], [0.13457342982292175, 0.02868676371872425, 0.5438730716705322], [-0.09035606682300568, 0.13493362069129944, 0.21721692383289337], [-0.14362481236457825, -0.07287899404764175, 0.7254916429519653], [-0.0976574495434761, -0.0828501284122467, 0.503351092338562], [0.01690586470067501, 0.16288918256759644, 0.2944389879703522], [-0.5588555335998535, 0.3889857232570648, 0.6313404440879822], [-0.07887835055589676, 0.025727782398462296, 0.2742515504360199], [-0.2603294253349304, 0.08585505932569504, 0.08532709628343582], [-0.14135105907917023, 0.12493061274290085, 0.6337132453918457], [-0.22797206044197083, 0.003680048743262887, 0.4535103142261505], [-0.18715940415859222, 0.20362240076065063, 0.2944695055484772], [0.8667817711830139, -0.33185285329818726, 0.10648053884506226], [-0.5753660202026367, 0.035901620984077454, 0.08458495140075684], [0.7146146893501282, -0.24303583800792694, 0.34784504771232605]], "trans": [-0.5475306510925293, 0.48735812306404114, 3.8139920234680176], "focal": [1177.7945556640625, 1177.7945556640625], "princpt": [680.0, 384.0], "img_size_wh": [1360, 768], "pad_ratio": 0.0}