{"betas": [0.8196007013320923, -0.7134577631950378, 0.022465098649263382, 0.08445297181606293, 0.21423621475696564, 0.1848239153623581, 0.21953804790973663, -0.14353659749031067, -0.3178205192089081, -0.3038700222969055], "root_pose": [2.9342634677886963, -0.548276424407959, 0.945131242275238], "body_pose": [[-1.2472323179244995, -0.1422230303287506, 1.2751805782318115], [-0.007911722175776958, -0.31866350769996643, -0.2934139668941498], [0.5880561470985413, 0.02606889419257641, -0.19568033516407013], [0.4170275926589966, 0.06678906828165054, 0.08203351497650146], [0.23883958160877228, 0.06651438027620316, 0.030837155878543854], [-0.027823343873023987, -0.029042726382613182, -0.21064333617687225], [0.4774129390716553, 0.23699703812599182, -0.2914668619632721], [-0.16656184196472168, -0.3365221917629242, 0.12488748878240585], [-0.029108233749866486, -0.05185198783874512, -0.20661967992782593], [0.00751162227243185, -0.0012212146539241076, -0.010752838104963303], [-0.05424278602004051, 0.017898881807923317, -0.049841269850730896], [0.12929970026016235, 0.2480843961238861, -0.10454471409320831], [-0.25119659304618835, -0.26144102215766907, 0.48962175846099854], [-0.2166367918252945, 0.15034040808677673, -0.47601449489593506], [-0.2923232316970825, 0.35271790623664856, -0.015934539958834648], [-0.3254190981388092, -0.14170438051223755, 0.23457784950733185], [-0.06604582816362381, 0.06906643509864807, -0.333573579788208], [0.025963984429836273, -0.15072493255138397, 0.03746768459677696], [-0.11104625463485718, 2.0355494022369385, -0.3689455986022949], [0.5065702199935913, 0.05898518115282059, 0.3032895028591156], [-0.31149840354919434, 0.5269558429718018, -0.17120182514190674]], "jaw_pose": [0.028567537665367126, 0.005861783400177956, 0.003745150752365589], "leye_pose": [0.0, 0.0, 0.0], "reye_pose": [0.0, 0.0, 0.0], "lhand_pose": [[0.10029306262731552, 0.1707466095685959, -0.20169633626937866], [0.05164368823170662, -0.04321786016225815, -0.1385745108127594], [-0.03722146898508072, -0.05438562110066414, -0.1257302165031433], [-0.026518909260630608, 0.15981647372245789, -0.22967170178890228], [-0.05299561843276024, 0.037642430514097214, -0.16904154419898987], [-2.6319039534428157e-05, -0.13844138383865356, -0.14421583712100983], [-0.24371419847011566, -0.33947470784187317, -0.22279301285743713], [0.19420382380485535, 0.13011598587036133, -0.11357925832271576], [-0.18843670189380646, 0.021908720955252647, 0.14459539949893951], [-0.005562942940741777, -0.0344967283308506, -0.20686015486717224], [-0.14203386008739471, 0.06829707324504852, -0.1396644413471222], [-0.17411763966083527, -0.16023249924182892, -0.09598139673471451], [0.757556140422821, 0.23902927339076996, -0.028380591422319412], [-0.6360085606575012, -0.021574880927801132, -0.05242328718304634], [0.6148993372917175, 0.023844927549362183, -0.13711236417293549]], "rhand_pose": [[0.07138510048389435, -0.16442501544952393, 0.42183008790016174], [0.12637656927108765, 0.028958236798644066, 0.4309726059436798], [-0.08198843151330948, 0.11932820081710815, 0.1624228060245514], [-0.1292758584022522, -0.06329823285341263, 0.6623950600624084], [-0.08704991638660431, -0.08316008746623993, 0.3646537661552429], [0.01974925957620144, 0.15468350052833557, 0.21509963274002075], [-0.5225725173950195, 0.3903878927230835, 0.552051305770874], [-0.000698138668667525, -0.015327929519116879, 0.16943952441215515], [-0.19999460875988007, 0.07246432453393936, 0.009886456653475761], [-0.12407924234867096, 0.12154246866703033, 0.5535112619400024], [-0.19826531410217285, -0.012110576033592224, 0.3057083189487457], [-0.17206797003746033, 0.19877323508262634, 0.2115488350391388], [0.8162657618522644, -0.3353024125099182, 0.0826062560081482], [-0.5831770896911621, 0.050396330654621124, 0.0859895646572113], [0.689410924911499, -0.19984214007854462, 0.2956867814064026]], "trans": [-0.5320996642112732, 0.4239135682582855, 3.7828710079193115], "focal": [1177.7945556640625, 1177.7945556640625], "princpt": [680.0, 384.0], "img_size_wh": [1360, 768], "pad_ratio": 0.0}