{"betas": [0.8196997046470642, -0.7132328748703003, 0.022533269599080086, 0.0843951478600502, 0.21415133774280548, 0.18491584062576294, 0.2195882499217987, -0.14367468655109406, -0.317925363779068, -0.30384403467178345], "root_pose": [2.982715129852295, -0.5673885941505432, 0.9907797574996948], "body_pose": [[-1.1043829917907715, -0.10944100469350815, 1.1349070072174072], [-0.012086932547390461, -0.32667964696884155, -0.24392522871494293], [0.5925723910331726, 0.045080509036779404, -0.1665429174900055], [0.5969061255455017, 0.024946313351392746, 0.11228635907173157], [0.3562678098678589, 0.008065840229392052, 0.04604459926486015], [-0.032945603132247925, -0.011451507918536663, -0.2056005895137787], [0.44463443756103516, 0.2579237222671509, -0.28904715180397034], [-0.3712579905986786, -0.3590626120567322, 0.03226780891418457], [-0.006971055641770363, -0.03582974150776863, -0.19332122802734375], [0.005640889517962933, -0.0038927001878619194, -0.015111980959773064], [-0.05348002538084984, 0.022837648168206215, -0.047335363924503326], [0.11932256072759628, 0.31085702776908875, -0.1487807184457779], [-0.2649492919445038, -0.25871121883392334, 0.408220112323761], [-0.2093295007944107, 0.14400626718997955, -0.43894296884536743], [-0.29274579882621765, 0.4535320997238159, -0.14963336288928986], [-0.32300910353660583, -0.15909792482852936, 0.1904582679271698], [-0.026427684351801872, 0.08135052770376205, -0.24876517057418823], [-0.026581985875964165, -0.20540142059326172, 0.04717579111456871], [-0.037191249430179596, 2.064628839492798, -0.34160780906677246], [0.4255518317222595, 0.14023923873901367, 0.42840179800987244], [-0.3607579469680786, 0.4463135302066803, -0.29204097390174866]], "jaw_pose": [0.036069173365831375, 0.00585213815793395, 0.0005886217695660889], "leye_pose": [0.0, 0.0, 0.0], "reye_pose": [0.0, 0.0, 0.0], "lhand_pose": [[0.10240112245082855, 0.16458454728126526, -0.17362001538276672], [0.0428956113755703, -0.035344742238521576, -0.19849587976932526], [-0.028934117406606674, -0.06334919482469559, -0.19851326942443848], [-0.029151353985071182, 0.18553303182125092, -0.21978378295898438], [-0.0663771703839302, 0.02289864420890808, -0.29139164090156555], [-0.01501793134957552, -0.14585569500923157, -0.22490498423576355], [-0.25710800290107727, -0.32868045568466187, -0.2895924150943756], [0.09831028431653976, 0.07100167870521545, -0.2115500271320343], [-0.22750820219516754, 0.010030090808868408, 0.08291494101285934], [-0.011342715471982956, -0.004379624966531992, -0.22477982938289642], [-0.17859205603599548, 0.051825862377882004, -0.29796552658081055], [-0.19332924485206604, -0.17651614546775818, -0.16708910465240479], [0.7483591437339783, 0.20078596472740173, -0.02522299811244011], [-0.613845944404602, 0.007727846037596464, -0.08151286840438843], [0.6429020166397095, 0.07160458713769913, -0.1451302468776703]], "rhand_pose": [[0.08779308199882507, -0.14881739020347595, 0.42993250489234924], [0.1281709522008896, 0.023356493562459946, 0.5504752993583679], [-0.08806705474853516, 0.13284191489219666, 0.23297177255153656], [-0.1394468992948532, -0.08087356388568878, 0.7101992964744568], [-0.1019851490855217, -0.07709775120019913, 0.5285402536392212], [0.016437627375125885, 0.16274072229862213, 0.31189101934432983], [-0.5579023957252502, 0.37254616618156433, 0.6466689109802246], [-0.08323246985673904, 0.03851266950368881, 0.2915772795677185], [-0.27545490860939026, 0.08923543989658356, 0.09339030832052231], [-0.1436162143945694, 0.11469369381666183, 0.6397303938865662], [-0.22863563895225525, 0.00426867138594389, 0.4766579270362854], [-0.18492816388607025, 0.20561446249485016, 0.30747443437576294], [0.8597826361656189, -0.31784704327583313, 0.0948290154337883], [-0.5709142684936523, 0.024192040786147118, 0.09178055077791214], [0.7098129391670227, -0.25739848613739014, 0.34228450059890747]], "trans": [-0.5504884719848633, 0.5055042505264282, 3.813863754272461], "focal": [1177.7945556640625, 1177.7945556640625], "princpt": [680.0, 384.0], "img_size_wh": [1360, 768], "pad_ratio": 0.0}