{"betas": [0.8197289109230042, -0.7132816910743713, 0.022529469802975655, 0.08439658582210541, 0.2141241729259491, 0.18497151136398315, 0.21952007710933685, -0.1437016725540161, -0.31795698404312134, -0.3038522005081177], "root_pose": [2.9840452671051025, -0.5699512958526611, 1.0156303644180298], "body_pose": [[-1.0762239694595337, -0.10005513578653336, 1.0890536308288574], [-0.023393530398607254, -0.31981712579727173, -0.22649671137332916], [0.5940566062927246, 0.04980898275971413, -0.16215360164642334], [0.6701393127441406, 0.01890144869685173, 0.10363444685935974], [0.4042133390903473, -0.016152581200003624, 0.03785710409283638], [-0.03751811012625694, -0.007905524224042892, -0.20626594126224518], [0.4445263743400574, 0.24243801832199097, -0.2887457013130188], [-0.3993372619152069, -0.37275031208992004, 0.006130766123533249], [-0.0008935261867009103, -0.03102337010204792, -0.19166958332061768], [0.00264057912863791, -0.004950994625687599, -0.012433476746082306], [-0.04882268235087395, 0.0235603004693985, -0.04364166036248207], [0.11381840705871582, 0.3259580135345459, -0.156302347779274], [-0.27008718252182007, -0.262961745262146, 0.3831706941127777], [-0.20876507461071014, 0.135218545794487, -0.44094380736351013], [-0.30440452694892883, 0.48213741183280945, -0.1623050421476364], [-0.3202788829803467, -0.17096997797489166, 0.16770200431346893], [-0.005728523246943951, 0.07810387760400772, -0.21072301268577576], [-0.04351814463734627, -0.2227143794298172, 0.04781140387058258], [-0.026888946071267128, 2.080562114715576, -0.3118619918823242], [0.37347137928009033, 0.1608884036540985, 0.456989586353302], [-0.48293358087539673, 0.3776801526546478, -0.23039281368255615]], "jaw_pose": [0.03825666010379791, 0.005595328286290169, 0.0018188889371231198], "leye_pose": [0.0, 0.0, 0.0], "reye_pose": [0.0, 0.0, 0.0], "lhand_pose": [[0.10211880505084991, 0.1646306961774826, -0.1394442319869995], [0.03381529450416565, -0.030865265056490898, -0.15664643049240112], [-0.0258711576461792, -0.06035245582461357, -0.19808009266853333], [-0.0155301159247756, 0.1894787698984146, -0.16852115094661713], [-0.06628603488206863, 0.02189156599342823, -0.2630678415298462], [-0.01745343580842018, -0.14047467708587646, -0.21169546246528625], [-0.209310844540596, -0.3105168044567108, -0.24133236706256866], [0.08658066391944885, 0.06796982884407043, -0.2007303684949875], [-0.21244727075099945, 0.00960848480463028, 0.0893549919128418], [0.011325952596962452, 0.010573224164545536, -0.17806535959243774], [-0.16990914940834045, 0.05220642685890198, -0.2636600732803345], [-0.18682004511356354, -0.1746060848236084, -0.1518402397632599], [0.7196443676948547, 0.18144330382347107, -0.005219189450144768], [-0.6117086410522461, 0.021569926291704178, -0.09050119668245316], [0.6259803175926208, 0.07789680361747742, -0.12919959425926208]], "rhand_pose": [[0.09046661108732224, -0.14667971432209015, 0.42386594414711], [0.12654179334640503, 0.018761301413178444, 0.5658870339393616], [-0.08841947466135025, 0.13290844857692719, 0.24346229434013367], [-0.13972119987010956, -0.0902121439576149, 0.7179239988327026], [-0.10218197852373123, -0.07268401235342026, 0.5565705895423889], [0.016611123457551003, 0.163814976811409, 0.3306541442871094], [-0.5664710402488708, 0.35481905937194824, 0.6802555918693542], [-0.08416523039340973, 0.048050712794065475, 0.3145982623100281], [-0.29316040873527527, 0.09096839278936386, 0.1033342108130455], [-0.15130646526813507, 0.10685793310403824, 0.6744059324264526], [-0.23228587210178375, 0.006062021013349295, 0.4996649920940399], [-0.18323083221912384, 0.20566341280937195, 0.3243665099143982], [0.8560823202133179, -0.3052870035171509, 0.0870162695646286], [-0.5666536092758179, 0.01511270459741354, 0.0970635935664177], [0.7035368084907532, -0.26690995693206787, 0.3359469771385193]], "trans": [-0.5524488091468811, 0.5217306613922119, 3.812709331512451], "focal": [1177.7945556640625, 1177.7945556640625], "princpt": [680.0, 384.0], "img_size_wh": [1360, 768], "pad_ratio": 0.0}