{"betas": [0.8196620941162109, -0.7132406234741211, 0.022528771311044693, 0.08440176397562027, 0.21419639885425568, 0.18486836552619934, 0.21954046189785004, -0.14364439249038696, -0.31794342398643494, -0.3038868308067322], "root_pose": [2.9691975116729736, -0.5585010647773743, 0.9586676955223083], "body_pose": [[-1.174033761024475, -0.12880536913871765, 1.217153549194336], [-0.006527471821755171, -0.3251307010650635, -0.2731245458126068], [0.5938733816146851, 0.03307844698429108, -0.18089719116687775], [0.492338091135025, 0.0456019826233387, 0.10486214607954025], [0.2850419580936432, 0.04439225420355797, 0.049023646861314774], [-0.028665589168667793, -0.02131379023194313, -0.20443470776081085], [0.4234157204627991, 0.26192882657051086, -0.27769970893859863], [-0.28487810492515564, -0.33920177817344666, 0.08012828230857849], [-0.0166675616055727, -0.045951999723911285, -0.19787481427192688], [0.007019270211458206, -0.003503938904032111, -0.013844134286046028], [-0.05590213090181351, 0.020842257887125015, -0.048997487872838974], [0.10932432115077972, 0.2688547372817993, -0.12005086243152618], [-0.25964370369911194, -0.24729023873806, 0.45260173082351685], [-0.2221352607011795, 0.15028031170368195, -0.4449908137321472], [-0.30690333247184753, 0.37901920080184937, -0.061077333986759186], [-0.32529976963996887, -0.13867256045341492, 0.222589373588562], [-0.06225452944636345, 0.08705300837755203, -0.30754411220550537], [0.0035652972292155027, -0.17007793486118317, 0.041433513164520264], [-0.06969784200191498, 2.036933183670044, -0.38532134890556335], [0.48293769359588623, 0.11672385782003403, 0.35476791858673096], [-0.20799286663532257, 0.5313282608985901, -0.28571373224258423]], "jaw_pose": [0.03247388079762459, 0.005301791708916426, 0.0014728510286659002], "leye_pose": [0.0, 0.0, 0.0], "reye_pose": [0.0, 0.0, 0.0], "lhand_pose": [[0.10398077964782715, 0.16889125108718872, -0.2429305464029312], [0.06549405306577682, -0.04169541969895363, -0.2504362463951111], [-0.04200749099254608, -0.06887773424386978, -0.17694097757339478], [-0.054188746958971024, 0.16877709329128265, -0.3212147057056427], [-0.06078701093792915, 0.02958080545067787, -0.2999977767467499], [-0.0056280214339494705, -0.1529541164636612, -0.22235511243343353], [-0.3203152120113373, -0.37547293305397034, -0.33860400319099426], [0.12791666388511658, 0.09059526026248932, -0.20405185222625732], [-0.228118896484375, 0.01118981372565031, 0.08342190831899643], [-0.04239143803715706, -0.046696826815605164, -0.3028729557991028], [-0.18075765669345856, 0.051436807960271835, -0.3021344244480133], [-0.1963769793510437, -0.17422109842300415, -0.16892506182193756], [0.7945261597633362, 0.24628397822380066, -0.05263747647404671], [-0.6218667030334473, -0.01630413345992565, -0.05730779469013214], [0.6529318690299988, 0.05188066512346268, -0.16850535571575165]], "rhand_pose": [[0.08081955462694168, -0.1545412242412567, 0.46327927708625793], [0.1365402191877365, 0.0311533622443676, 0.5137273073196411], [-0.09139164537191391, 0.13325047492980957, 0.19536301493644714], [-0.14154955744743347, -0.067898690700531, 0.7223961353302002], [-0.09076637774705887, -0.08542001992464066, 0.45608586072921753], [0.017934780567884445, 0.1620415449142456, 0.2666339874267578], [-0.551461398601532, 0.39691776037216187, 0.6092004776000977], [-0.05588648095726967, 0.006629563868045807, 0.24020420014858246], [-0.23693960905075073, 0.08068062365055084, 0.06020088866353035], [-0.1351015865802765, 0.12969915568828583, 0.6172896027565002], [-0.22102554142475128, -0.0009094797424040735, 0.40482792258262634], [-0.18502645194530487, 0.20231939852237701, 0.2666637897491455], [0.8572747707366943, -0.3387742340564728, 0.10761664062738419], [-0.579489529132843, 0.04441754147410393, 0.08178585767745972], [0.7104136347770691, -0.22226519882678986, 0.3377435803413391]], "trans": [-0.5433809757232666, 0.4678148627281189, 3.809288740158081], "focal": [1177.7945556640625, 1177.7945556640625], "princpt": [680.0, 384.0], "img_size_wh": [1360, 768], "pad_ratio": 0.0}