{"betas": [0.8197118639945984, -0.7137207984924316, 0.022292999550700188, 0.08452686667442322, 0.21410317718982697, 0.184926375746727, 0.21946318447589874, -0.14350880682468414, -0.3177294433116913, -0.30377376079559326], "root_pose": [2.883906602859497, -0.4893796443939209, 0.8756654262542725], "body_pose": [[3.2013864517211914, 0.31322333216667175, -2.9875128269195557], [0.029959343373775482, -0.37229469418525696, -0.2937374711036682], [0.580989420413971, 0.03163624554872513, -0.23834572732448578], [0.34260448813438416, 0.124454565346241, 0.06624063849449158], [0.16945309937000275, -0.010460054501891136, 0.02427889220416546], [-0.01928545907139778, -0.04076302796602249, -0.2388526350259781], [0.6205005049705505, 0.2108970433473587, -0.2960585653781891], [0.19574092328548431, -0.3454195559024811, 0.2867349088191986], [-0.05288832262158394, -0.06288894265890121, -0.23380430042743683], [0.013366910628974438, -0.0011961158597841859, -0.005922329146414995], [-0.04114769399166107, 0.011739750392735004, -0.04122019559144974], [0.13874061405658722, 0.2684064507484436, -0.0739789679646492], [-0.24012576043605804, -0.3475891947746277, 0.5392634272575378], [-0.2062772959470749, 0.18045811355113983, -0.49473801255226135], [-0.3602309226989746, 0.4027195870876312, -0.07330141961574554], [-0.3335868716239929, -0.1917921006679535, 0.28793928027153015], [-0.06893613934516907, 0.05439601093530655, -0.320464551448822], [0.04530477151274681, -0.15130490064620972, 0.04543469101190567], [-0.13918063044548035, 2.0433990955352783, -0.40137171745300293], [0.5827836990356445, 0.11104405671358109, 0.3748496174812317], [-0.17237474024295807, 0.5710329413414001, -0.19872547686100006]], "jaw_pose": [0.02307276986539364, 0.003673131112009287, 0.010581224225461483], "leye_pose": [0.0, 0.0, 0.0], "reye_pose": [0.0, 0.0, 0.0], "lhand_pose": [[0.10007618367671967, 0.15949568152427673, -0.2453368455171585], [0.05042034015059471, -0.05727895349264145, -0.19866813719272614], [-0.0354839451611042, -0.06573011726140976, -0.12355174124240875], [-0.04959331825375557, 0.14191244542598724, -0.2785906493663788], [-0.05578770115971565, 0.03509541228413582, -0.22703547775745392], [-0.0025160720106214285, -0.14167922735214233, -0.17091895639896393], [-0.24478213489055634, -0.3227904736995697, -0.24634593725204468], [0.1401633471250534, 0.09597864747047424, -0.16731858253479004], [-0.2072763592004776, 0.018099498003721237, 0.08260253071784973], [-0.03932467848062515, -0.05501370504498482, -0.24798014760017395], [-0.16251489520072937, 0.06082623079419136, -0.22714968025684357], [-0.1723695695400238, -0.15114936232566833, -0.13867051899433136], [0.7551568746566772, 0.23950831592082977, -0.041221924126148224], [-0.5967317223548889, -0.025418825447559357, -0.029963787645101547], [0.6032095551490784, 0.020034104585647583, -0.16353684663772583]], "rhand_pose": [[0.06199388951063156, -0.17788930237293243, 0.4469905495643616], [0.13511241972446442, 0.03478085249662399, 0.4955330193042755], [-0.08440703898668289, 0.1304965615272522, 0.1487538367509842], [-0.1544875204563141, -0.051749128848314285, 0.7037075161933899], [-0.09075623005628586, -0.07775639742612839, 0.4170967638492584], [0.015856534242630005, 0.156259685754776, 0.21822164952754974], [-0.5458885431289673, 0.4082903563976288, 0.5462697744369507], [-0.047982633113861084, 0.007234945427626371, 0.20331184566020966], [-0.20508910715579987, 0.06506485491991043, 0.0658223107457161], [-0.15187890827655792, 0.1433023065328598, 0.5819970369338989], [-0.20834621787071228, 0.004902645479887724, 0.3747711777687073], [-0.17320556938648224, 0.19028550386428833, 0.23986047506332397], [0.8166053295135498, -0.3763403594493866, 0.07981601357460022], [-0.5616148114204407, 0.05565005540847778, 0.05798911675810814], [0.6678208708763123, -0.18360619246959686, 0.2999372184276581]], "trans": [-0.5242524147033691, 0.3183867037296295, 3.7102675437927246], "focal": [1177.7945556640625, 1177.7945556640625], "princpt": [680.0, 384.0], "img_size_wh": [1360, 768], "pad_ratio": 0.0}