{"betas": [0.8196044564247131, -0.7135942578315735, 0.022386716678738594, 0.08447710424661636, 0.21419589221477509, 0.1848432570695877, 0.21950523555278778, -0.1435212939977646, -0.3177220821380615, -0.30388325452804565], "root_pose": [2.904456615447998, -0.5230286121368408, 0.9133952260017395], "body_pose": [[-1.3195478916168213, -0.14876112341880798, 1.2961876392364502], [0.0032863630913197994, -0.33851349353790283, -0.29671937227249146], [0.5766124129295349, 0.024692023172974586, -0.21580356359481812], [0.36763158440589905, 0.08862069994211197, 0.060842860490083694], [0.1797098070383072, 0.05729519575834274, 0.022063495591282845], [-0.022441059350967407, -0.03620215877890587, -0.22487787902355194], [0.5537831783294678, 0.2173158973455429, -0.2946026921272278], [0.002153924200683832, -0.3440724015235901, 0.19775356352329254], [-0.04087700694799423, -0.05878892168402672, -0.2197488695383072], [0.012770016677677631, -0.00013746826152782887, -0.01104675978422165], [-0.0487605519592762, 0.013941396959125996, -0.04949498176574707], [0.14116120338439941, 0.2622013986110687, -0.07768512517213821], [-0.243693009018898, -0.3033204972743988, 0.5210885405540466], [-0.20554445683956146, 0.1637972593307495, -0.4934765100479126], [-0.2922791838645935, 0.3891961872577667, -0.03545304387807846], [-0.3298332691192627, -0.1697915941476822, 0.25607818365097046], [-0.0618072971701622, 0.05430622398853302, -0.33599603176116943], [0.03845260292291641, -0.1485312581062317, 0.03913925215601921], [-0.09937693178653717, 2.0206379890441895, -0.3708765506744385], [0.573580801486969, 0.09517643600702286, 0.3685118556022644], [-0.21477878093719482, 0.5538825392723083, -0.21653927862644196]], "jaw_pose": [0.02327408827841282, 0.004543667193502188, 0.0064356522634625435], "leye_pose": [0.0, 0.0, 0.0], "reye_pose": [0.0, 0.0, 0.0], "lhand_pose": [[0.10618480294942856, 0.1439787745475769, -0.20561252534389496], [0.038437485694885254, -0.04975336417555809, -0.17079512774944305], [-0.03473832830786705, -0.05715373158454895, -0.13995318114757538], [-0.037156835198402405, 0.15139450132846832, -0.23521755635738373], [-0.0560167096555233, 0.039794061332941055, -0.22141458094120026], [-0.003516812575981021, -0.1403326839208603, -0.16888074576854706], [-0.27100682258605957, -0.31000664830207825, -0.26216524839401245], [0.19544076919555664, 0.1129104346036911, -0.16343975067138672], [-0.22544416785240173, 0.022579066455364227, 0.11571278423070908], [-0.037051524966955185, -0.035564735531806946, -0.22569112479686737], [-0.15704026818275452, 0.06633852422237396, -0.19731765985488892], [-0.17798718810081482, -0.15757735073566437, -0.13073837757110596], [0.777206301689148, 0.22579818964004517, -0.04911671578884125], [-0.6276745796203613, -0.02922661043703556, -0.039227209985256195], [0.6299967169761658, 0.020882220938801765, -0.15727484226226807]], "rhand_pose": [[0.0680619478225708, -0.15954935550689697, 0.42909470200538635], [0.1260739266872406, 0.028692403808236122, 0.46129587292671204], [-0.07908602058887482, 0.12194216251373291, 0.16876521706581116], [-0.14175079762935638, -0.05264705419540405, 0.6709479093551636], [-0.09500501304864883, -0.07918637245893478, 0.40763330459594727], [0.017138725146651268, 0.15367542207241058, 0.22911864519119263], [-0.5390640497207642, 0.3878464996814728, 0.5571517944335938], [-0.03219928964972496, -0.00229336554184556, 0.1962975114583969], [-0.21106067299842834, 0.07213154435157776, 0.04437835142016411], [-0.14361323416233063, 0.12621168792247772, 0.5603522658348083], [-0.20489320158958435, -0.0029910693410784006, 0.3597719669342041], [-0.17410072684288025, 0.19488172233104706, 0.23738297820091248], [0.8240135312080383, -0.3527222275733948, 0.07945078611373901], [-0.5772337317466736, 0.05711665377020836, 0.07560059428215027], [0.690723180770874, -0.20041333138942719, 0.3013405501842499]], "trans": [-0.5240117311477661, 0.3746047914028168, 3.7474193572998047], "focal": [1177.7945556640625, 1177.7945556640625], "princpt": [680.0, 384.0], "img_size_wh": [1360, 768], "pad_ratio": 0.0}