{"betas": [0.8196571469306946, -0.7132733464241028, 0.022434081882238388, 0.0843743085861206, 0.2140243649482727, 0.18499933183193207, 0.21943794190883636, -0.1437002271413803, -0.31791549921035767, -0.3038212060928345], "root_pose": [2.983351469039917, -0.565152645111084, 1.0489096641540527], "body_pose": [[-1.0489370822906494, -0.09198044240474701, 0.9849141240119934], [-0.05714737996459007, -0.29463762044906616, -0.19271233677864075], [0.5954069495201111, 0.058467891067266464, -0.1527540385723114], [0.8421445488929749, 0.022890960797667503, 0.05458496883511543], [0.525432288646698, -0.04547620937228203, 0.023590486496686935], [-0.051074955612421036, -0.0010977525962516665, -0.2052735537290573], [0.42925551533699036, 0.20784446597099304, -0.27790313959121704], [-0.4245704710483551, -0.41254204511642456, -0.0397530160844326], [0.011076188646256924, -0.021655162796378136, -0.18919359147548676], [-0.005231248214840889, -0.008352326229214668, -0.005661360453814268], [-0.03958585113286972, 0.02445431984961033, -0.03879798576235771], [0.11472424119710922, 0.35559988021850586, -0.15687575936317444], [-0.27415958046913147, -0.2578783929347992, 0.33952710032463074], [-0.2189137190580368, 0.1324131190776825, -0.4314420819282532], [-0.3355262577533722, 0.542741596698761, -0.15661495923995972], [-0.30727261304855347, -0.19161371886730194, 0.10748601704835892], [0.027301747351884842, 0.09402305632829666, -0.13263559341430664], [-0.07592617720365524, -0.2519519627094269, 0.04532220959663391], [-0.006132406182587147, 2.0733492374420166, -0.2677963972091675], [0.2983885109424591, 0.2043485790491104, 0.5119609832763672], [-0.5704614520072937, 0.25744014978408813, -0.13837911188602448]], "jaw_pose": [0.04662730544805527, 0.0056747449561953545, 0.0019278934923931956], "leye_pose": [0.0, 0.0, 0.0], "reye_pose": [0.0, 0.0, 0.0], "lhand_pose": [[0.11096278578042984, 0.17153748869895935, -0.1397942453622818], [0.037155378609895706, -0.025365523993968964, -0.16086147725582123], [-0.03104248270392418, -0.06502038240432739, -0.18703870475292206], [-0.02716170996427536, 0.18810632824897766, -0.17975567281246185], [-0.06276854127645493, 0.02736474573612213, -0.27399465441703796], [-0.017873628064990044, -0.14308391511440277, -0.2095077782869339], [-0.22344836592674255, -0.33158767223358154, -0.2341964989900589], [0.08844327181577682, 0.04754101112484932, -0.2227156013250351], [-0.22419823706150055, 0.009041542187333107, 0.08591622859239578], [0.0052291713654994965, -0.010060965083539486, -0.19824112951755524], [-0.17142993211746216, 0.04224652796983719, -0.2503873109817505], [-0.18203943967819214, -0.17460863292217255, -0.15175440907478333], [0.7252547144889832, 0.19786638021469116, 0.019067417830228806], [-0.6129879951477051, 0.033721815794706345, -0.08235672861337662], [0.6090735793113708, 0.08243364840745926, -0.11826452612876892]], "rhand_pose": [[0.09650503098964691, -0.14663776755332947, 0.45088478922843933], [0.1336028128862381, 0.020006006583571434, 0.5960947275161743], [-0.09443282335996628, 0.13661034405231476, 0.2472442388534546], [-0.1523587703704834, -0.09549780189990997, 0.772624135017395], [-0.09343591332435608, -0.075811967253685, 0.5899835824966431], [0.01961364969611168, 0.17339175939559937, 0.3537510931491852], [-0.6198403835296631, 0.3347502648830414, 0.764773964881897], [-0.05998752638697624, 0.06172676384449005, 0.35857266187667847], [-0.3292059004306793, 0.07946297526359558, 0.11123564839363098], [-0.17947453260421753, 0.10208627581596375, 0.7801756262779236], [-0.2420777529478073, 0.011837285943329334, 0.517925500869751], [-0.18122069537639618, 0.2068212926387787, 0.355348140001297], [0.870708703994751, -0.30112800002098083, 0.08802900463342667], [-0.5719698071479797, 0.01845039241015911, 0.08757304400205612], [0.6979703903198242, -0.2695281505584717, 0.3203577399253845]], "trans": [-0.5516608357429504, 0.5493202805519104, 3.8091213703155518], "focal": [1177.7945556640625, 1177.7945556640625], "princpt": [680.0, 384.0], "img_size_wh": [1360, 768], "pad_ratio": 0.0}