{"betas": [0.819628894329071, -0.7134138345718384, 0.02235788106918335, 0.08428109437227249, 0.21399889886379242, 0.18496304750442505, 0.21940124034881592, -0.14357200264930725, -0.31797146797180176, -0.3037475049495697], "root_pose": [2.98831844329834, -0.5370237231254578, 1.0733697414398193], "body_pose": [[-1.05350661277771, -0.06432436406612396, 0.7873333692550659], [-0.12541909515857697, -0.2401084452867508, -0.1373930126428604], [0.606522262096405, 0.0660737007856369, -0.14058808982372284], [1.0384461879730225, 0.07735880464315414, -0.07856044918298721], [0.6999359130859375, -0.056823138147592545, 0.014270681887865067], [-0.0574963316321373, 0.0065096099860966206, -0.19914864003658295], [0.3598993718624115, 0.13595367968082428, -0.24166463315486908], [-0.4299604594707489, -0.4575222134590149, -0.09804049879312515], [0.028402237221598625, -0.008958655409514904, -0.1830885112285614], [-0.01655532792210579, -0.012505760416388512, 0.0037456683348864317], [-0.031855180859565735, 0.024949654936790466, -0.03170593082904816], [0.09119672328233719, 0.34668296575546265, -0.14130209386348724], [-0.24228240549564362, -0.2581273913383484, 0.2906632125377655], [-0.24221466481685638, 0.1700569987297058, -0.4119113087654114], [-0.3291322886943817, 0.5418831706047058, -0.1597577929496765], [-0.25749069452285767, -0.19431334733963013, 0.029936514794826508], [0.05261719971895218, 0.10814931988716125, -0.031700145453214645], [-0.10590952634811401, -0.27135902643203735, 0.023653974756598473], [0.05187959969043732, 1.9273147583007812, -0.24901780486106873], [0.2836707830429077, 0.25376006960868835, 0.5939127206802368], [-0.3654312491416931, 0.2663423717021942, -0.1384989619255066]], "jaw_pose": [0.04902723431587219, 0.00272526778280735, 0.0059423684142529964], "leye_pose": [0.0, 0.0, 0.0], "reye_pose": [0.0, 0.0, 0.0], "lhand_pose": [[0.12790259718894958, 0.17482462525367737, -0.16224133968353271], [0.05453330650925636, -0.030056850984692574, -0.20559161901474], [-0.0482509583234787, -0.07187408953905106, -0.15684759616851807], [-0.050175637006759644, 0.1787572056055069, -0.22937509417533875], [-0.06447742134332657, 0.039369165897369385, -0.3045625388622284], [-0.013611993752419949, -0.1502566933631897, -0.20864811539649963], [-0.29704758524894714, -0.37831827998161316, -0.2730272114276886], [0.11053226888179779, 0.034751176834106445, -0.2558532953262329], [-0.24898527562618256, 0.010130701586604118, 0.08235911279916763], [-0.02971494011580944, -0.039259131997823715, -0.2737589478492737], [-0.18886350095272064, 0.03331144526600838, -0.257217139005661], [-0.17766377329826355, -0.172093003988266, -0.1578691303730011], [0.7817173004150391, 0.2530364692211151, 0.005793382413685322], [-0.6092144250869751, 0.03425579145550728, -0.06019822508096695], [0.6175966858863831, 0.07398741692304611, -0.13354481756687164]], "rhand_pose": [[0.09946196526288986, -0.15104304254055023, 0.4835423231124878], [0.15254972875118256, 0.03282460197806358, 0.5870436429977417], [-0.1120486930012703, 0.13505996763706207, 0.19973279535770416], [-0.16181638836860657, -0.08839671313762665, 0.7892253398895264], [-0.08882594108581543, -0.08184991776943207, 0.5479912161827087], [0.02136560156941414, 0.17898744344711304, 0.3275465965270996], [-0.6320578455924988, 0.34718048572540283, 0.7588929533958435], [-0.027031948789954185, 0.047643717378377914, 0.35496535897254944], [-0.3419191837310791, 0.05396883562207222, 0.07784885913133621], [-0.17812639474868774, 0.10515303909778595, 0.81810063123703], [-0.24680215120315552, 0.013161827810108662, 0.4572959542274475], [-0.1827678382396698, 0.19645801186561584, 0.3414696156978607], [0.9051183462142944, -0.3396477699279785, 0.09804318100214005], [-0.5821720957756042, 0.024138206616044044, 0.07210129499435425], [0.6895470023155212, -0.239152729511261, 0.3001082241535187]], "trans": [-0.5540127754211426, 0.5745878219604492, 3.808530569076538], "focal": [1177.7945556640625, 1177.7945556640625], "princpt": [680.0, 384.0], "img_size_wh": [1360, 768], "pad_ratio": 0.0}