{"betas": [0.8195766806602478, -0.7134697437286377, 0.02239159308373928, 0.08428478240966797, 0.21396510303020477, 0.18492625653743744, 0.21942207217216492, -0.14338403940200806, -0.3178657293319702, -0.3037106692790985], "root_pose": [3.0044496059417725, -0.46274107694625854, 1.0846375226974487], "body_pose": [[-1.0670819282531738, -0.00010850412218132988, 0.601068377494812], [-0.2060837745666504, -0.19147343933582306, -0.0810847133398056], [0.6181778907775879, 0.05372171476483345, -0.12853987514972687], [1.1334819793701172, 0.1641719788312912, -0.21760766208171844], [0.8098006844520569, -0.07211150974035263, 0.0164513997733593], [-0.05446970835328102, -0.003442359622567892, -0.1786753237247467], [0.28986218571662903, 0.07717297971248627, -0.2090519368648529], [-0.454616904258728, -0.46751365065574646, -0.16217973828315735], [0.04352262243628502, -0.010027856566011906, -0.1625341922044754], [-0.01836775243282318, -0.015501122921705246, 0.006839874666184187], [-0.026007073000073433, 0.023848671466112137, -0.0366959273815155], [0.04902772232890129, 0.37264227867126465, -0.0898435041308403], [-0.1990252286195755, -0.2626155614852905, 0.2386113405227661], [-0.273368775844574, 0.23124456405639648, -0.38859978318214417], [-0.2859286367893219, 0.5680121779441833, -0.17005783319473267], [-0.19762933254241943, -0.17613764107227325, -0.01442710030823946], [0.04191077500581741, 0.20951730012893677, 0.051873788237571716], [-0.16018512845039368, -0.2556260824203491, 0.024680567905306816], [0.1015150249004364, 1.8177474737167358, -0.254434198141098], [0.16731907427310944, 0.2743701934814453, 0.6434987783432007], [-0.1474360227584839, 0.32444149255752563, -0.21281805634498596]], "jaw_pose": [0.04370315000414848, 0.0026885082479566336, 0.00462914677336812], "leye_pose": [0.0, 0.0, 0.0], "reye_pose": [0.0, 0.0, 0.0], "lhand_pose": [[0.12781645357608795, 0.1948782354593277, -0.16802369058132172], [0.0709901824593544, -0.0327032208442688, -0.20059682428836823], [-0.06292417645454407, -0.0765928328037262, -0.10916800796985626], [-0.07073194533586502, 0.17774854600429535, -0.2608507573604584], [-0.06362731754779816, 0.04741983488202095, -0.2896066904067993], [-0.007966387085616589, -0.1492711752653122, -0.19041164219379425], [-0.34012460708618164, -0.4231489598751068, -0.29724130034446716], [0.13826946914196014, 0.02283293940126896, -0.2628243565559387], [-0.27215576171875, 0.017792535945773125, 0.09698661416769028], [-0.05631277337670326, -0.06044905632734299, -0.3252059817314148], [-0.19437479972839355, 0.017282573506236076, -0.2200101912021637], [-0.16654646396636963, -0.16115014255046844, -0.15690337121486664], [0.7960389256477356, 0.28346434235572815, 0.006626768968999386], [-0.6002551317214966, 0.022406600415706635, -0.05976785346865654], [0.6054468750953674, 0.0627136379480362, -0.12089968472719193]], "rhand_pose": [[0.08037252724170685, -0.1612454205751419, 0.4478395879268646], [0.1588871330022812, 0.026959450915455818, 0.4873456656932831], [-0.11663271486759186, 0.12832479178905487, 0.13264723122119904], [-0.14258842170238495, -0.07562128454446793, 0.7098702788352966], [-0.08498924970626831, -0.0867190808057785, 0.40034857392311096], [0.0138401435688138, 0.15110266208648682, 0.2530806064605713], [-0.5198619961738586, 0.3701211214065552, 0.6107993125915527], [-0.028058219701051712, 0.007531439419835806, 0.2762168049812317], [-0.2931255102157593, 0.0465385764837265, 0.03081819787621498], [-0.11450786143541336, 0.09664008766412735, 0.7104583382606506], [-0.23635658621788025, 0.012950689531862736, 0.30845996737480164], [-0.1696307510137558, 0.16855458915233612, 0.27410703897476196], [0.8766891360282898, -0.3502703011035919, 0.07961948215961456], [-0.5720491409301758, 0.03094208426773548, 0.06188545748591423], [0.6522859930992126, -0.2169935256242752, 0.26682519912719727]], "trans": [-0.5579507946968079, 0.5853980779647827, 3.8175861835479736], "focal": [1177.7945556640625, 1177.7945556640625], "princpt": [680.0, 384.0], "img_size_wh": [1360, 768], "pad_ratio": 0.0}