{"betas": [0.8196635246276855, -0.7133152484893799, 0.022395126521587372, 0.08435988426208496, 0.21398349106311798, 0.18497565388679504, 0.21940702199935913, -0.14369451999664307, -0.31789928674697876, -0.30375757813453674], "root_pose": [2.9834203720092773, -0.5594156980514526, 1.058864951133728], "body_pose": [[-1.0464286804199219, -0.08732528239488602, 0.922982394695282], [-0.07744576036930084, -0.2779732346534729, -0.17544397711753845], [0.5976820588111877, 0.06317418068647385, -0.14783696830272675], [0.9214701056480408, 0.034860797226428986, 0.014846047386527061], [0.593184769153595, -0.051558684557676315, 0.020046189427375793], [-0.05574161931872368, 0.002613190095871687, -0.20439623296260834], [0.4077378809452057, 0.18329207599163055, -0.26622170209884644], [-0.4243049621582031, -0.4312171936035156, -0.060111552476882935], [0.016861489042639732, -0.016920235008001328, -0.18808892369270325], [-0.009784355759620667, -0.009990813210606575, -0.002398848533630371], [-0.0367044135928154, 0.024793656542897224, -0.03616882115602493], [0.11099953949451447, 0.3599313795566559, -0.1582130342721939], [-0.2684490978717804, -0.2526841163635254, 0.32234081625938416], [-0.22637929022312164, 0.138740673661232, -0.4257836937904358], [-0.3419724702835083, 0.5548021793365479, -0.16162604093551636], [-0.2954382300376892, -0.19692596793174744, 0.07283078134059906], [0.040168289095163345, 0.09883373230695724, -0.09743928909301758], [-0.09005076438188553, -0.26300522685050964, 0.041248783469200134], [0.012647377327084541, 2.040783643722534, -0.2554629147052765], [0.2846822440624237, 0.21976780891418457, 0.546390950679779], [-0.5377998948097229, 0.24050575494766235, -0.13143189251422882]], "jaw_pose": [0.04943090304732323, 0.004989248234778643, 0.0026969686150550842], "leye_pose": [0.0, 0.0, 0.0], "reye_pose": [0.0, 0.0, 0.0], "lhand_pose": [[0.11676977574825287, 0.17514222860336304, -0.1536421775817871], [0.044669244438409805, -0.027319075539708138, -0.17511394619941711], [-0.03670793026685715, -0.0679565817117691, -0.17278985679149628], [-0.03950280323624611, 0.18271151185035706, -0.20419949293136597], [-0.06187393143773079, 0.03146880120038986, -0.28013935685157776], [-0.016998350620269775, -0.14556829631328583, -0.20851220190525055], [-0.2538912892341614, -0.35814863443374634, -0.24587081372737885], [0.10047133266925812, 0.04172226041555405, -0.23305489122867584], [-0.23252283036708832, 0.009960893541574478, 0.08582915365695953], [-0.007478033192455769, -0.029011067003011703, -0.23138518631458282], [-0.17723208665847778, 0.036971643567085266, -0.245392307639122], [-0.18005752563476562, -0.17303180694580078, -0.15311916172504425], [0.7454893589019775, 0.22233395278453827, 0.02297705039381981], [-0.6137719750404358, 0.034710001200437546, -0.07473543286323547], [0.6086721420288086, 0.07996062189340591, -0.11729694902896881]], "rhand_pose": [[0.09996335953474045, -0.1513451486825943, 0.47281768918037415], [0.1422247737646103, 0.026152098551392555, 0.6064241528511047], [-0.10085561126470566, 0.13734975457191467, 0.2357598841190338], [-0.16062156856060028, -0.09531985968351364, 0.7999036908149719], [-0.08912521600723267, -0.07926622033119202, 0.5874651074409485], [0.021240558475255966, 0.17830568552017212, 0.35212406516075134], [-0.6487081050872803, 0.3372437655925751, 0.7939261794090271], [-0.04147233068943024, 0.06229250505566597, 0.36806821823120117], [-0.3432789444923401, 0.06853481382131577, 0.10287746787071228], [-0.19216494262218475, 0.10488028079271317, 0.8241522312164307], [-0.24655063450336456, 0.0125410882756114, 0.5070207118988037], [-0.1819864809513092, 0.20519952476024628, 0.35927578806877136], [0.886296808719635, -0.3201131224632263, 0.09190824627876282], [-0.5779832601547241, 0.022446410730481148, 0.08297883719205856], [0.6970123052597046, -0.26287615299224854, 0.310390442609787]], "trans": [-0.5512226223945618, 0.5601012706756592, 3.8066420555114746], "focal": [1177.7945556640625, 1177.7945556640625], "princpt": [680.0, 384.0], "img_size_wh": [1360, 768], "pad_ratio": 0.0}