{"betas": [0.8196391463279724, -0.7134125828742981, 0.0223687756806612, 0.0843263790011406, 0.21398332715034485, 0.18500757217407227, 0.21939733624458313, -0.14364251494407654, -0.31790944933891296, -0.30377069115638733], "root_pose": [2.9848930835723877, -0.5509206652641296, 1.0664479732513428], "body_pose": [[-1.0497660636901855, -0.07851582020521164, 0.8541272282600403], [-0.0999688133597374, -0.25915762782096863, -0.15664909780025482], [0.6015812754631042, 0.06630546599626541, -0.1435527503490448], [0.9855300188064575, 0.053653087466955185, -0.030729766935110092], [0.6521622538566589, -0.054351236671209335, 0.017265284433960915], [-0.05769941583275795, 0.005594881251454353, -0.2022625356912613], [0.3825843334197998, 0.16101627051830292, -0.2540077269077301], [-0.42471349239349365, -0.4461404085159302, -0.07934796810150146], [0.022590629756450653, -0.012447972781956196, -0.18603794276714325], [-0.013450329191982746, -0.011369912885129452, 0.0008700006292201579], [-0.034312959760427475, 0.024864081293344498, -0.03347289189696312], [0.10286427289247513, 0.35154590010643005, -0.15525475144386292], [-0.2569447457790375, -0.2537729740142822, 0.3063202500343323], [-0.23404261469841003, 0.1520654559135437, -0.41925185918807983], [-0.3394181430339813, 0.5482590794563293, -0.16556225717067719], [-0.27861958742141724, -0.19832095503807068, 0.044835951179265976], [0.0485616959631443, 0.10127918422222137, -0.06436464935541153], [-0.10046620666980743, -0.2698899805545807, 0.03362630680203438], [0.03391645848751068, 1.9881609678268433, -0.2505080997943878], [0.28087690472602844, 0.2373753935098648, 0.5734778642654419], [-0.46108952164649963, 0.24748818576335907, -0.13254481554031372]], "jaw_pose": [0.049687884747982025, 0.0037022968754172325, 0.004341540392488241], "leye_pose": [0.0, 0.0, 0.0], "reye_pose": [0.0, 0.0, 0.0], "lhand_pose": [[0.12282061576843262, 0.17401356995105743, -0.16399303078651428], [0.05058759078383446, -0.030490390956401825, -0.20077073574066162], [-0.043194618076086044, -0.07052848488092422, -0.16620974242687225], [-0.04947945848107338, 0.17854154109954834, -0.22679771482944489], [-0.06320789456367493, 0.03508920222520828, -0.30190661549568176], [-0.015759777277708054, -0.1487751603126526, -0.21437019109725952], [-0.286319762468338, -0.3751991391181946, -0.2695145308971405], [0.10329536348581314, 0.036193784326314926, -0.25106894969940186], [-0.2430880218744278, 0.009655698202550411, 0.0800052061676979], [-0.023792313411831856, -0.04018604755401611, -0.26599547266960144], [-0.18617218732833862, 0.03365640342235565, -0.26030686497688293], [-0.18033017218112946, -0.17256218194961548, -0.1602291762828827], [0.7684789896011353, 0.24387650191783905, 0.014179831370711327], [-0.6110392808914185, 0.03441856428980827, -0.06627554446458817], [0.6154903173446655, 0.07700516283512115, -0.126384437084198]], "rhand_pose": [[0.10204742103815079, -0.1534607857465744, 0.4898381531238556], [0.15063048899173737, 0.03204340115189552, 0.612737238407135], [-0.10842090100049973, 0.13795055449008942, 0.21985818445682526], [-0.16633453965187073, -0.09384015202522278, 0.8134058117866516], [-0.0878719836473465, -0.08187200874090195, 0.5807836055755615], [0.022294199094176292, 0.18138551712036133, 0.3464198112487793], [-0.6596383452415466, 0.3410765826702118, 0.7992562651634216], [-0.03245512768626213, 0.0581849068403244, 0.3722992241382599], [-0.3496875464916229, 0.05880644917488098, 0.09503184258937836], [-0.19506172835826874, 0.10733170062303543, 0.8451274633407593], [-0.2500916123390198, 0.013162186369299889, 0.49516573548316956], [-0.1839248239994049, 0.20111411809921265, 0.35829922556877136], [0.9032567143440247, -0.3384464979171753, 0.09843258559703827], [-0.5817313194274902, 0.024252867326140404, 0.07778851687908173], [0.6966427564620972, -0.2518240809440613, 0.3059271275997162]], "trans": [-0.5517935156822205, 0.5685095191001892, 3.8063759803771973], "focal": [1177.7945556640625, 1177.7945556640625], "princpt": [680.0, 384.0], "img_size_wh": [1360, 768], "pad_ratio": 0.0}