{"betas": [0.8195791244506836, -0.7134381532669067, 0.022310147061944008, 0.08427760750055313, 0.2139696478843689, 0.18494489789009094, 0.2194080799818039, -0.1434708833694458, -0.31795305013656616, -0.3038310706615448], "root_pose": [2.993131160736084, -0.5172966718673706, 1.0796482563018799], "body_pose": [[-1.056473731994629, -0.04605938121676445, 0.7243559956550598], [-0.1523558348417282, -0.22205087542533875, -0.11847995966672897], [0.6111392974853516, 0.06329350918531418, -0.13766144216060638], [1.0822997093200684, 0.10454889386892319, -0.126817986369133], [0.7405315637588501, -0.060636382550001144, 0.012117789126932621], [-0.05655017867684364, 0.005264215171337128, -0.1945749670267105], [0.33652499318122864, 0.10414477437734604, -0.22694602608680725], [-0.43343913555145264, -0.46786418557167053, -0.11657203733921051], [0.03395327925682068, -0.007097520865499973, -0.17854002118110657], [-0.018649501726031303, -0.013728784397244453, 0.0053029656410217285], [-0.029633523896336555, 0.025056103244423866, -0.03268902748823166], [0.07829611748456955, 0.350961834192276, -0.11998831480741501], [-0.2269643247127533, -0.26173707842826843, 0.2742413282394409], [-0.2517727017402649, 0.19049707055091858, -0.4045131206512451], [-0.30830973386764526, 0.5442637205123901, -0.15484878420829773], [-0.23496705293655396, -0.18714040517807007, 0.020184023305773735], [0.05205446481704712, 0.12891483306884766, -0.002093271818011999], [-0.11080417782068253, -0.2686474919319153, 0.01477466244250536], [0.06767060607671738, 1.874111294746399, -0.24879345297813416], [0.28352293372154236, 0.26663488149642944, 0.6135293841362], [-0.2755058705806732, 0.2915756106376648, -0.15499375760555267]], "jaw_pose": [0.04846911504864693, 0.0025827873032540083, 0.006485968828201294], "leye_pose": [0.0, 0.0, 0.0], "reye_pose": [0.0, 0.0, 0.0], "lhand_pose": [[0.12941184639930725, 0.17979887127876282, -0.149922177195549], [0.05731679126620293, -0.027893733233213425, -0.17770569026470184], [-0.05209431052207947, -0.07095737010240555, -0.13548235595226288], [-0.0435367114841938, 0.18129754066467285, -0.2094571888446808], [-0.0636632964015007, 0.04417765140533447, -0.2704489827156067], [-0.011177260428667068, -0.14883889257907867, -0.1843993067741394], [-0.28181761503219604, -0.37491098046302795, -0.24616137146949768], [0.13274432718753815, 0.04041648283600807, -0.2393215149641037], [-0.24771779775619507, 0.014318500645458698, 0.09991014748811722], [-0.02207997813820839, -0.029997043311595917, -0.25126853585243225], [-0.18248723447322845, 0.034309666603803635, -0.21629104018211365], [-0.17074744403362274, -0.16848118603229523, -0.1404319554567337], [0.7832862138748169, 0.25247570872306824, 0.006134700961410999], [-0.6114837527275085, 0.03257458657026291, -0.05736542120575905], [0.6103891730308533, 0.06717655807733536, -0.1307465136051178]], "rhand_pose": [[0.0930069088935852, -0.14706195890903473, 0.46960189938545227], [0.15239937603473663, 0.03113599866628647, 0.5524766445159912], [-0.11222972720861435, 0.13213780522346497, 0.1810343712568283], [-0.1547791063785553, -0.08067086338996887, 0.7564255595207214], [-0.09050916135311127, -0.0809229239821434, 0.5055767893791199], [0.018901605159044266, 0.1720360517501831, 0.30708131194114685], [-0.5864109396934509, 0.3567425310611725, 0.7044779062271118], [-0.031043879687786102, 0.035758472979068756, 0.3286116421222687], [-0.3273594379425049, 0.054987937211990356, 0.060959797352552414], [-0.15389713644981384, 0.1034475564956665, 0.7769847512245178], [-0.2427266389131546, 0.015580259263515472, 0.409552663564682], [-0.1791723072528839, 0.19134092330932617, 0.32175883650779724], [0.8958694338798523, -0.3323822617530823, 0.0918184369802475], [-0.5794100165367126, 0.02568233013153076, 0.06906530261039734], [0.6771522760391235, -0.23169121146202087, 0.2913713753223419]], "trans": [-0.5563960075378418, 0.579135537147522, 3.811699628829956], "focal": [1177.7945556640625, 1177.7945556640625], "princpt": [680.0, 384.0], "img_size_wh": [1360, 768], "pad_ratio": 0.0}