{"betas": [0.8195496201515198, -0.7135083675384521, 0.022368181496858597, 0.08427383750677109, 0.2139705866575241, 0.1848313957452774, 0.21941715478897095, -0.1433401107788086, -0.3178867995738983, -0.30364862084388733], "root_pose": [3.0105600357055664, -0.4287511110305786, 1.0827325582504272], "body_pose": [[-1.0741945505142212, 0.026166852563619614, 0.5405387878417969], [-0.23290503025054932, -0.1797042191028595, -0.06202658265829086], [0.6202570199966431, 0.04955757036805153, -0.12369711697101593], [1.140211820602417, 0.1924942135810852, -0.2554541826248169], [0.8417403101921082, -0.0788104310631752, 0.022000594064593315], [-0.05301414057612419, -0.008183207362890244, -0.16948534548282623], [0.2531934082508087, 0.07872344553470612, -0.20157276093959808], [-0.4695403575897217, -0.4581882357597351, -0.18311789631843567], [0.04746115207672119, -0.01239825040102005, -0.15340228378772736], [-0.01743340492248535, -0.016464056447148323, 0.008076031692326069], [-0.02395288087427616, 0.022923270240426064, -0.03757300600409508], [0.042423222213983536, 0.3796111047267914, -0.075740285217762], [-0.19053280353546143, -0.256273478269577, 0.21918471157550812], [-0.28250494599342346, 0.2455693930387497, -0.3754886984825134], [-0.2799099087715149, 0.5777364373207092, -0.18197856843471527], [-0.18412791192531586, -0.17485228180885315, -0.042819421738386154], [0.037482850253582, 0.256488174200058, 0.08191129565238953], [-0.18214507400989532, -0.26666975021362305, 0.0399949885904789], [0.12962299585342407, 1.8049272298812866, -0.2626512348651886], [0.10027392208576202, 0.25286227464675903, 0.6499871015548706], [-0.06801306456327438, 0.32856008410453796, -0.25563865900039673]], "jaw_pose": [0.0382569245994091, 0.0025595142506062984, 0.004260346293449402], "leye_pose": [0.0, 0.0, 0.0], "reye_pose": [0.0, 0.0, 0.0], "lhand_pose": [[0.1261196732521057, 0.21327710151672363, -0.1895986944437027], [0.0788705125451088, -0.03570736199617386, -0.22017249464988708], [-0.06518831849098206, -0.07880297303199768, -0.1009160503745079], [-0.08757718652486801, 0.17338022589683533, -0.3059978187084198], [-0.06501436233520508, 0.04543707147240639, -0.3026544451713562], [-0.007715684827417135, -0.14637193083763123, -0.198937326669693], [-0.3637450039386749, -0.45957648754119873, -0.3191233277320862], [0.12530362606048584, 0.011201188899576664, -0.2720986306667328], [-0.2799065113067627, 0.01671592704951763, 0.08832119405269623], [-0.07617098838090897, -0.08586344122886658, -0.37213611602783203], [-0.20474806427955627, 0.005094225984066725, -0.22867420315742493], [-0.16335146129131317, -0.15522560477256775, -0.17038020491600037], [0.7914866209030151, 0.3060305714607239, 0.014639925211668015], [-0.5867825150489807, 0.020414317026734352, -0.06935086101293564], [0.6008056402206421, 0.06899462640285492, -0.10895168781280518]], "rhand_pose": [[0.07306323945522308, -0.17388413846492767, 0.4111382067203522], [0.1580399125814438, 0.02237534336745739, 0.4133110046386719], [-0.11640585958957672, 0.11825736612081528, 0.09593850374221802], [-0.1227007806301117, -0.07202890515327454, 0.6419048309326172], [-0.07921862602233887, -0.08976669609546661, 0.301076740026474], [0.010598967783153057, 0.13450193405151367, 0.19679737091064453], [-0.4516492187976837, 0.37114638090133667, 0.5113563537597656], [-0.008830990642309189, -0.01713094674050808, 0.22075071930885315], [-0.2610394060611725, 0.038162123411893845, -0.004965534899383783], [-0.07621634751558304, 0.08308126032352448, 0.6168559193611145], [-0.22091999650001526, 0.004839808214455843, 0.21560609340667725], [-0.15737968683242798, 0.1505018025636673, 0.21988269686698914], [0.8500513434410095, -0.3573894202709198, 0.06348047405481339], [-0.5690625905990601, 0.03057035803794861, 0.06120363622903824], [0.6315265893936157, -0.20046517252922058, 0.24181854724884033]], "trans": [-0.5585358738899231, 0.5869382619857788, 3.8203179836273193], "focal": [1177.7945556640625, 1177.7945556640625], "princpt": [680.0, 384.0], "img_size_wh": [1360, 768], "pad_ratio": 0.0}