{"betas": [0.8195856213569641, -0.7134994864463806, 0.02234245277941227, 0.08428025245666504, 0.21396788954734802, 0.18498755991458893, 0.2194167971611023, -0.14338082075119019, -0.3179289400577545, -0.3037550449371338], "root_pose": [2.998528480529785, -0.4923003613948822, 1.0839163064956665], "body_pose": [[-1.0606802701950073, -0.024649977684020996, 0.662540078163147], [-0.17921513319015503, -0.20559749007225037, -0.09979403764009476], [0.6149176359176636, 0.05904870852828026, -0.1335328370332718], [1.1146461963653564, 0.13408096134662628, -0.1738806515932083], [0.7764276266098022, -0.06590143591165543, 0.012724609114229679], [-0.05569615587592125, 0.0018370061879977584, -0.18751540780067444], [0.3122211694717407, 0.08364737033843994, -0.21531561017036438], [-0.44023317098617554, -0.4731011390686035, -0.13826747238636017], [0.0389261394739151, -0.007583407685160637, -0.1713966727256775], [-0.019047625362873077, -0.014747745357453823, 0.0060865613631904125], [-0.027782071381807327, 0.024701621383428574, -0.03495292738080025], [0.06259190291166306, 0.35978972911834717, -0.10361714661121368], [-0.21195273101329803, -0.2638247311115265, 0.2568485140800476], [-0.26263174414634705, 0.21213370561599731, -0.39737099409103394], [-0.2939256727695465, 0.5526651740074158, -0.1583898514509201], [-0.2143596112728119, -0.18048258125782013, 0.006573668215423822], [0.047917090356349945, 0.1644558161497116, 0.024157695472240448], [-0.1260874718427658, -0.2620534896850586, 0.013016908429563046], [0.08350570499897003, 1.838378667831421, -0.2501660883426666], [0.25301089882850647, 0.2769218981266022, 0.6343947052955627], [-0.20686312019824982, 0.3125450313091278, -0.17917336523532867]], "jaw_pose": [0.047328703105449677, 0.0028077256865799427, 0.005699779372662306], "leye_pose": [0.0, 0.0, 0.0], "reye_pose": [0.0, 0.0, 0.0], "lhand_pose": [[0.12919214367866516, 0.18513663113117218, -0.1505175232887268], [0.06263671070337296, -0.029233988374471664, -0.17509984970092773], [-0.057560842484235764, -0.07272202521562576, -0.11895547807216644], [-0.050760891288518906, 0.18071778118610382, -0.21782635152339935], [-0.0631936565041542, 0.04693586751818657, -0.2661389708518982], [-0.009256464429199696, -0.14881248772144318, -0.17842437326908112], [-0.2973765730857849, -0.38886144757270813, -0.2546432912349701], [0.14172470569610596, 0.03622495383024216, -0.24330343306064606], [-0.2563604712486267, 0.01703467406332493, 0.10474059730768204], [-0.031111212447285652, -0.03655267134308815, -0.26770347356796265], [-0.18378175795078278, 0.028807057067751884, -0.2041441649198532], [-0.1675456315279007, -0.164867103099823, -0.14059793949127197], [0.7902109622955322, 0.2634519338607788, 0.0052075195126235485], [-0.6094430685043335, 0.027825504541397095, -0.055643193423748016], [0.6066778898239136, 0.06188732385635376, -0.12811006605625153]], "rhand_pose": [[0.08681844174861908, -0.15035638213157654, 0.46290674805641174], [0.15533097088336945, 0.029665760695934296, 0.5288330912590027], [-0.11419391632080078, 0.13153521716594696, 0.16162356734275818], [-0.151546910405159, -0.07724206894636154, 0.740317702293396], [-0.08970300108194351, -0.08265753835439682, 0.4663350582122803], [0.016532395035028458, 0.1634209156036377, 0.2887169420719147], [-0.5569867491722107, 0.3654519021511078, 0.667175829410553], [-0.03522345423698425, 0.02481009066104889, 0.309007853269577], [-0.3144014775753021, 0.05353756248950958, 0.05031883344054222], [-0.136969193816185, 0.10286415368318558, 0.7541902661323547], [-0.241820827126503, 0.017016632482409477, 0.3697279393672943], [-0.17610371112823486, 0.1829909384250641, 0.3062851130962372], [0.889313280582428, -0.33701351284980774, 0.08790386468172073], [-0.5760378241539001, 0.028582792729139328, 0.06558319926261902], [0.6667430996894836, -0.22692851722240448, 0.2827969491481781]], "trans": [-0.5575191378593445, 0.5828789472579956, 3.814392328262329], "focal": [1177.7945556640625, 1177.7945556640625], "princpt": [680.0, 384.0], "img_size_wh": [1360, 768], "pad_ratio": 0.0}