{"betas": [0.8196795582771301, -0.7132673263549805, 0.022487210109829903, 0.08435800671577454, 0.21408706903457642, 0.1849856972694397, 0.21949902176856995, -0.1436893343925476, -0.3179508149623871, -0.3038473427295685], "root_pose": [2.983877658843994, -0.569182813167572, 1.035354495048523], "body_pose": [[-1.0585373640060425, -0.09507004916667938, 1.0392496585845947], [-0.03894086927175522, -0.3086807131767273, -0.20927144587039948], [0.5947855114936829, 0.05399584770202637, -0.15770471096038818], [0.7543079257011414, 0.017855539917945862, 0.08481967449188232], [0.4603636562824249, -0.03419109806418419, 0.029594803228974342], [-0.044187456369400024, -0.004619017709046602, -0.20592628419399261], [0.4411211609840393, 0.22592736780643463, -0.2857024073600769], [-0.41694051027297974, -0.3904310166835785, -0.01757592149078846], [0.005215473007410765, -0.026308268308639526, -0.19023863971233368], [-0.0008567907498218119, -0.006644376553595066, -0.009051118046045303], [-0.04368892312049866, 0.024034131318330765, -0.041057221591472626], [0.11369685083627701, 0.340490460395813, -0.15710219740867615], [-0.27441853284835815, -0.26288902759552, 0.35920995473861694], [-0.21273228526115417, 0.1312638372182846, -0.4372125566005707], [-0.32023945450782776, 0.5135216116905212, -0.1595209687948227], [-0.3153021037578583, -0.1824137419462204, 0.13978734612464905], [0.011050748638808727, 0.0854470506310463, -0.17246660590171814], [-0.06026016175746918, -0.2383781224489212, 0.04714009910821915], [-0.017586523666977882, 2.0857348442077637, -0.2877056896686554], [0.32680174708366394, 0.18663309514522552, 0.48032402992248535], [-0.5522050261497498, 0.30887481570243835, -0.1719416081905365]], "jaw_pose": [0.04183007776737213, 0.005582052282989025, 0.0020805983804166317], "leye_pose": [0.0, 0.0, 0.0], "reye_pose": [0.0, 0.0, 0.0], "lhand_pose": [[0.10504230856895447, 0.1668061763048172, -0.13102321326732635], [0.032631922513246536, -0.027076834812760353, -0.1498255729675293], [-0.027307653799653053, -0.06146148964762688, -0.1961517035961151], [-0.016421139240264893, 0.1908048540353775, -0.16123031079769135], [-0.06473343074321747, 0.023514991626143456, -0.2634482681751251], [-0.01820644922554493, -0.14029242098331451, -0.20919975638389587], [-0.20030473172664642, -0.3116791844367981, -0.22808943688869476], [0.0804569348692894, 0.058378227055072784, -0.20862466096878052], [-0.2132025957107544, 0.00888312142342329, 0.08756383508443832], [0.014721086248755455, 0.007529381196945906, -0.1738785058259964], [-0.1682933121919632, 0.0485377199947834, -0.2539075016975403], [-0.18391478061676025, -0.17441223561763763, -0.14944373071193695], [0.7129265069961548, 0.18084119260311127, 0.00792081281542778], [-0.6107277870178223, 0.030137954279780388, -0.08926364779472351], [0.6146019697189331, 0.08159908652305603, -0.1223992332816124]], "rhand_pose": [[0.09326523542404175, -0.14506235718727112, 0.43580782413482666], [0.12920601665973663, 0.017566995695233345, 0.587410032749176], [-0.09073985368013382, 0.1355753093957901, 0.2499665468931198], [-0.14554402232170105, -0.09500497579574585, 0.7462300658226013], [-0.09885213524103165, -0.072752945125103, 0.5840006470680237], [0.0178434606641531, 0.1678750067949295, 0.3484988808631897], [-0.5893946886062622, 0.34158390760421753, 0.7255771160125732], [-0.08012211322784424, 0.0568612776696682, 0.34189075231552124], [-0.31185802817344666, 0.08868582546710968, 0.1141064316034317], [-0.16490420699119568, 0.10373018682003021, 0.7291991114616394], [-0.2382737398147583, 0.01005740649998188, 0.5202376246452332], [-0.18220366537570953, 0.20584440231323242, 0.344894140958786], [0.86064612865448, -0.29744935035705566, 0.08619778603315353], [-0.566175103187561, 0.013946535997092724, 0.09476916491985321], [0.6997854113578796, -0.27174317836761475, 0.3299972414970398]], "trans": [-0.5525338649749756, 0.5363425016403198, 3.8114917278289795], "focal": [1177.7945556640625, 1177.7945556640625], "princpt": [680.0, 384.0], "img_size_wh": [1360, 768], "pad_ratio": 0.0}