{"betas": [0.8195415735244751, -0.7135331034660339, 0.0223427452147007, 0.08429912477731705, 0.21390339732170105, 0.18486078083515167, 0.21948747336864471, -0.14327111840248108, -0.31789422035217285, -0.30366432666778564], "root_pose": [3.0158514976501465, -0.39079415798187256, 1.0819731950759888], "body_pose": [[-1.078661561012268, 0.05095648393034935, 0.48412686586380005], [-0.25764000415802, -0.1699703484773636, -0.04128274694085121], [0.6199039220809937, 0.04946952313184738, -0.11966385692358017], [1.1368885040283203, 0.217003732919693, -0.285539835691452], [0.872321367263794, -0.08567778021097183, 0.02871306799352169], [-0.05309700593352318, -0.009123004972934723, -0.16124697029590607], [0.1989089995622635, 0.08561476320028305, -0.18941240012645721], [-0.4806501567363739, -0.4524233937263489, -0.19780772924423218], [0.04988318681716919, -0.012531396001577377, -0.14482620358467102], [-0.01743246801197529, -0.017735395580530167, 0.010426877066493034], [-0.02145056612789631, 0.02166503481566906, -0.03634577617049217], [0.04073641821742058, 0.3783186972141266, -0.061705332249403], [-0.18696661293506622, -0.24638982117176056, 0.19749049842357635], [-0.2891271412372589, 0.25871971249580383, -0.35734716057777405], [-0.27379143238067627, 0.5775167346000671, -0.18714511394500732], [-0.17333868145942688, -0.17498788237571716, -0.07550341635942459], [0.03645644709467888, 0.3008052408695221, 0.11221559345722198], [-0.15866810083389282, -0.295976847410202, 0.038854584097862244], [0.17292819917201996, 1.7904564142227173, -0.2712704539299011], [0.13463374972343445, 0.23927894234657288, 0.675454318523407], [0.025082122534513474, 0.3295624554157257, -0.29393237829208374]], "jaw_pose": [0.035173188894987106, 0.0028312811627984047, 0.00351331802085042], "leye_pose": [0.0, 0.0, 0.0], "reye_pose": [0.0, 0.0, 0.0], "lhand_pose": [[0.127180814743042, 0.23371289670467377, -0.20373040437698364], [0.0842803418636322, -0.03719399496912956, -0.22976942360401154], [-0.0646262839436531, -0.07967208325862885, -0.09757374972105026], [-0.09660237282514572, 0.1674576699733734, -0.3333113491535187], [-0.06785786896944046, 0.041982803493738174, -0.3093658685684204], [-0.008799755945801735, -0.14149899780750275, -0.20432832837104797], [-0.3634641468524933, -0.4862421154975891, -0.3092259168624878], [0.09395324438810349, 0.0024824708234518766, -0.2787274122238159], [-0.28198713064193726, 0.012221277691423893, 0.07533542066812515], [-0.08571843802928925, -0.10420658439397812, -0.39033758640289307], [-0.2130604088306427, -0.0067243678495287895, -0.23613843321800232], [-0.15972501039505005, -0.14865295588970184, -0.18177376687526703], [0.7897817492485046, 0.332113653421402, 0.01918026991188526], [-0.57364422082901, 0.022023465484380722, -0.07456086575984955], [0.597124457359314, 0.07847993075847626, -0.10527262091636658]], "rhand_pose": [[0.06779012829065323, -0.18163861334323883, 0.36966055631637573], [0.15222559869289398, 0.018877249211072922, 0.35003042221069336], [-0.11409566551446915, 0.10710600018501282, 0.07254566252231598], [-0.10549526661634445, -0.07019909471273422, 0.5757626891136169], [-0.07678455114364624, -0.08990566432476044, 0.22718609869480133], [0.007444895803928375, 0.12062498927116394, 0.1545032262802124], [-0.39077258110046387, 0.36464130878448486, 0.42902109026908875], [0.006667108274996281, -0.033667728304862976, 0.1796749383211136], [-0.2412581890821457, 0.03190892934799194, -0.034062325954437256], [-0.04567159712314606, 0.06737560033798218, 0.5335084795951843], [-0.2078489512205124, 0.000553516554646194, 0.144799143075943], [-0.14691054821014404, 0.13565568625926971, 0.1807740032672882], [0.82260662317276, -0.34674355387687683, 0.0494672991335392], [-0.5696806311607361, 0.02779238112270832, 0.06425416469573975], [0.6150926351547241, -0.18758267164230347, 0.21987919509410858]], "trans": [-0.55875563621521, 0.5894500613212585, 3.8191745281219482], "focal": [1177.7945556640625, 1177.7945556640625], "princpt": [680.0, 384.0], "img_size_wh": [1360, 768], "pad_ratio": 0.0}