{"betas": [0.8196514248847961, -0.7135646939277649, 0.0222082007676363, 0.08438215404748917, 0.21399520337581635, 0.1848752647638321, 0.21946844458580017, -0.14317932724952698, -0.31778645515441895, -0.3037843406200409], "root_pose": [3.0463545322418213, -0.07526563107967377, 1.201292872428894], "body_pose": [[-1.0959579944610596, 0.00570571469143033, 0.16642379760742188], [-0.3923935890197754, -0.12461207062005997, 0.14402349293231964], [0.6144517064094543, 0.07630694657564163, -0.10101202130317688], [1.1596708297729492, 0.23769675195217133, -0.2819786071777344], [1.1247354745864868, -0.12245294451713562, 0.12966839969158173], [-0.11283541470766068, 0.022762075066566467, -0.09817802160978317], [-0.09551868587732315, 0.1710907518863678, -0.07538474351167679], [-0.5270928740501404, -0.41895079612731934, -0.28160881996154785], [0.04036995768547058, 0.006874650716781616, -0.06300307810306549], [-0.018805932253599167, -0.023916300386190414, 0.024891460314393044], [-0.01059851236641407, 0.019352305680513382, -0.030615070834755898], [-0.05549129098653793, 0.3733787536621094, 0.059114906936883926], [-0.10281625390052795, -0.3189774751663208, 0.07650492340326309], [-0.254047155380249, 0.3517392873764038, -0.11147136986255646], [-0.22441159188747406, 0.5681864023208618, -0.198802188038826], [-0.059659890830516815, -0.22936761379241943, -0.3365573287010193], [0.04725569859147072, 0.4965958595275879, 0.5088061094284058], [-0.06433598697185516, -0.39668744802474976, 0.020391060039401054], [0.42728090286254883, 1.2610931396484375, -0.19933781027793884], [0.11141491681337357, 0.04777274653315544, 0.5566590428352356], [0.2085547149181366, 0.06047167629003525, -0.3294677436351776]], "jaw_pose": [0.04619276151061058, 0.007468365132808685, -0.002077655168250203], "leye_pose": [0.0, 0.0, 0.0], "reye_pose": [0.0, 0.0, 0.0], "lhand_pose": [[0.11070322245359421, 0.26033344864845276, -0.2142440378665924], [0.08371301740407944, -0.004939996637403965, -0.29302170872688293], [-0.05795656517148018, -0.07345784455537796, -0.12367744743824005], [-0.0950453132390976, 0.16946907341480255, -0.3685497045516968], [-0.08899233490228653, 0.028489693999290466, -0.3335683047771454], [-0.014131573960185051, -0.13077445328235626, -0.2347494661808014], [-0.3036231994628906, -0.4648418426513672, -0.2852160632610321], [-0.05976353585720062, -0.019779900088906288, -0.30745723843574524], [-0.2885019779205322, -0.0021140137687325478, 0.019778817892074585], [-0.08764903247356415, -0.09341543912887573, -0.38966813683509827], [-0.23936885595321655, -0.040942974388599396, -0.26799261569976807], [-0.15576136112213135, -0.1306612342596054, -0.21935106813907623], [0.7750551700592041, 0.3420209586620331, 0.05295955762267113], [-0.5375959873199463, 0.040451712906360626, -0.08832172304391861], [0.5822898745536804, 0.1261315792798996, -0.12153556197881699]], "rhand_pose": [[0.05973153933882713, -0.17143559455871582, 0.20130600035190582], [0.11507051438093185, 0.0021928304340690374, 0.261484831571579], [-0.09607022255659103, 0.07880677282810211, 0.10133358091115952], [-0.05618946999311447, -0.07755161821842194, 0.3933831751346588], [-0.08365116268396378, -0.061641398817300797, 0.18840983510017395], [-0.011467695236206055, 0.09354090690612793, 0.14056149125099182], [-0.2658670246601105, 0.33078140020370483, 0.24702303111553192], [-0.049902431666851044, -0.035540640354156494, 0.1809188723564148], [-0.2256617695093155, 0.017305798828601837, -0.035485219210386276], [0.023725630715489388, 0.005436943378299475, 0.3548954129219055], [-0.2049916535615921, 0.02735934592783451, 0.12805840373039246], [-0.13569031655788422, 0.10376907140016556, 0.1894998550415039], [0.7168240547180176, -0.24893200397491455, -0.02804417535662651], [-0.5481964349746704, -0.0018729029688984156, 0.07671010494232178], [0.5666196346282959, -0.15456895530223846, 0.1478421539068222]], "trans": [-0.5279917120933533, 0.6655919551849365, 3.754284381866455], "focal": [1177.7945556640625, 1177.7945556640625], "princpt": [680.0, 384.0], "img_size_wh": [1360, 768], "pad_ratio": 0.0}