{"betas": [0.81959468126297, -0.7134862542152405, 0.022202208638191223, 0.08441906422376633, 0.21395675837993622, 0.18485993146896362, 0.2195381224155426, -0.1431560218334198, -0.317853182554245, -0.30372345447540283], "root_pose": [3.0424416065216064, -0.1583380550146103, 1.1375991106033325], "body_pose": [[-1.0861380100250244, 0.05015767365694046, 0.23081207275390625], [-0.3500446081161499, -0.13480713963508606, 0.10756845027208328], [0.6009881496429443, 0.07266897708177567, -0.1068815290927887], [1.115594506263733, 0.26072147488594055, -0.31167125701904297], [1.0195879936218262, -0.1271992176771164, 0.08808185160160065], [-0.08973848074674606, 0.015117567032575607, -0.11794400960206985], [-0.0688449963927269, 0.16838881373405457, -0.0937519297003746], [-0.4842774569988251, -0.47691425681114197, -0.26136571168899536], [0.05124947056174278, 0.0001844722282839939, -0.08459421247243881], [-0.020918600261211395, -0.022519199177622795, 0.023087242618203163], [-0.010912801139056683, 0.015478714369237423, -0.02689492329955101], [-0.010767721571028233, 0.3720717430114746, 0.046824533492326736], [-0.12188965082168579, -0.27814915776252747, 0.09440340846776962], [-0.25725212693214417, 0.31084465980529785, -0.18552611768245697], [-0.20916251838207245, 0.5656006932258606, -0.1820114403963089], [-0.10164453089237213, -0.20503737032413483, -0.2341659665107727], [0.05985259637236595, 0.4209108054637909, 0.35422927141189575], [-0.0872066468000412, -0.3364814221858978, 0.022846370935440063], [0.3467579782009125, 1.4877336025238037, -0.2587018609046936], [0.17555272579193115, 0.18563765287399292, 0.6329483985900879], [0.14301814138889313, 0.049517422914505005, -0.2862764894962311]], "jaw_pose": [0.05207831412553787, 0.0048025199212133884, 0.0005881866673007607], "leye_pose": [0.0, 0.0, 0.0], "reye_pose": [0.0, 0.0, 0.0], "lhand_pose": [[0.13451619446277618, 0.2653106153011322, -0.19779397547245026], [0.07947266846895218, -0.007239761296659708, -0.30359312891960144], [-0.049518048763275146, -0.08437589555978775, -0.13459528982639313], [-0.09543120861053467, 0.16748030483722687, -0.37463873624801636], [-0.08280187100172043, 0.02769818902015686, -0.3782062828540802], [-0.013752665370702744, -0.13409098982810974, -0.2615058124065399], [-0.3520788252353668, -0.48356345295906067, -0.3237238824367523], [-0.03968321159482002, -0.03179371356964111, -0.34837085008621216], [-0.31258291006088257, -0.006554796360433102, 0.014866952784359455], [-0.1025293618440628, -0.1078677624464035, -0.4282720386981964], [-0.24362711608409882, -0.045850157737731934, -0.30537399649620056], [-0.1591958999633789, -0.13871392607688904, -0.24673305451869965], [0.8006700277328491, 0.33829352259635925, 0.04047331213951111], [-0.538906455039978, 0.04121723026037216, -0.0833032950758934], [0.5859342813491821, 0.13001731038093567, -0.11285626143217087]], "rhand_pose": [[0.06617607921361923, -0.15905480086803436, 0.21982558071613312], [0.1114230677485466, 0.0017952760681509972, 0.2518862783908844], [-0.09541331976652145, 0.08165348321199417, 0.07866290211677551], [-0.0549519918859005, -0.07819226384162903, 0.40854963660240173], [-0.0796939805150032, -0.079006627202034, 0.17417192459106445], [-0.007091960404068232, 0.09893276542425156, 0.12071302533149719], [-0.26405489444732666, 0.2763687074184418, 0.3058253824710846], [-0.008579072542488575, -0.03719259798526764, 0.17021702229976654], [-0.2391471266746521, 0.013858132064342499, -0.05393915995955467], [0.008969410322606564, -0.012621387839317322, 0.389726847410202], [-0.19490066170692444, 0.012011448852717876, 0.10048288851976395], [-0.13256718218326569, 0.11844142526388168, 0.17195861041545868], [0.7628777623176575, -0.2249748408794403, 0.009720339439809322], [-0.5606463551521301, 0.008164005354046822, 0.06597662717103958], [0.5657448768615723, -0.14986953139305115, 0.17148002982139587]], "trans": [-0.540054440498352, 0.6325949430465698, 3.7782304286956787], "focal": [1177.7945556640625, 1177.7945556640625], "princpt": [680.0, 384.0], "img_size_wh": [1360, 768], "pad_ratio": 0.0}