{"betas": [0.8195408582687378, -0.7135079503059387, 0.022357795387506485, 0.08439815044403076, 0.21389803290367126, 0.18480968475341797, 0.21956567466259003, -0.14310914278030396, -0.3179210126399994, -0.3036435842514038], "root_pose": [3.028920888900757, -0.2675507962703705, 1.0894566774368286], "body_pose": [[-1.085654616355896, 0.07821749895811081, 0.3323644697666168], [-0.31257256865501404, -0.14967738091945648, 0.03451278805732727], [0.6103174686431885, 0.06054951995611191, -0.11177979409694672], [1.1129698753356934, 0.2618200480937958, -0.32766544818878174], [0.9585404992103577, -0.10825080424547195, 0.055907588452100754], [-0.06606707721948624, 0.0017703556222841144, -0.1408182978630066], [0.017008041962981224, 0.15555039048194885, -0.12453708052635193], [-0.4944382309913635, -0.4517807364463806, -0.2279835343360901], [0.05038582906126976, -0.006141371093690395, -0.11827246099710464], [-0.019168231636285782, -0.020174678415060043, 0.01787853240966797], [-0.013818818144500256, 0.01689743623137474, -0.02810058929026127], [0.018589196726679802, 0.3641646206378937, 0.0010999549413099885], [-0.16663400828838348, -0.2569184899330139, 0.13705535233020782], [-0.27715200185775757, 0.29532262682914734, -0.2777444124221802], [-0.2354458123445511, 0.5582418441772461, -0.1771559864282608], [-0.14598840475082397, -0.18061205744743347, -0.14461441338062286], [0.06226973235607147, 0.3799540400505066, 0.1996171623468399], [-0.10003194212913513, -0.3044900894165039, 0.022138405591249466], [0.2942795753479004, 1.6727348566055298, -0.279215544462204], [0.20891904830932617, 0.2559121549129486, 0.6663416624069214], [0.16726285219192505, 0.24007928371429443, -0.30273759365081787]], "jaw_pose": [0.045660968869924545, 0.002715090988203883, 0.00189399893861264], "leye_pose": [0.0, 0.0, 0.0], "reye_pose": [0.0, 0.0, 0.0], "lhand_pose": [[0.1369428038597107, 0.24948734045028687, -0.17694461345672607], [0.08037770539522171, -0.02237885259091854, -0.2166464775800705], [-0.057209644466638565, -0.07862351834774017, -0.09735185652971268], [-0.08252231776714325, 0.16926974058151245, -0.3183096945285797], [-0.07326098531484604, 0.03661196306347847, -0.3077167272567749], [-0.010832145810127258, -0.13158288598060608, -0.21120555698871613], [-0.33695200085639954, -0.46382853388786316, -0.28815868496894836], [0.03175364062190056, -0.010493649169802666, -0.29681044816970825], [-0.2931913733482361, 0.003624001983553171, 0.05746438726782799], [-0.07560186088085175, -0.0862879678606987, -0.3783048689365387], [-0.219055637717247, -0.026224147528409958, -0.22629034519195557], [-0.15022213757038116, -0.13710644841194153, -0.1989637017250061], [0.7927823066711426, 0.32880839705467224, 0.024591177701950073], [-0.549049973487854, 0.03566711023449898, -0.07276631891727448], [0.5777075290679932, 0.09693951159715652, -0.11125828325748444]], "rhand_pose": [[0.0679093673825264, -0.16324655711650848, 0.27855384349823], [0.1258205771446228, 0.006948129739612341, 0.27300259470939636], [-0.10415216535329819, 0.09171725064516068, 0.06345123797655106], [-0.07050948590040207, -0.07328317314386368, 0.45891857147216797], [-0.08072279393672943, -0.08784341812133789, 0.17190618813037872], [-0.0004920351202599704, 0.10571745038032532, 0.11887936294078827], [-0.2843964397907257, 0.30237600207328796, 0.33428794145584106], [-0.001973052741959691, -0.03726688027381897, 0.16145755350589752], [-0.239805206656456, 0.024986688047647476, -0.05633420869708061], [-0.002770741004496813, 0.01070175040513277, 0.4322114586830139], [-0.1947825849056244, 0.003936395049095154, 0.08441988378763199], [-0.13460507988929749, 0.12584079802036285, 0.16240018606185913], [0.787540078163147, -0.2512052655220032, 0.03218703716993332], [-0.5607218146324158, 0.012234371155500412, 0.06342197209596634], [0.575989842414856, -0.16672879457473755, 0.20054756104946136]], "trans": [-0.55124431848526, 0.6076627373695374, 3.800652503967285], "focal": [1177.7945556640625, 1177.7945556640625], "princpt": [680.0, 384.0], "img_size_wh": [1360, 768], "pad_ratio": 0.0}