{"betas": [0.8197652101516724, -0.7134807705879211, 0.022212957963347435, 0.08436872065067291, 0.21397081017494202, 0.18493349850177765, 0.21948248147964478, -0.14320173859596252, -0.31777137517929077, -0.30384212732315063], "root_pose": [3.045186758041382, -0.05823484808206558, 1.2148640155792236], "body_pose": [[-1.088638424873352, -0.00027533285901881754, 0.14817896485328674], [-0.4111192524433136, -0.1256151795387268, 0.14277124404907227], [0.6257613301277161, 0.0747741162776947, -0.09919728338718414], [1.1647480726242065, 0.23584456741809845, -0.2698509097099304], [1.1689784526824951, -0.12127875536680222, 0.14666543900966644], [-0.11626221984624863, 0.023097893223166466, -0.09347325563430786], [-0.1473347693681717, 0.18857407569885254, -0.0562591552734375], [-0.5374286770820618, -0.4012528657913208, -0.27144676446914673], [0.03519943729043007, 0.009577902033925056, -0.0599835067987442], [-0.018241489306092262, -0.024657202884554863, 0.02600918337702751], [-0.010323389433324337, 0.02013915404677391, -0.029217736795544624], [-0.06958876550197601, 0.3692095875740051, 0.05721614882349968], [-0.10050047934055328, -0.33805760741233826, 0.06905803829431534], [-0.2491278052330017, 0.37803971767425537, -0.08160694688558578], [-0.23780301213264465, 0.5622557997703552, -0.1960161328315735], [-0.05251285433769226, -0.2411450892686844, -0.3636486530303955], [0.04686308279633522, 0.5246875882148743, 0.5515336394309998], [-0.05612862482666969, -0.4125322103500366, 0.017914021387696266], [0.4546724259853363, 1.1802797317504883, -0.17940253019332886], [0.09470584988594055, 0.022004399448633194, 0.5368143320083618], [0.23492273688316345, 0.08294830471277237, -0.3563259243965149]], "jaw_pose": [0.047148507088422775, 0.007495275232940912, -0.004068800248205662], "leye_pose": [0.0, 0.0, 0.0], "reye_pose": [0.0, 0.0, 0.0], "lhand_pose": [[0.10814718902111053, 0.2654453217983246, -0.23600462079048157], [0.09190235286951065, -0.00714656850323081, -0.3307426869869232], [-0.06347997486591339, -0.07583732157945633, -0.1261996626853943], [-0.10141874849796295, 0.17158016562461853, -0.39936044812202454], [-0.09064309298992157, 0.03295496851205826, -0.346130907535553], [-0.013961783610284328, -0.13372421264648438, -0.24206632375717163], [-0.3226637840270996, -0.47415825724601746, -0.3051281273365021], [-0.06933770328760147, -0.018812837079167366, -0.31984618306159973], [-0.2967474162578583, -0.0031108628027141094, 0.004985117819160223], [-0.09450292587280273, -0.09753751754760742, -0.42698317766189575], [-0.24741478264331818, -0.03960419073700905, -0.27790477871894836], [-0.1586473286151886, -0.1291765719652176, -0.2276630997657776], [0.7848324179649353, 0.3553842008113861, 0.05190888047218323], [-0.5399187803268433, 0.03824172168970108, -0.08670251816511154], [0.5913352370262146, 0.12200447916984558, -0.12898708879947662]], "rhand_pose": [[0.0599210225045681, -0.18122555315494537, 0.2102155089378357], [0.12101796269416809, 0.0048901294358074665, 0.26700469851493835], [-0.09978458285331726, 0.07952351123094559, 0.10253395885229111], [-0.06104771047830582, -0.07574000954627991, 0.3962571918964386], [-0.08187830448150635, -0.05893786996603012, 0.19102995097637177], [-0.011807353235781193, 0.09473013877868652, 0.14350982010364532], [-0.2755802571773529, 0.35808882117271423, 0.2291833609342575], [-0.05267665535211563, -0.03665579482913017, 0.1870785653591156], [-0.22643329203128815, 0.013757952488958836, -0.03648325055837631], [0.02370619960129261, 0.01556223165243864, 0.35002657771110535], [-0.20911528170108795, 0.03257781267166138, 0.13366208970546722], [-0.1362726092338562, 0.10150105506181717, 0.19071796536445618], [0.721695601940155, -0.27912041544914246, -0.033493850380182266], [-0.5489405393600464, -0.002374830422922969, 0.07631739974021912], [0.5711965560913086, -0.14874614775180817, 0.1501280963420868]], "trans": [-0.5234804749488831, 0.6773566007614136, 3.7449827194213867], "focal": [1177.7945556640625, 1177.7945556640625], "princpt": [680.0, 384.0], "img_size_wh": [1360, 768], "pad_ratio": 0.0}