{"betas": [0.8196231722831726, -0.7135355472564697, 0.0222084429115057, 0.08438872545957565, 0.21397431194782257, 0.18483273684978485, 0.2194746434688568, -0.14318467676639557, -0.31777575612068176, -0.3037544786930084], "root_pose": [3.0468437671661377, -0.09693863242864609, 1.1811083555221558], "body_pose": [[-1.0968393087387085, 0.018128005787730217, 0.18766272068023682], [-0.3736613094806671, -0.1266784965991974, 0.14049585163593292], [0.6057519316673279, 0.07664889097213745, -0.1030617356300354], [1.1467390060424805, 0.24622391164302826, -0.2925425171852112], [1.0827704668045044, -0.12484488636255264, 0.1141689121723175], [-0.10752499848604202, 0.02139422670006752, -0.10348636656999588], [-0.07868865132331848, 0.16715474426746368, -0.08410250395536423], [-0.5075737833976746, -0.43971535563468933, -0.2777140736579895], [0.045096490532159805, 0.0039004574064165354, -0.06737586855888367], [-0.01981900818645954, -0.023154061287641525, 0.024716239422559738], [-0.010458097793161869, 0.017850644886493683, -0.029699331149458885], [-0.03694005310535431, 0.372820109128952, 0.05817754566669464], [-0.10670533031225204, -0.30262500047683716, 0.08125460892915726], [-0.25584927201271057, 0.32998228073120117, -0.13424725830554962], [-0.21398566663265228, 0.5666906833648682, -0.19485363364219666], [-0.0711989626288414, -0.2210567444562912, -0.3051261603832245], [0.049302078783512115, 0.4670824408531189, 0.4615466296672821], [-0.07490415126085281, -0.37642741203308105, 0.02111070044338703], [0.396380752325058, 1.3378762006759644, -0.22087502479553223], [0.13052403926849365, 0.09017318487167358, 0.590725302696228], [0.18049860000610352, 0.042126987129449844, -0.30889207124710083]], "jaw_pose": [0.04725855216383934, 0.006799208000302315, -0.0006164854858070612], "leye_pose": [0.0, 0.0, 0.0], "reye_pose": [0.0, 0.0, 0.0], "lhand_pose": [[0.11630609631538391, 0.2626396417617798, -0.20576447248458862], [0.08090890198945999, -0.0038489995058625937, -0.291334331035614], [-0.05312808230519295, -0.07684691995382309, -0.12949080765247345], [-0.09488308429718018, 0.1680363416671753, -0.36723148822784424], [-0.08757870644330978, 0.02479642443358898, -0.35011646151542664], [-0.014212744310498238, -0.13012254238128662, -0.24618901312351227], [-0.3066498935222626, -0.47170430421829224, -0.2883557379245758], [-0.06843424588441849, -0.027784815058112144, -0.3213322162628174], [-0.2929888367652893, -0.007009150460362434, 0.015142216347157955], [-0.08999080955982208, -0.09914546459913254, -0.3919978439807892], [-0.24150703847408295, -0.046424929052591324, -0.2845570743083954], [-0.15659689903259277, -0.13342642784118652, -0.23030637204647064], [0.7735776901245117, 0.3381170630455017, 0.05362805351614952], [-0.5322262644767761, 0.04209357872605324, -0.08885350823402405], [0.577579915523529, 0.1337340921163559, -0.11743757128715515]], "rhand_pose": [[0.060288093984127045, -0.16417856514453888, 0.1965045928955078], [0.11047007143497467, -7.467981777153909e-05, 0.2481376826763153], [-0.09473937004804611, 0.0780465379357338, 0.0896853432059288], [-0.05092998594045639, -0.07904280722141266, 0.3847479224205017], [-0.08318637311458588, -0.06672173738479614, 0.17353324592113495], [-0.010354186408221722, 0.09347622096538544, 0.12908631563186646], [-0.2510024309158325, 0.3025059401988983, 0.2572121024131775], [-0.0376988910138607, -0.03723091259598732, 0.17094865441322327], [-0.22631825506687164, 0.017556609585881233, -0.041770223528146744], [0.023813342675566673, -0.007046256680041552, 0.3544376790523529], [-0.19869282841682434, 0.020374946296215057, 0.11207710951566696], [-0.13311724364757538, 0.10811930149793625, 0.17952540516853333], [0.7210102081298828, -0.2269205003976822, -0.018630187958478928], [-0.549583375453949, -0.0013346084160730243, 0.07343684136867523], [0.5595417618751526, -0.15314556658267975, 0.1512020230293274]], "trans": [-0.5320332646369934, 0.6539833545684814, 3.76279354095459], "focal": [1177.7945556640625, 1177.7945556640625], "princpt": [680.0, 384.0], "img_size_wh": [1360, 768], "pad_ratio": 0.0}