{"betas": [0.8195798397064209, -0.7135030031204224, 0.022348392754793167, 0.08437614887952805, 0.21388089656829834, 0.18480801582336426, 0.2195402979850769, -0.14316534996032715, -0.3179043233394623, -0.3036227524280548], "root_pose": [3.024219274520874, -0.3080925941467285, 1.0836527347564697], "body_pose": [[-1.083131194114685, 0.07793968170881271, 0.38156718015670776], [-0.2966465950012207, -0.15562808513641357, 0.008444762788712978], [0.6140097975730896, 0.056257445365190506, -0.11380742490291595], [1.1188913583755493, 0.25326061248779297, -0.3229285180568695], [0.9307869672775269, -0.10032040625810623, 0.0458415187895298], [-0.060542456805706024, -0.0027417729143053293, -0.1475948691368103], [0.07444459944963455, 0.13227370381355286, -0.1466105878353119], [-0.4932730197906494, -0.4456125795841217, -0.21734805405139923], [0.050498154014348984, -0.00860066432505846, -0.1280098408460617], [-0.019052615389227867, -0.019494781270623207, 0.015942053869366646], [-0.015457788482308388, 0.017963198944926262, -0.02963295206427574], [0.03157632052898407, 0.3671133816242218, -0.020300811156630516], [-0.1782953292131424, -0.2454557567834854, 0.15428860485553741], [-0.28593647480010986, 0.28456079959869385, -0.3069375157356262], [-0.24480962753295898, 0.5635985136032104, -0.17946475744247437], [-0.15636897087097168, -0.17505885660648346, -0.12638525664806366], [0.05114894360303879, 0.36284157633781433, 0.16850873827934265], [-0.11119620501995087, -0.30937591195106506, 0.021932268515229225], [0.26336249709129333, 1.721153974533081, -0.27680516242980957], [0.20267336070537567, 0.25554248690605164, 0.6796582341194153], [0.14116767048835754, 0.28733882308006287, -0.3081202507019043]], "jaw_pose": [0.04253135994076729, 0.0027756469789892435, 0.0009200268541462719], "leye_pose": [0.0, 0.0, 0.0], "reye_pose": [0.0, 0.0, 0.0], "lhand_pose": [[0.13204093277454376, 0.24975647032260895, -0.17764164507389069], [0.08184073120355606, -0.02588803693652153, -0.19700802862644196], [-0.05894327908754349, -0.0766601711511612, -0.08877994865179062], [-0.08442667126655579, 0.16653691232204437, -0.30889806151390076], [-0.07111326605081558, 0.03860060125589371, -0.28500986099243164], [-0.010146645829081535, -0.13096386194229126, -0.19737543165683746], [-0.3277198374271393, -0.4710477292537689, -0.26443833112716675], [0.05037054792046547, -0.0028663163539022207, -0.2739779055118561], [-0.2814532220363617, 0.005089691374450922, 0.06849455833435059], [-0.06990256160497665, -0.08935027569532394, -0.3583669364452362], [-0.2124861776828766, -0.02045999839901924, -0.20492923259735107], [-0.14848360419273376, -0.13682183623313904, -0.1820918470621109], [0.7808891534805298, 0.33268773555755615, 0.02895933948457241], [-0.5540575981140137, 0.031801629811525345, -0.07338292896747589], [0.5741426348686218, 0.09041635692119598, -0.10427901893854141]], "rhand_pose": [[0.06502117961645126, -0.16736456751823425, 0.2942315936088562], [0.12999729812145233, 0.010038935579359531, 0.2761744260787964], [-0.10525892674922943, 0.09306318312883377, 0.06056452915072441], [-0.07661715894937515, -0.07108976691961288, 0.47243732213974], [-0.07988908141851425, -0.08755797892808914, 0.16575242578983307], [0.0012228389969095588, 0.10678818076848984, 0.11931499093770981], [-0.29619941115379333, 0.31195545196533203, 0.339112251996994], [0.004806635435670614, -0.039331208914518356, 0.15575018525123596], [-0.23525336384773254, 0.02703150361776352, -0.05672641843557358], [-0.007313735317438841, 0.021818675100803375, 0.4380079209804535], [-0.1952185332775116, 0.0020509136375039816, 0.07969275861978531], [-0.135416641831398, 0.12515458464622498, 0.15829584002494812], [0.781328558921814, -0.26486140489578247, 0.031240232288837433], [-0.5628768801689148, 0.016337526962161064, 0.06568862497806549], [0.5792391896247864, -0.1704249083995819, 0.19658951461315155]], "trans": [-0.5547733902931213, 0.6002784967422485, 3.8078694343566895], "focal": [1177.7945556640625, 1177.7945556640625], "princpt": [680.0, 384.0], "img_size_wh": [1360, 768], "pad_ratio": 0.0}