{"betas": [0.8195230960845947, -0.7135304808616638, 0.022362569347023964, 0.08430299162864685, 0.21389159560203552, 0.18481799960136414, 0.21955789625644684, -0.1431974470615387, -0.3178483545780182, -0.30363529920578003], "root_pose": [3.0201637744903564, -0.3499760329723358, 1.0825148820877075], "body_pose": [[-1.0803109407424927, 0.06931154429912567, 0.43247777223587036], [-0.27870291471481323, -0.16219966113567352, -0.01738383248448372], [0.6174377799034119, 0.0524602010846138, -0.11643127351999283], [1.1280767917633057, 0.23757188022136688, -0.30846714973449707], [0.9018696546554565, -0.09275992214679718, 0.03678027167916298], [-0.05588264763355255, -0.006567758973687887, -0.15427076816558838], [0.13698236644268036, 0.10335756093263626, -0.17066650092601776], [-0.48894768953323364, -0.44825342297554016, -0.20899854600429535], [0.05068032070994377, -0.010741612873971462, -0.13671383261680603], [-0.018581299111247063, -0.018808171153068542, 0.013531362637877464], [-0.01837867870926857, 0.019810084253549576, -0.03285853564739227], [0.038287531584501266, 0.37485817074775696, -0.043109018355607986], [-0.18482327461242676, -0.2401079684495926, 0.17467691004276276], [-0.2908123731613159, 0.27228492498397827, -0.33421754837036133], [-0.25967541337013245, 0.5739924311637878, -0.18411222100257874], [-0.16483832895755768, -0.17387251555919647, -0.10468533635139465], [0.04070613905787468, 0.3376711308956146, 0.14110872149467468], [-0.12769679725170135, -0.31141722202301025, 0.027769915759563446], [0.22187192738056183, 1.7626574039459229, -0.2747610807418823], [0.18453362584114075, 0.2457546442747116, 0.6887743473052979], [0.0952671468257904, 0.3185216188430786, -0.30817776918411255]], "jaw_pose": [0.037400830537080765, 0.0029679513536393642, 0.0017888614675030112], "leye_pose": [0.0, 0.0, 0.0], "reye_pose": [0.0, 0.0, 0.0], "lhand_pose": [[0.12931041419506073, 0.24554017186164856, -0.1944381594657898], [0.08432874083518982, -0.032819170504808426, -0.21561898291110992], [-0.06157804653048515, -0.07848459482192993, -0.09394686669111252], [-0.09362294524908066, 0.1645861566066742, -0.32655197381973267], [-0.07007616758346558, 0.03971763327717781, -0.29947441816329956], [-0.00980560202151537, -0.13539980351924896, -0.20199202001094818], [-0.3449731469154358, -0.48745936155319214, -0.2809330224990845], [0.06580986827611923, -0.001214236835949123, -0.2765837013721466], [-0.28028616309165955, 0.007493887096643448, 0.06875811517238617], [-0.08006502687931061, -0.10302290320396423, -0.3756749629974365], [-0.2142101377248764, -0.01546608004719019, -0.22456151247024536], [-0.15389899909496307, -0.1419900506734848, -0.18354718387126923], [0.7849607467651367, 0.33983638882637024, 0.024457426741719246], [-0.5626023411750793, 0.026093678548932076, -0.07500576972961426], [0.586668848991394, 0.08655133843421936, -0.10377389192581177]], "rhand_pose": [[0.06445934623479843, -0.17606882750988007, 0.3260813057422638], [0.14031684398651123, 0.01485470775514841, 0.30395326018333435], [-0.10921063274145126, 0.09809204936027527, 0.06446807831525803], [-0.08974503725767136, -0.07034990191459656, 0.5157083868980408], [-0.07773516327142715, -0.08848307281732559, 0.18508730828762054], [0.004002309404313564, 0.11160759627819061, 0.13156487047672272], [-0.33731773495674133, 0.3376011550426483, 0.37406298518180847], [0.01034607645124197, -0.03964700922369957, 0.16056537628173828], [-0.23485977947711945, 0.028347672894597054, -0.05002288520336151], [-0.023542076349258423, 0.04339120537042618, 0.4736286401748657], [-0.19981443881988525, 0.00047026306856423616, 0.10206830501556396], [-0.1398506462574005, 0.12725797295570374, 0.1633230447769165], [0.7954041957855225, -0.3043483793735504, 0.03770672157406807], [-0.567992091178894, 0.023065079003572464, 0.06729139387607574], [0.5968998670578003, -0.17818592488765717, 0.20275859534740448]], "trans": [-0.5575105547904968, 0.5940514802932739, 3.814189910888672], "focal": [1177.7945556640625, 1177.7945556640625], "princpt": [680.0, 384.0], "img_size_wh": [1360, 768], "pad_ratio": 0.0}