{"betas": [0.8196766972541809, -0.7135668396949768, 0.02224563993513584, 0.0844242051243782, 0.21397298574447632, 0.1848657727241516, 0.219502791762352, -0.1431756615638733, -0.31781038641929626, -0.30369123816490173], "root_pose": [3.045596122741699, -0.12506714463233948, 1.15806245803833], "body_pose": [[-1.0915313959121704, 0.03518664836883545, 0.20881637930870056], [-0.3601550757884979, -0.1305076777935028, 0.12758572399616241], [0.6015669703483582, 0.07506165653467178, -0.10509314388036728], [1.1278257369995117, 0.25622984766960144, -0.30283159017562866], [1.0460560321807861, -0.1272861212491989, 0.10016060620546341], [-0.09929095953702927, 0.01847824640572071, -0.11007462441921234], [-0.07316945493221283, 0.16954100131988525, -0.08909550309181213], [-0.48898303508758545, -0.4632108807563782, -0.2683347761631012], [0.049154408276081085, 0.001333592808805406, -0.0743618980050087], [-0.02077658288180828, -0.022909298539161682, 0.024380264803767204], [-0.010297310538589954, 0.016353385522961617, -0.027745898813009262], [-0.020323961973190308, 0.3711661994457245, 0.05479300022125244], [-0.11268249154090881, -0.28895679116249084, 0.08644378930330276], [-0.2564302682876587, 0.31561052799224854, -0.157145157456398], [-0.20908468961715698, 0.5647754073143005, -0.1855200231075287], [-0.08583229780197144, -0.21354685723781586, -0.27033695578575134], [0.053632427006959915, 0.4407180845737457, 0.41051480174064636], [-0.08338776230812073, -0.3565382957458496, 0.021563559770584106], [0.36702480912208557, 1.4142422676086426, -0.24184156954288483], [0.1507011353969574, 0.1410101056098938, 0.6167964339256287], [0.1541554182767868, 0.03245898336172104, -0.29396796226501465]], "jaw_pose": [0.050732504576444626, 0.005792180076241493, -7.259464473463595e-05], "leye_pose": [0.0, 0.0, 0.0], "reye_pose": [0.0, 0.0, 0.0], "lhand_pose": [[0.12518692016601562, 0.266659677028656, -0.20341891050338745], [0.08085917681455612, -0.004408251028507948, -0.3007952570915222], [-0.05066969245672226, -0.08197057992219925, -0.13290807604789734], [-0.09602489322423935, 0.16704930365085602, -0.3751707375049591], [-0.0848555788397789, 0.025005575269460678, -0.36763766407966614], [-0.014145845547318459, -0.13189995288848877, -0.25779640674591064], [-0.3253886103630066, -0.4810926616191864, -0.30357298254966736], [-0.06364995986223221, -0.03279365971684456, -0.33958157896995544], [-0.30350935459136963, -0.009354331530630589, 0.010265178047120571], [-0.09570234268903732, -0.10512135177850723, -0.4122903347015381], [-0.24434185028076172, -0.04868569225072861, -0.29889634251594543], [-0.1580476015806198, -0.13632544875144958, -0.24207252264022827], [0.7844520211219788, 0.3386530876159668, 0.05082995072007179], [-0.5330918431282043, 0.04241618141531944, -0.08622804284095764], [0.5785956382751465, 0.13498906791210175, -0.11451421678066254]], "rhand_pose": [[0.06317777186632156, -0.16131280362606049, 0.20310449600219727], [0.10937628149986267, -0.00014611732331104577, 0.24196641147136688], [-0.09502959251403809, 0.07927536219358444, 0.07868941128253937], [-0.05089234933257103, -0.07919137179851532, 0.3877154290676117], [-0.08090467751026154, -0.07304771989583969, 0.1657288670539856], [-0.00865029264241457, 0.09556428343057632, 0.1194392740726471], [-0.2518196105957031, 0.2834877669811249, 0.27685171365737915], [-0.018601957708597183, -0.038046516478061676, 0.16689912974834442], [-0.2313382476568222, 0.014972678385674953, -0.051018595695495605], [0.017909439280629158, -0.013891872018575668, 0.3658473789691925], [-0.19434915482997894, 0.014731576666235924, 0.09945368766784668], [-0.13115303218364716, 0.11378856748342514, 0.1713830828666687], [0.7399815320968628, -0.22304528951644897, -0.0038050662260502577], [-0.5547344088554382, 0.002662849612534046, 0.0669541284441948], [0.5581954717636108, -0.14798614382743835, 0.1604059785604477]], "trans": [-0.5361066460609436, 0.6425955295562744, 3.7709944248199463], "focal": [1177.7945556640625, 1177.7945556640625], "princpt": [680.0, 384.0], "img_size_wh": [1360, 768], "pad_ratio": 0.0}