{"betas": [0.8195741176605225, -0.7135075926780701, 0.022299177944660187, 0.08442367613315582, 0.21393419802188873, 0.1847975105047226, 0.21958453953266144, -0.14309652149677277, -0.3179229497909546, -0.3036661446094513], "root_pose": [3.033923625946045, -0.22966530919075012, 1.1026992797851562], "body_pose": [[-1.0851867198944092, 0.07199651747941971, 0.2896982729434967], [-0.32669273018836975, -0.14435045421123505, 0.06009868159890175], [0.6063013672828674, 0.06540606915950775, -0.11011666804552078], [1.1110938787460327, 0.2637258768081665, -0.3253222107887268], [0.9828954339027405, -0.11607524007558823, 0.06682391464710236], [-0.07267887145280838, 0.006897259503602982, -0.13387523591518402], [-0.029186563566327095, 0.165152445435524, -0.10875466465950012], [-0.4929945766925812, -0.4643844962120056, -0.24193133413791656], [0.05080743879079819, -0.0031371989753097296, -0.10777085274457932], [-0.019750693812966347, -0.02092951163649559, 0.01962857134640217], [-0.013049126602709293, 0.016209010034799576, -0.02746904082596302], [0.003999200649559498, 0.3682236671447754, 0.020632334053516388], [-0.1516903042793274, -0.2654872238636017, 0.12141649425029755], [-0.26773202419281006, 0.30436015129089355, -0.24779798090457916], [-0.2229541391134262, 0.5618029236793518, -0.17710959911346436], [-0.1328158676624298, -0.1879720836877823, -0.16742974519729614], [0.06774170696735382, 0.39386627078056335, 0.24121873080730438], [-0.09212128072977066, -0.30567747354507446, 0.02398858778178692], [0.3172946274280548, 1.6186531782150269, -0.278138130903244], [0.20794415473937988, 0.24493584036827087, 0.6554965376853943], [0.1709185242652893, 0.17854197323322296, -0.29474085569381714]], "jaw_pose": [0.047015849500894547, 0.0031502668280154467, 0.0031501809135079384], "leye_pose": [0.0, 0.0, 0.0], "reye_pose": [0.0, 0.0, 0.0], "lhand_pose": [[0.14182208478450775, 0.2477881759405136, -0.1848686784505844], [0.07861188054084778, -0.01973610743880272, -0.2728259265422821], [-0.05310576781630516, -0.08349359035491943, -0.12429102510213852], [-0.08947176486253738, 0.16996775567531586, -0.3513311743736267], [-0.07753381133079529, 0.032587334513664246, -0.3648150563240051], [-0.012413561344146729, -0.1345096379518509, -0.2445117086172104], [-0.3676006495952606, -0.4702323377132416, -0.3360685408115387], [0.005454091355204582, -0.023361463099718094, -0.3376252055168152], [-0.31168559193611145, 0.0005434181657619774, 0.03430420160293579], [-0.0966656357049942, -0.09731834381818771, -0.42455074191093445], [-0.23312026262283325, -0.035033825784921646, -0.28580719232559204], [-0.15724310278892517, -0.1408008486032486, -0.23240843415260315], [0.8104916214942932, 0.32886791229248047, 0.01765095628798008], [-0.5457541346549988, 0.0369044691324234, -0.0761745348572731], [0.5914983153343201, 0.11069052666425705, -0.11668647080659866]], "rhand_pose": [[0.06904330849647522, -0.16070760786533356, 0.26149776577949524], [0.12198004126548767, 0.00494716502726078, 0.27089202404022217], [-0.10178839415311813, 0.08894548565149307, 0.07092048227787018], [-0.0648798793554306, -0.07509787380695343, 0.4488697350025177], [-0.07948286086320877, -0.08802244812250137, 0.1787721961736679], [-0.0023075814824551344, 0.10458296537399292, 0.1209086924791336], [-0.28147661685943604, 0.2946072816848755, 0.3344414234161377], [-0.0012079768348485231, -0.03860842436552048, 0.16512829065322876], [-0.24165290594100952, 0.019311923533678055, -0.05753970518708229], [-0.00038572223274968565, 0.0023701817262917757, 0.42544832825660706], [-0.19430938363075256, 0.005526231601834297, 0.09358371049165726], [-0.13405509293079376, 0.12417913973331451, 0.16524268686771393], [0.793056845664978, -0.24316732585430145, 0.030123654752969742], [-0.5632075071334839, 0.012250342406332493, 0.06527755409479141], [0.578655481338501, -0.16275741159915924, 0.19663117825984955]], "trans": [-0.5474059581756592, 0.6158004999160767, 3.792750120162964], "focal": [1177.7945556640625, 1177.7945556640625], "princpt": [680.0, 384.0], "img_size_wh": [1360, 768], "pad_ratio": 0.0}