{"betas": [0.8196091055870056, -0.7134912014007568, 0.022209834307432175, 0.08442607522010803, 0.21392822265625, 0.18482638895511627, 0.21958084404468536, -0.14310893416404724, -0.31789344549179077, -0.3036992847919464], "root_pose": [3.038407802581787, -0.1936367154121399, 1.1196554899215698], "body_pose": [[-1.0843244791030884, 0.061945606023073196, 0.2562806308269501], [-0.3391523063182831, -0.1394226849079132, 0.08459798246622086], [0.6027460098266602, 0.06966444849967957, -0.10848080366849899], [1.1116684675216675, 0.26236194372177124, -0.31924721598625183], [1.0017277002334595, -0.12298767268657684, 0.07749397307634354], [-0.08069024235010147, 0.011493738740682602, -0.1261749267578125], [-0.05755088850855827, 0.1660492867231369, -0.09944655001163483], [-0.4885059595108032, -0.47550469636917114, -0.2537705600261688], [0.051362063735723495, -0.0008215942070819438, -0.09634874761104584], [-0.020414359867572784, -0.021721836179494858, 0.02130228839814663], [-0.012085996568202972, 0.015493955463171005, -0.02702830359339714], [-0.005248405039310455, 0.37227678298950195, 0.035669539123773575], [-0.13565076887607574, -0.2712070643901825, 0.10665556788444519], [-0.2604706585407257, 0.30956900119781494, -0.2168954759836197], [-0.2116176337003708, 0.5656976699829102, -0.18039435148239136], [-0.11760923266410828, -0.19623412191867828, -0.19849875569343567], [0.06612378358840942, 0.40669718384742737, 0.29469913244247437], [-0.08875299990177155, -0.31765854358673096, 0.024197936058044434], [0.33326077461242676, 1.5565707683563232, -0.2708832919597626], [0.19683171808719635, 0.22143983840942383, 0.6452964544296265], [0.15535126626491547, 0.10618685930967331, -0.28808534145355225]], "jaw_pose": [0.049535129219293594, 0.003869038075208664, 0.002506064483895898], "leye_pose": [0.0, 0.0, 0.0], "reye_pose": [0.0, 0.0, 0.0], "lhand_pose": [[0.14135248959064484, 0.2544158101081848, -0.1925637423992157], [0.07795983552932739, -0.013973656110465527, -0.30923521518707275], [-0.04956505075097084, -0.08572478592395782, -0.14008723199367523], [-0.095441535115242, 0.16866132616996765, -0.37437209486961365], [-0.08119482547044754, 0.02934158779680729, -0.39430370926856995], [-0.013498065061867237, -0.13562002778053284, -0.26511985063552856], [-0.3785727918148041, -0.4800126254558563, -0.35141047835350037], [-0.01843911036849022, -0.03099585510790348, -0.35732266306877136], [-0.31981199979782104, -0.003263668157160282, 0.018132107332348824], [-0.1090819239616394, -0.10803991556167603, -0.445590078830719], [-0.24258480966091156, -0.042392972856760025, -0.3180619180202484], [-0.16104759275913239, -0.14148810505867004, -0.2514165937900543], [0.8142409920692444, 0.3331140875816345, 0.02308920957148075], [-0.5428427457809448, 0.038558173924684525, -0.08068832010030746], [0.59555983543396, 0.12346818298101425, -0.11561720073223114]], "rhand_pose": [[0.06813285499811172, -0.15854349732398987, 0.2403929978609085], [0.11631868779659271, 0.003500993363559246, 0.26376402378082275], [-0.09776995331048965, 0.08475181460380554, 0.07814371585845947], [-0.059481430798769, -0.07643619924783707, 0.4319396913051605], [-0.07896247506141663, -0.08501800149679184, 0.1805150806903839], [-0.004823192022740841, 0.10214009135961533, 0.12257640808820724], [-0.27527931332588196, 0.2828875184059143, 0.32633697986602783], [-0.002394257578998804, -0.03868560492992401, 0.16891127824783325], [-0.2424449920654297, 0.014657435938715935, -0.05662341043353081], [0.0030942487064749002, -0.0059419493190944195, 0.4104428291320801], [-0.19478124380111694, 0.008662900887429714, 0.1000237762928009], [-0.13370035588741302, 0.1213136538863182, 0.16945049166679382], [0.7835518717765808, -0.23206084966659546, 0.021373329684138298], [-0.564380407333374, 0.011921041645109653, 0.0675438642501831], [0.5755165219306946, -0.1568143665790558, 0.18393711745738983]], "trans": [-0.5436439514160156, 0.6240647435188293, 3.7850842475891113], "focal": [1177.7945556640625, 1177.7945556640625], "princpt": [680.0, 384.0], "img_size_wh": [1360, 768], "pad_ratio": 0.0}