{"betas": [0.8199848532676697, -0.7135240435600281, 0.022315263748168945, 0.08423581719398499, 0.21375980973243713, 0.1848756968975067, 0.2195688933134079, -0.14348271489143372, -0.31762757897377014, -0.30380237102508545], "root_pose": [3.044926643371582, -0.02495567500591278, 1.2765913009643555], "body_pose": [[-1.1232513189315796, 0.02606913261115551, 0.2408936619758606], [-0.5030296444892883, -0.1805640608072281, 0.0623837485909462], [0.7274093627929688, 0.07826665043830872, -0.1028657853603363], [1.3316739797592163, 0.3077045977115631, -0.3114440143108368], [1.5169899463653564, -0.13875311613082886, 0.3267996907234192], [-0.10954774916172028, 0.0432148240506649, -0.09007322043180466], [-0.4581272304058075, 0.3014529347419739, 0.10368842631578445], [-0.6229196190834045, -0.3062804043292999, -0.22303231060504913], [-0.0195525661110878, 0.022716427221894264, -0.0615461990237236], [-0.013185933232307434, -0.01821301132440567, 0.016395047307014465], [-0.011026468127965927, 0.015950359404087067, -0.026036886498332024], [-0.14702826738357544, 0.36850786209106445, -0.001306179678067565], [-0.08214075863361359, -0.4564917981624603, -0.01895873062312603], [-0.17843544483184814, 0.5250378847122192, 0.218384250998497], [-0.34920385479927063, 0.5701788663864136, -0.15491913259029388], [-0.044877324253320694, -0.3334227502346039, -0.5045688152313232], [-0.03971977159380913, 0.5884122848510742, 0.6780482530593872], [-0.052643466740846634, -0.4010937213897705, -0.019819384440779686], [0.3148999810218811, 0.4943163990974426, -0.041645221412181854], [0.028960710391402245, -0.005968371406197548, 0.5896141529083252], [0.2221173495054245, 0.21639874577522278, -0.39693155884742737]], "jaw_pose": [0.04763498902320862, 0.01179558876901865, -0.03088199347257614], "leye_pose": [0.0, 0.0, 0.0], "reye_pose": [0.0, 0.0, 0.0], "lhand_pose": [[0.09852324426174164, 0.2731457054615021, -0.25008949637413025], [0.10863660275936127, -0.04554874077439308, -0.529076874256134], [-0.07511813938617706, -0.09934153407812119, -0.17798879742622375], [-0.12338375300168991, 0.1828862875699997, -0.45741045475006104], [-0.10525356233119965, 0.053465139120817184, -0.5002268552780151], [-0.012737936340272427, -0.16090244054794312, -0.3033756911754608], [-0.4167802631855011, -0.5018142461776733, -0.42551323771476746], [-0.09620494395494461, -0.009197390638291836, -0.40538665652275085], [-0.33981549739837646, -0.0008441403042525053, -0.0780528336763382], [-0.12384936958551407, -0.09361919015645981, -0.5247851610183716], [-0.2819744646549225, -0.006457099691033363, -0.4061955213546753], [-0.19418439269065857, -0.14806854724884033, -0.2878641188144684], [0.8504851460456848, 0.39793896675109863, 0.023763859644532204], [-0.5917633175849915, 0.02166222222149372, -0.07730245590209961], [0.6630777716636658, 0.10446157306432724, -0.20073561370372772]], "rhand_pose": [[0.05766579136252403, -0.17758822441101074, 0.48160189390182495], [0.16448041796684265, 0.04956429824233055, 0.5457351207733154], [-0.10710174590349197, 0.13785038888454437, 0.18481776118278503], [-0.16048026084899902, -0.03408515453338623, 0.7287963628768921], [-0.08997421711683273, -0.056371983140707016, 0.4791406989097595], [-0.009136389940977097, 0.12295125424861908, 0.30536073446273804], [-0.40017926692962646, 0.5229591131210327, 0.4155603349208832], [-0.2001943290233612, 0.01231111865490675, 0.37545692920684814], [-0.29452642798423767, 0.029590511694550514, 0.10334929078817368], [-0.051892444491386414, 0.1517581194639206, 0.6341503858566284], [-0.2931939959526062, 0.06778094172477722, 0.40378665924072266], [-0.19001275300979614, 0.11054161936044693, 0.3543550670146942], [0.8210190534591675, -0.4361925423145294, 0.0377526693046093], [-0.540672242641449, 0.02832106314599514, 0.0773220807313919], [0.6667263507843018, -0.1996731162071228, 0.2703884541988373]], "trans": [-0.49204131960868835, 0.7713667154312134, 3.6617534160614014], "focal": [1177.7945556640625, 1177.7945556640625], "princpt": [680.0, 384.0], "img_size_wh": [1360, 768], "pad_ratio": 0.0}