{"betas": [0.8200742602348328, -0.7133693099021912, 0.022259313613176346, 0.08419162034988403, 0.21380485594272614, 0.18489301204681396, 0.21959081292152405, -0.1434938907623291, -0.3174777626991272, -0.30375728011131287], "root_pose": [3.075012445449829, -0.01316495705395937, 1.2508562803268433], "body_pose": [[-1.178632378578186, 0.00569401029497385, 0.2946784794330597], [-0.5297027230262756, -0.2120872288942337, 0.014949250034987926], [0.7550073266029358, 0.08143758028745651, -0.10950426757335663], [1.449698567390442, 0.3064908981323242, -0.35609525442123413], [1.6155140399932861, -0.10909893363714218, 0.3677173852920532], [-0.11200327426195145, 0.04091509059071541, -0.09575130045413971], [-0.5122260451316833, 0.2792326807975769, 0.13195180892944336], [-0.6531955003738403, -0.26647934317588806, -0.19044072926044464], [-0.027451032772660255, 0.024723675101995468, -0.06817212700843811], [-0.012463598512113094, -0.016054943203926086, 0.010134218260645866], [-0.015266641974449158, 0.0188854169100523, -0.02472180314362049], [-0.1802026331424713, 0.34207379817962646, -0.019551729783415794], [-0.0851062536239624, -0.4524276554584503, -0.036180879920721054], [-0.16382168233394623, 0.5127859115600586, 0.24246437847614288], [-0.38012444972991943, 0.558296263217926, -0.12140823900699615], [-0.027549464255571365, -0.3475850820541382, -0.5590924024581909], [-0.06114713475108147, 0.5624253153800964, 0.6984502673149109], [0.08450071513652802, -0.4113534390926361, -0.03657897561788559], [0.342749685049057, 0.37613391876220703, -0.02034975402057171], [0.1592007726430893, 0.002973729046061635, 0.5918270349502563], [0.31160932779312134, 0.18935084342956543, -0.5032600164413452]], "jaw_pose": [0.04545166343450546, 0.010288482531905174, -0.03519758582115173], "leye_pose": [0.0, 0.0, 0.0], "reye_pose": [0.0, 0.0, 0.0], "lhand_pose": [[0.10551096498966217, 0.26752856373786926, -0.2587009370326996], [0.11380770802497864, -0.043732669204473495, -0.5111730694770813], [-0.07807900011539459, -0.0985575020313263, -0.16476421058177948], [-0.11275145411491394, 0.1892373412847519, -0.4524020552635193], [-0.10507068037986755, 0.05387203022837639, -0.4735150635242462], [-0.009893138892948627, -0.16013012826442719, -0.2874016761779785], [-0.40526673197746277, -0.5037012696266174, -0.41218069195747375], [-0.07193632423877716, 0.0024177327286452055, -0.38639456033706665], [-0.3350169360637665, -0.005011593922972679, -0.061165567487478256], [-0.12484396249055862, -0.08879367262125015, -0.5305108428001404], [-0.2797405421733856, 0.0011511353077366948, -0.3768264949321747], [-0.1850079894065857, -0.1508215218782425, -0.26562413573265076], [0.864989697933197, 0.4248883128166199, -0.014919525012373924], [-0.5781148672103882, 0.027484526857733727, -0.06352093070745468], [0.6484788060188293, 0.08969191461801529, -0.21449239552021027]], "rhand_pose": [[0.06762359291315079, -0.20917551219463348, 0.4892389476299286], [0.17437218129634857, 0.045947663486003876, 0.474836528301239], [-0.10848550498485565, 0.13929733633995056, 0.14690975844860077], [-0.149952694773674, -0.03779301047325134, 0.6792719960212708], [-0.08625438809394836, -0.06007542461156845, 0.3962606191635132], [-0.005233041476458311, 0.12012418359518051, 0.2684559226036072], [-0.40507519245147705, 0.5547237992286682, 0.3661781847476959], [-0.15412074327468872, -0.0032450987491756678, 0.330064982175827], [-0.28737354278564453, 0.020012598484754562, 0.05461039021611214], [-0.04818831384181976, 0.15369068086147308, 0.5849151015281677], [-0.28207433223724365, 0.062178801745176315, 0.31881335377693176], [-0.1769656240940094, 0.10948888957500458, 0.3210556209087372], [0.8250972628593445, -0.4839753210544586, 0.0386810265481472], [-0.5512967705726624, 0.01939540170133114, 0.07399144768714905], [0.6723092794418335, -0.2084873467683792, 0.26058387756347656]], "trans": [-0.48071572184562683, 0.8077685832977295, 3.624337911605835], "focal": [1177.7945556640625, 1177.7945556640625], "princpt": [680.0, 384.0], "img_size_wh": [1360, 768], "pad_ratio": 0.0}