{"betas": [0.8198539018630981, -0.713476836681366, 0.022230742499232292, 0.08425046503543854, 0.21387673914432526, 0.18491463363170624, 0.21948839724063873, -0.14339062571525574, -0.31769052147865295, -0.3038671016693115], "root_pose": [3.0435266494750977, -0.027732303366065025, 1.2438204288482666], "body_pose": [[-1.0753074884414673, 0.012164120562374592, 0.15473513305187225], [-0.45740368962287903, -0.14164352416992188, 0.12244157493114471], [0.6677008271217346, 0.07090108841657639, -0.0964287593960762], [1.19939124584198, 0.26704466342926025, -0.26261937618255615], [1.318060278892517, -0.12770691514015198, 0.21304507553577423], [-0.12168387323617935, 0.027079397812485695, -0.08361678570508957], [-0.3751550614833832, 0.2744985818862915, 0.03613026440143585], [-0.572478711605072, -0.3478987216949463, -0.231075257062912], [0.012129314243793488, 0.014165481552481651, -0.056350886821746826], [-0.019795190542936325, -0.023527849465608597, 0.03172484412789345], [-0.008608207106590271, 0.017496084794402122, -0.018139095976948738], [-0.0997338593006134, 0.3717058598995209, 0.03420605510473251], [-0.09060260653495789, -0.40850692987442017, 0.021268686279654503], [-0.218840092420578, 0.46136850118637085, 0.0563170351088047], [-0.2795013189315796, 0.5541401505470276, -0.17764993011951447], [-0.047945547848939896, -0.29099714756011963, -0.4250815510749817], [0.023092931136488914, 0.5837640166282654, 0.6469928622245789], [-0.07346033304929733, -0.4051204323768616, 0.0038530409801751375], [0.4285318851470947, 0.8641034960746765, -0.10750371217727661], [0.07305105030536652, -0.03757394105195999, 0.580051839351654], [0.22720597684383392, 0.1764003336429596, -0.392995685338974]], "jaw_pose": [0.046592507511377335, 0.007582788355648518, -0.015021289698779583], "leye_pose": [0.0, 0.0, 0.0], "reye_pose": [0.0, 0.0, 0.0], "lhand_pose": [[0.09388347715139389, 0.29529958963394165, -0.25501808524131775], [0.10818706452846527, -0.023412946611642838, -0.4280647933483124], [-0.06360934674739838, -0.08915776014328003, -0.1494082361459732], [-0.1085461750626564, 0.17066384851932526, -0.45194652676582336], [-0.10095547884702682, 0.039838194847106934, -0.3913363814353943], [-0.012307681143283844, -0.13824668526649475, -0.2718779742717743], [-0.32578450441360474, -0.511685848236084, -0.30489838123321533], [-0.1418435424566269, -0.004955211188644171, -0.34404635429382324], [-0.29079529643058777, -0.01965951919555664, -0.0484183132648468], [-0.08179327845573425, -0.11617995798587799, -0.45282110571861267], [-0.27240002155303955, -0.03891713172197342, -0.32726916670799255], [-0.1702202558517456, -0.12738673388957977, -0.25478067994117737], [0.7844120264053345, 0.37623482942581177, 0.08023782074451447], [-0.5469838380813599, 0.03548494726419449, -0.0957307517528534], [0.605819046497345, 0.12657995522022247, -0.1454717069864273]], "rhand_pose": [[0.053493697196245193, -0.18943491578102112, 0.3429216742515564], [0.13962304592132568, 0.026629656553268433, 0.4058259129524231], [-0.10352654755115509, 0.10688106715679169, 0.15242163836956024], [-0.11130274087190628, -0.055468689650297165, 0.5584939122200012], [-0.09026674926280975, -0.04620227962732315, 0.3258729875087738], [-0.011445451527833939, 0.10825052112340927, 0.2283194363117218], [-0.33562391996383667, 0.46038347482681274, 0.30486980080604553], [-0.1287413388490677, -0.012692902237176895, 0.26898765563964844], [-0.25572699308395386, 0.02375718019902706, 0.029324971139431], [-0.018277965486049652, 0.08146272599697113, 0.479984849691391], [-0.2535470724105835, 0.05752916634082794, 0.26167717576026917], [-0.16110964119434357, 0.1084214597940445, 0.27243465185165405], [0.7448573112487793, -0.3461540937423706, -0.025412283837795258], [-0.5292322635650635, 0.004069946706295013, 0.08661717921495438], [0.6061200499534607, -0.17178189754486084, 0.19460654258728027]], "trans": [-0.5083227753639221, 0.7166075706481934, 3.7148008346557617], "focal": [1177.7945556640625, 1177.7945556640625], "princpt": [680.0, 384.0], "img_size_wh": [1360, 768], "pad_ratio": 0.0}