{"betas": [0.8198268413543701, -0.7134513854980469, 0.022179048508405685, 0.0842437893152237, 0.21389539539813995, 0.18493524193763733, 0.21945461630821228, -0.14334921538829803, -0.31776121258735657, -0.3038625419139862], "root_pose": [3.0439813137054443, -0.032697178423404694, 1.2319973707199097], "body_pose": [[-1.0719760656356812, 0.003609761130064726, 0.14263659715652466], [-0.441782146692276, -0.13495810329914093, 0.133858785033226], [0.6521449685096741, 0.0715729296207428, -0.09694003313779831], [1.1800895929336548, 0.2495548576116562, -0.2542588412761688], [1.2654156684875488, -0.12390124052762985, 0.18714290857315063], [-0.12123226374387741, 0.024461878463625908, -0.08564763516187668], [-0.3260398507118225, 0.24547185003757477, 0.007642671931535006], [-0.5597410798072815, -0.3605956733226776, -0.24035736918449402], [0.021175941452383995, 0.012994957156479359, -0.05686934292316437], [-0.01923402212560177, -0.02409016713500023, 0.032692357897758484], [-0.00903528742492199, 0.019111480563879013, -0.020604051649570465], [-0.09028422087430954, 0.3696662187576294, 0.044266775250434875], [-0.09459489583969116, -0.3825634717941284, 0.03887031599879265], [-0.2298658788204193, 0.43296128511428833, 0.0024819516111165285], [-0.2609047293663025, 0.5508776903152466, -0.1856592446565628], [-0.048037271946668625, -0.27315258979797363, -0.4071311950683594], [0.03756373003125191, 0.5670942068099976, 0.6223734617233276], [-0.05098741129040718, -0.41121089458465576, 0.009471990168094635], [0.47313088178634644, 0.9822591543197632, -0.1396484375], [0.10905906558036804, -0.026256771758198738, 0.5644267797470093], [0.2613639533519745, 0.14163453876972198, -0.4008404612541199]], "jaw_pose": [0.04702169820666313, 0.006728262174874544, -0.009134417399764061], "leye_pose": [0.0, 0.0, 0.0], "reye_pose": [0.0, 0.0, 0.0], "lhand_pose": [[0.09826787561178207, 0.287808358669281, -0.23948317766189575], [0.10281402617692947, -0.010477440431714058, -0.36331501603126526], [-0.06403421610593796, -0.08299434930086136, -0.1326296180486679], [-0.10037888586521149, 0.17289239168167114, -0.41888585686683655], [-0.09637656807899475, 0.03889315202832222, -0.3456753194332123], [-0.012180877849459648, -0.1329101175069809, -0.24850289523601532], [-0.3101677894592285, -0.498980313539505, -0.2771402895450592], [-0.11779705435037613, -0.009121167473495007, -0.3214826285839081], [-0.28397753834724426, -0.016443518921732903, -0.024948403239250183], [-0.07901112735271454, -0.10996027290821075, -0.42541179060935974], [-0.2595214247703552, -0.038550060242414474, -0.28496813774108887], [-0.1586344838142395, -0.12524400651454926, -0.23475466668605804], [0.7730004191398621, 0.3723868131637573, 0.07926584035158157], [-0.5384905934333801, 0.03733484074473381, -0.09257544577121735], [0.5923298001289368, 0.12490514665842056, -0.1336183100938797]], "rhand_pose": [[0.055721644312143326, -0.18857337534427643, 0.26456090807914734], [0.127836212515831, 0.014207018539309502, 0.31384581327438354], [-0.10104500502347946, 0.08918381482362747, 0.12294429540634155], [-0.07695281505584717, -0.06941939890384674, 0.4499792456626892], [-0.08504510670900345, -0.05084190517663956, 0.23033681511878967], [-0.012494532391428947, 0.10058828443288803, 0.17682255804538727], [-0.28016966581344604, 0.40611475706100464, 0.23334380984306335], [-0.08778642117977142, -0.03133118897676468, 0.21600715816020966], [-0.23472070693969727, 0.015764571726322174, -0.011624676175415516], [0.011708546429872513, 0.03727109730243683, 0.3820917308330536], [-0.22801832854747772, 0.044254641979932785, 0.17775073647499084], [-0.14551344513893127, 0.10497502237558365, 0.22054238617420197], [0.7227537631988525, -0.30240505933761597, -0.040401823818683624], [-0.5368548631668091, -0.002045979956164956, 0.0858723521232605], [0.579405665397644, -0.15297698974609375, 0.1696547567844391]], "trans": [-0.5134255886077881, 0.703136682510376, 3.724729061126709], "focal": [1177.7945556640625, 1177.7945556640625], "princpt": [680.0, 384.0], "img_size_wh": [1360, 768], "pad_ratio": 0.0}