{"betas": [0.8199190497398376, -0.713563859462738, 0.022274315357208252, 0.08419241011142731, 0.21379272639751434, 0.18493197858333588, 0.2195112258195877, -0.1434285044670105, -0.3176577389240265, -0.3038172721862793], "root_pose": [3.041003465652466, -0.026744887232780457, 1.271712303161621], "body_pose": [[-1.085209846496582, 0.02966512180864811, 0.2015114724636078], [-0.4840790629386902, -0.15943346917629242, 0.09345221519470215], [0.6996902823448181, 0.07525356858968735, -0.09904344379901886], [1.2494394779205322, 0.2957761883735657, -0.2912111282348633], [1.4237666130065918, -0.1368888020515442, 0.2726137638092041], [-0.11435607075691223, 0.03838861361145973, -0.08641505241394043], [-0.4325699806213379, 0.3020351529121399, 0.07751455903053284], [-0.6028446555137634, -0.3337341547012329, -0.234385147690773], [-0.005433493293821812, 0.019191667437553406, -0.05802951753139496], [-0.017243430018424988, -0.02109486050903797, 0.023366469889879227], [-0.008743329904973507, 0.014800972305238247, -0.02213529497385025], [-0.13104553520679474, 0.37839287519454956, 0.02378893829882145], [-0.0850602313876152, -0.446919322013855, -0.0032455159816890955], [-0.19744496047496796, 0.5072872042655945, 0.16195040941238403], [-0.3174985349178314, 0.5673329830169678, -0.16137175261974335], [-0.04810077324509621, -0.3175320029258728, -0.46055367588996887], [-0.014290107414126396, 0.5980912446975708, 0.6701768636703491], [-0.11132035404443741, -0.3936517536640167, -0.0008292413549497724], [0.32876864075660706, 0.6459747552871704, -0.057022273540496826], [0.0021003580186516047, -0.014261122792959213, 0.5643408298492432], [0.15182766318321228, 0.20907795429229736, -0.33772170543670654]], "jaw_pose": [0.04721862077713013, 0.0105275334790349, -0.025603121146559715], "leye_pose": [0.0, 0.0, 0.0], "reye_pose": [0.0, 0.0, 0.0], "lhand_pose": [[0.09856679290533066, 0.2900351583957672, -0.29861652851104736], [0.11766111105680466, -0.04472203925251961, -0.5663747787475586], [-0.06971395015716553, -0.10074407607316971, -0.18403023481369019], [-0.1326739639043808, 0.17666958272457123, -0.5235616564750671], [-0.10625580698251724, 0.045567844063043594, -0.5222566723823547], [-0.012404181063175201, -0.15761125087738037, -0.32353731989860535], [-0.4181477725505829, -0.5273722410202026, -0.44028720259666443], [-0.1407034695148468, -0.010334771126508713, -0.4209609031677246], [-0.334686279296875, -0.011655149050056934, -0.09190231561660767], [-0.12413951754570007, -0.1197827160358429, -0.5681686997413635], [-0.2939697802066803, -0.028124967589974403, -0.441104918718338], [-0.19651255011558533, -0.14150668680667877, -0.3057464361190796], [0.8438278436660767, 0.3932439684867859, 0.041144441813230515], [-0.5761982202529907, 0.024308469146490097, -0.09250541031360626], [0.6545920968055725, 0.12323874235153198, -0.18392276763916016]], "rhand_pose": [[0.05128708854317665, -0.18234506249427795, 0.4605388045310974], [0.1601226031780243, 0.04418881610035896, 0.5494557023048401], [-0.10952331125736237, 0.13340850174427032, 0.19309747219085693], [-0.16366015374660492, -0.03507965803146362, 0.7308202385902405], [-0.09227103739976883, -0.04803374409675598, 0.48137807846069336], [-0.009768741205334663, 0.12002013623714447, 0.3029041290283203], [-0.42581650614738464, 0.523317277431488, 0.4355102479457855], [-0.18419978022575378, 0.0111435167491436, 0.3633827269077301], [-0.2901463210582733, 0.030483584851026535, 0.09801220893859863], [-0.063099205493927, 0.15035822987556458, 0.6412253975868225], [-0.29089033603668213, 0.07098773866891861, 0.40300288796424866], [-0.18687672913074493, 0.11024974286556244, 0.3521641790866852], [0.7956266403198242, -0.4216400384902954, 0.016041195020079613], [-0.5343101024627686, 0.023906074464321136, 0.0824221670627594], [0.6547207236289978, -0.1960250437259674, 0.24205046892166138]], "trans": [-0.4992227256298065, 0.7444329857826233, 3.6904094219207764], "focal": [1177.7945556640625, 1177.7945556640625], "princpt": [680.0, 384.0], "img_size_wh": [1360, 768], "pad_ratio": 0.0}