{"betas": [0.8199835419654846, -0.7134230136871338, 0.022253377363085747, 0.08418557047843933, 0.2137811928987503, 0.18487907946109772, 0.21959282457828522, -0.14349155128002167, -0.31756606698036194, -0.3037893772125244], "root_pose": [3.053642749786377, -0.022174732759594917, 1.2695679664611816], "body_pose": [[-1.1347910165786743, 0.026036132127046585, 0.26165086030960083], [-0.5113715529441833, -0.1911681890487671, 0.04665419086813927], [0.7382257580757141, 0.07858338952064514, -0.10496217757463455], [1.3650681972503662, 0.3105263411998749, -0.3256133794784546], [1.5497967004776, -0.13332237303256989, 0.34450531005859375], [-0.10907969623804092, 0.041745055466890335, -0.0914805680513382], [-0.47152793407440186, 0.2962629199028015, 0.11164121329784393], [-0.6311237812042236, -0.29324889183044434, -0.2154703140258789], [-0.024045919999480247, 0.023172490298748016, -0.06384788453578949], [-0.012643183581531048, -0.017445644363760948, 0.0141340596601367], [-0.012252178974449635, 0.01719949021935463, -0.025222355499863625], [-0.15735024213790894, 0.35687023401260376, -0.011304106563329697], [-0.08351631462574005, -0.45663946866989136, -0.026734599843621254], [-0.1735329031944275, 0.5265753269195557, 0.2341274619102478], [-0.3670695126056671, 0.5634750127792358, -0.145247220993042], [-0.040624700486660004, -0.33872470259666443, -0.5245204567909241], [-0.05045432969927788, 0.581120491027832, 0.6822034120559692], [-0.018550364300608635, -0.406416118144989, -0.02644526958465576], [0.3089699447154999, 0.441166490316391, -0.035086214542388916], [0.06578127294778824, 0.0060175200924277306, 0.5959757566452026], [0.24175137281417847, 0.20709450542926788, -0.4290177822113037]], "jaw_pose": [0.04661233350634575, 0.011482912115752697, -0.03318936377763748], "leye_pose": [0.0, 0.0, 0.0], "reye_pose": [0.0, 0.0, 0.0], "lhand_pose": [[0.10051951557397842, 0.2743886411190033, -0.24834412336349487], [0.1096334233880043, -0.04551244527101517, -0.512511134147644], [-0.0783219113945961, -0.10067494213581085, -0.17010383307933807], [-0.12066518515348434, 0.18616269528865814, -0.4507024884223938], [-0.10491800308227539, 0.056430261582136154, -0.4832594692707062], [-0.011225777678191662, -0.16128571331501007, -0.2947404980659485], [-0.41647765040397644, -0.5048948526382446, -0.41962477564811707], [-0.08017192035913467, -0.00462686363607645, -0.3965197503566742], [-0.33794164657592773, 0.000999624258838594, -0.0692116841673851], [-0.12635645270347595, -0.09249216318130493, -0.5237816572189331], [-0.27947884798049927, 0.0009859559359028935, -0.3899713158607483], [-0.19162598252296448, -0.1488618701696396, -0.2776584029197693], [0.8560062646865845, 0.4188169240951538, 0.010022135451436043], [-0.5909914970397949, 0.023199351504445076, -0.07094606757164001], [0.6624500751495361, 0.0976639986038208, -0.2070484310388565]], "rhand_pose": [[0.06302663683891296, -0.1885560005903244, 0.4847911596298218], [0.16759689152240753, 0.04974599927663803, 0.5263718366622925], [-0.10818632692098618, 0.13875067234039307, 0.1759098768234253], [-0.1555798053741455, -0.03961235657334328, 0.713338315486908], [-0.08851251006126404, -0.05869743227958679, 0.4591219127178192], [-0.007534361444413662, 0.12364064902067184, 0.2973426282405853], [-0.402622252702713, 0.533181369304657, 0.4032641053199768], [-0.19026558101177216, 0.00932373944669962, 0.36563050746917725], [-0.29615405201911926, 0.026294656097888947, 0.0920393317937851], [-0.05088789761066437, 0.15181435644626617, 0.6198012828826904], [-0.2911917567253113, 0.06413961201906204, 0.3855774700641632], [-0.18712928891181946, 0.11186802387237549, 0.34428665041923523], [0.8259211182594299, -0.45676320791244507, 0.0403798446059227], [-0.5446510314941406, 0.025342855602502823, 0.0750364288687706], [0.6725286841392517, -0.20178909599781036, 0.27163371443748474]], "trans": [-0.4881651699542999, 0.7840510010719299, 3.6490490436553955], "focal": [1177.7945556640625, 1177.7945556640625], "princpt": [680.0, 384.0], "img_size_wh": [1360, 768], "pad_ratio": 0.0}