{"betas": [0.8199493885040283, -0.7135394215583801, 0.02233579382300377, 0.08421734720468521, 0.21378085017204285, 0.1848827749490738, 0.2195255011320114, -0.14348718523979187, -0.3176690340042114, -0.3037967085838318], "root_pose": [3.0407657623291016, -0.026831788942217827, 1.2787370681762695], "body_pose": [[-1.1040903329849243, 0.028146741911768913, 0.2214498668909073], [-0.49404987692832947, -0.16992537677288055, 0.07810675352811813], [0.7145767211914062, 0.07748083770275116, -0.10095220804214478], [1.2903531789779663, 0.30227038264274597, -0.30154290795326233], [1.4739307165145874, -0.13951048254966736, 0.30199792981147766], [-0.11067911237478256, 0.04274598881602287, -0.0886506736278534], [-0.4475790858268738, 0.30324360728263855, 0.09196807444095612], [-0.6146760582923889, -0.3204728662967682, -0.23179201781749725], [-0.012977966107428074, 0.02159428410232067, -0.05968381091952324], [-0.014581123366951942, -0.019338659942150116, 0.01943294331431389], [-0.009749462828040123, 0.014909700490534306, -0.025234779343008995], [-0.1403672844171524, 0.3767284154891968, 0.012107625603675842], [-0.08292875438928604, -0.45404312014579773, -0.011124541983008385], [-0.186818465590477, 0.5191094875335693, 0.19587542116641998], [-0.3326055407524109, 0.5713539123535156, -0.1577848345041275], [-0.04678624868392944, -0.32626113295555115, -0.4819316864013672], [-0.028149835765361786, 0.5947375893592834, 0.674480140209198], [-0.08575834333896637, -0.39627471566200256, -0.008862697519361973], [0.3170227110385895, 0.562394380569458, -0.04786175116896629], [0.01232503168284893, -0.01366263534873724, 0.5682541131973267], [0.1781323105096817, 0.2152480185031891, -0.3552100956439972]], "jaw_pose": [0.047400325536727905, 0.01146241370588541, -0.028399672359228134], "leye_pose": [0.0, 0.0, 0.0], "reye_pose": [0.0, 0.0, 0.0], "lhand_pose": [[0.0982942208647728, 0.27628791332244873, -0.26713305711746216], [0.11039860546588898, -0.045449402183294296, -0.549402117729187], [-0.07111626118421555, -0.0991251990199089, -0.18485897779464722], [-0.12654727697372437, 0.17994928359985352, -0.4808369278907776], [-0.10634392499923706, 0.04903334379196167, -0.5195978879928589], [-0.013544530607759953, -0.1594894975423813, -0.31495705246925354], [-0.4183579981327057, -0.5063686370849609, -0.43614017963409424], [-0.11711543053388596, -0.009973214007914066, -0.4157555103302002], [-0.33814728260040283, -0.005096185952425003, -0.08683593571186066], [-0.12386219948530197, -0.10019800066947937, -0.5384871363639832], [-0.2875799238681793, -0.016227025538682938, -0.43006691336631775], [-0.19654947519302368, -0.14643652737140656, -0.29876360297203064], [0.8477038741111755, 0.38462546467781067, 0.03185644745826721], [-0.5873500108718872, 0.02165626361966133, -0.0860622450709343], [0.6610994338989258, 0.11379941552877426, -0.1931261569261551]], "rhand_pose": [[0.05289098620414734, -0.1751939058303833, 0.47313645482063293], [0.16154798865318298, 0.04744444787502289, 0.5559135675430298], [-0.10708430409431458, 0.13622497022151947, 0.19466014206409454], [-0.16446922719478607, -0.03226321563124657, 0.7376407384872437], [-0.09185697138309479, -0.05195914953947067, 0.4931134879589081], [-0.010164887644350529, 0.12173718959093094, 0.30988064408302307], [-0.41264960169792175, 0.5185190439224243, 0.4344247579574585], [-0.19755099713802338, 0.013674261048436165, 0.37601345777511597], [-0.2922677993774414, 0.03098885715007782, 0.10666480660438538], [-0.05900021269917488, 0.15269629657268524, 0.6446418166160583], [-0.29355594515800476, 0.07009085267782211, 0.4151148498058319], [-0.19018316268920898, 0.10976773500442505, 0.3598550260066986], [0.8083131909370422, -0.422221302986145, 0.028787847608327866], [-0.5376669764518738, 0.028569696471095085, 0.08167259395122528], [0.6616164445877075, -0.19971972703933716, 0.2587888240814209]], "trans": [-0.4957914352416992, 0.758017361164093, 3.675759792327881], "focal": [1177.7945556640625, 1177.7945556640625], "princpt": [680.0, 384.0], "img_size_wh": [1360, 768], "pad_ratio": 0.0}