{"betas": [0.8199039697647095, -0.7134982347488403, 0.022234544157981873, 0.0842290148139, 0.21381542086601257, 0.1849273145198822, 0.21949781477451324, -0.14342093467712402, -0.31765317916870117, -0.30382663011550903], "root_pose": [3.0423977375030518, -0.026715587824583054, 1.2583540678024292], "body_pose": [[-1.0775551795959473, 0.023551184684038162, 0.17736971378326416], [-0.47222548723220825, -0.1497398316860199, 0.108293816447258], [0.6837876439094543, 0.072432741522789, -0.09726478904485703], [1.220603346824646, 0.28471797704696655, -0.27766719460487366], [1.3713723421096802, -0.13256621360778809, 0.2423131912946701], [-0.11900369822978973, 0.03216734528541565, -0.0841779112815857], [-0.40666258335113525, 0.2935171127319336, 0.05905286967754364], [-0.5874130725860596, -0.3417457342147827, -0.2308352142572403], [0.0030275844037532806, 0.016359154134988785, -0.05681493878364563], [-0.01933525688946247, -0.022619472816586494, 0.027751022949814796], [-0.008423719555139542, 0.015835143625736237, -0.018921321257948875], [-0.1150016337633133, 0.374639093875885, 0.028592389076948166], [-0.08736765384674072, -0.43125852942466736, 0.006755398586392403], [-0.2082420140504837, 0.48743298649787903, 0.11285994201898575], [-0.3006889820098877, 0.5606648325920105, -0.1682439148426056], [-0.04833035171031952, -0.30599504709243774, -0.44220566749572754], [0.0037607436534017324, 0.5949261784553528, 0.6622475981712341], [-0.10487556457519531, -0.39786553382873535, 0.0012845478486269712], [0.3670821785926819, 0.7478293180465698, -0.07577163726091385], [0.0190327987074852, -0.027862505987286568, 0.5778000354766846], [0.17501413822174072, 0.20005610585212708, -0.3613402545452118]], "jaw_pose": [0.04696013405919075, 0.009107915684580803, -0.02130129002034664], "leye_pose": [0.0, 0.0, 0.0], "reye_pose": [0.0, 0.0, 0.0], "lhand_pose": [[0.09538682550191879, 0.2986034154891968, -0.2920656204223633], [0.11701526492834091, -0.037606846541166306, -0.52177494764328], [-0.0667956992983818, -0.09706287831068039, -0.17057716846466064], [-0.12559989094734192, 0.17187029123306274, -0.510854959487915], [-0.10435779392719269, 0.042066872119903564, -0.4710111618041992], [-0.012191596440970898, -0.14946529269218445, -0.3063676655292511], [-0.3790384829044342, -0.5296024084091187, -0.38336867094039917], [-0.15216870605945587, -0.007425573188811541, -0.3908778727054596], [-0.3154200315475464, -0.01774178259074688, -0.07718788832426071], [-0.10543280839920044, -0.12575650215148926, -0.5295379757881165], [-0.28861117362976074, -0.036690354347229004, -0.3982030153274536], [-0.18712736666202545, -0.13396914303302765, -0.28792768716812134], [0.8183019161224365, 0.39070093631744385, 0.061910126358270645], [-0.5621792674064636, 0.030014215037226677, -0.09547927975654602], [0.6328206658363342, 0.12691688537597656, -0.1658833920955658]], "rhand_pose": [[0.05204307287931442, -0.18943016231060028, 0.4216674268245697], [0.15384607017040253, 0.03818986564874649, 0.5005209445953369], [-0.10842636227607727, 0.12447576969861984, 0.17750981450080872], [-0.1470341831445694, -0.04160519316792488, 0.6730136871337891], [-0.09208463877439499, -0.04565008357167244, 0.4241812527179718], [-0.010017739608883858, 0.11602581292390823, 0.27592703700065613], [-0.4018131494522095, 0.5109418630599976, 0.3892531991004944], [-0.16193097829818726, 0.0034017551224678755, 0.3262324035167694], [-0.2788245975971222, 0.028512706980109215, 0.07033894956111908], [-0.04965776577591896, 0.12897838652133942, 0.5873393416404724], [-0.2780219614505768, 0.06809194386005402, 0.3495173454284668], [-0.17716734111309052, 0.11031413078308105, 0.3225480914115906], [0.7760645747184753, -0.40121594071388245, -0.0032447429839521646], [-0.5305840969085693, 0.014446031302213669, 0.08384335786104202], [0.6363762617111206, -0.18720228970050812, 0.2206965535879135]], "trans": [-0.5033411383628845, 0.7305296659469604, 3.7035229206085205], "focal": [1177.7945556640625, 1177.7945556640625], "princpt": [680.0, 384.0], "img_size_wh": [1360, 768], "pad_ratio": 0.0}