{"betas": [0.8197959661483765, -0.7134613394737244, 0.022188208997249603, 0.08428940922021866, 0.2139100581407547, 0.18493781983852386, 0.21942894160747528, -0.14330612123012543, -0.31775498390197754, -0.30384328961372375], "root_pose": [3.044250726699829, -0.043734438717365265, 1.2237077951431274], "body_pose": [[-1.0772382020950317, -0.0006488598883152008, 0.14017659425735474], [-0.4270741641521454, -0.12937454879283905, 0.1400798112154007], [0.6382172703742981, 0.07316026836633682, -0.09793231636285782], [1.1689603328704834, 0.2394205927848816, -0.2582443952560425], [1.215638279914856, -0.12174281477928162, 0.16550177335739136], [-0.11900593340396881, 0.023494845256209373, -0.08926237374544144], [-0.23991277813911438, 0.21491572260856628, -0.025721652433276176], [-0.5473335981369019, -0.38058462738990784, -0.2550077438354492], [0.0290560033172369, 0.01178245060145855, -0.05808967724442482], [-0.01846848800778389, -0.024620166048407555, 0.02943478897213936], [-0.009655077010393143, 0.020061353221535683, -0.025251228362321854], [-0.08111152052879333, 0.3673071563243866, 0.05245715752243996], [-0.09805923700332642, -0.35849714279174805, 0.055966656655073166], [-0.24061530828475952, 0.40527158975601196, -0.04361359030008316], [-0.24934875965118408, 0.5540698170661926, -0.191724956035614], [-0.04915110021829605, -0.25576919317245483, -0.38706880807876587], [0.04474390298128128, 0.5477758646011353, 0.5895870327949524], [-0.04930317401885986, -0.415959894657135, 0.014401071704924107], [0.4756956100463867, 1.088603138923645, -0.16164042055606842], [0.10273455083370209, -0.004191307816654444, 0.5430018305778503], [0.257852703332901, 0.10944462567567825, -0.3839239776134491]], "jaw_pose": [0.047649085521698, 0.0070098028518259525, -0.006010453216731548], "leye_pose": [0.0, 0.0, 0.0], "reye_pose": [0.0, 0.0, 0.0], "lhand_pose": [[0.1039523035287857, 0.27833089232444763, -0.24626818299293518], [0.09975908696651459, -0.006593329831957817, -0.3495153784751892], [-0.0654674768447876, -0.07936041802167892, -0.12758983671665192], [-0.10257231444120407, 0.1731688231229782, -0.4171867370605469], [-0.09293544292449951, 0.036249905824661255, -0.34559401869773865], [-0.013159791938960552, -0.13358984887599945, -0.24515555799007416], [-0.3217296600341797, -0.49021250009536743, -0.2949190139770508], [-0.09362722933292389, -0.016144024208188057, -0.3235366642475128], [-0.2933412194252014, -0.010109911672770977, -0.011279691010713577], [-0.0903979167342186, -0.10624789446592331, -0.4375358819961548], [-0.2544727921485901, -0.039736729115247726, -0.2806108891963959], [-0.15813425183296204, -0.1268387734889984, -0.23237572610378265], [0.7809812426567078, 0.3688722550868988, 0.06426932662725449], [-0.5379053950309753, 0.03760721534490585, -0.08873653411865234], [0.5922479629516602, 0.1227356567978859, -0.1308646947145462]], "rhand_pose": [[0.058373209089040756, -0.18790198862552643, 0.22504869103431702], [0.12435548007488251, 0.007598659489303827, 0.2729112505912781], [-0.10142259299755096, 0.08086807280778885, 0.10463468730449677], [-0.06356080621480942, -0.07466374337673187, 0.4031843841075897], [-0.08122745901346207, -0.05597512051463127, 0.1903173178434372], [-0.012412941083312035, 0.09642042964696884, 0.14874385297298431], [-0.26976317167282104, 0.3779396712779999, 0.21314553916454315], [-0.061301812529563904, -0.03847942128777504, 0.19161343574523926], [-0.2269803285598755, 0.011828448623418808, -0.03347109258174896], [0.02382434345781803, 0.020847180858254433, 0.3463582396507263], [-0.2141609638929367, 0.03679821640253067, 0.13877835869789124], [-0.1377428025007248, 0.10176175832748413, 0.19399702548980713], [0.7197880744934082, -0.29099899530410767, -0.041013315320014954], [-0.5460537672042847, -0.0034676219802349806, 0.08073203265666962], [0.5705930590629578, -0.14484891295433044, 0.15490062534809113]], "trans": [-0.5184866189956665, 0.6899614334106445, 3.734743118286133], "focal": [1177.7945556640625, 1177.7945556640625], "princpt": [680.0, 384.0], "img_size_wh": [1360, 768], "pad_ratio": 0.0}