{"betas": [0.8200569152832031, -0.7134092450141907, 0.022274188697338104, 0.08417902141809464, 0.2137911468744278, 0.18489380180835724, 0.2196003496646881, -0.14349359273910522, -0.3175426423549652, -0.30377066135406494], "root_pose": [3.0642595291137695, -0.018558915704488754, 1.2609416246414185], "body_pose": [[-1.1502043008804321, 0.019520645961165428, 0.27953892946243286], [-0.520001232624054, -0.20162048935890198, 0.030901726335287094], [0.7473767995834351, 0.07953605055809021, -0.10730365663766861], [1.4012194871902466, 0.3082391619682312, -0.3414812982082367], [1.5801684856414795, -0.12337087839841843, 0.35743048787117004], [-0.10940179973840714, 0.04068063572049141, -0.09351209551095963], [-0.4914591312408447, 0.2869219183921814, 0.1200505942106247], [-0.643999457359314, -0.27976709604263306, -0.2061307579278946], [-0.025812828913331032, 0.0238373801112175, -0.06645457446575165], [-0.0124193225055933, -0.016608448699116707, 0.012340642511844635], [-0.01386199053376913, 0.018161838874220848, -0.024518251419067383], [-0.1695621758699417, 0.3465231657028198, -0.01864086277782917], [-0.08541814982891083, -0.454775333404541, -0.0325884073972702], [-0.16948223114013672, 0.5226700305938721, 0.24259673058986664], [-0.37898996472358704, 0.5563486814498901, -0.13159871101379395], [-0.03355610743165016, -0.3426620364189148, -0.5412467122077942], [-0.058273520320653915, 0.5725840330123901, 0.6884773373603821], [0.02521369233727455, -0.411318838596344, -0.030787620693445206], [0.3112320303916931, 0.4039994776248932, -0.027026712894439697], [0.108577199280262, 0.00657561793923378, 0.5891550779342651], [0.2577962577342987, 0.19779375195503235, -0.45890599489212036]], "jaw_pose": [0.04561557620763779, 0.0105421869084239, -0.034500692039728165], "leye_pose": [0.0, 0.0, 0.0], "reye_pose": [0.0, 0.0, 0.0], "lhand_pose": [[0.10232127457857132, 0.2706211507320404, -0.24771277606487274], [0.11049030721187592, -0.04427739977836609, -0.5032004117965698], [-0.07841867953538895, -0.09973645210266113, -0.16508211195468903], [-0.11488236486911774, 0.18789294362068176, -0.44412219524383545], [-0.10548087954521179, 0.056434981524944305, -0.4736692011356354], [-0.010497837327420712, -0.16051830351352692, -0.2882852554321289], [-0.4079478085041046, -0.5035856366157532, -0.41049304604530334], [-0.07344458997249603, 0.001425025868229568, -0.38816535472869873], [-0.3329131603240967, -0.0012394728837534785, -0.06293880939483643], [-0.12383440881967545, -0.08868210017681122, -0.5179845094680786], [-0.27831387519836426, 0.004297263920307159, -0.38023802638053894], [-0.18818679451942444, -0.15052205324172974, -0.2681766748428345], [0.8586716651916504, 0.42440345883369446, -0.002594768302515149], [-0.586383044719696, 0.0263849887996912, -0.06640952825546265], [0.6549511551856995, 0.09200499206781387, -0.21111632883548737]], "rhand_pose": [[0.06646616756916046, -0.20093213021755219, 0.48763686418533325], [0.17018292844295502, 0.048333533108234406, 0.5064417123794556], [-0.10807614028453827, 0.13917435705661774, 0.1679816097021103], [-0.15328870713710785, -0.04204816743731499, 0.6988758444786072], [-0.08867388218641281, -0.058002032339572906, 0.43816274404525757], [-0.006122608669102192, 0.12373597174882889, 0.2895283102989197], [-0.41287779808044434, 0.5460041165351868, 0.39785122871398926], [-0.17540404200553894, 0.005800811108201742, 0.35236844420433044], [-0.295509934425354, 0.023032980039715767, 0.07644861191511154], [-0.05474415048956871, 0.15406917035579681, 0.6092173457145691], [-0.2886274456977844, 0.062309835106134415, 0.36381861567497253], [-0.1831633448600769, 0.11270234733819962, 0.33690205216407776], [0.8253310322761536, -0.47209277749061584, 0.03971751406788826], [-0.5488799214363098, 0.02117975801229477, 0.07569807767868042], [0.6753149628639221, -0.2070731669664383, 0.2661380171775818]], "trans": [-0.4847959280014038, 0.795762836933136, 3.636357307434082], "focal": [1177.7945556640625, 1177.7945556640625], "princpt": [680.0, 384.0], "img_size_wh": [1360, 768], "pad_ratio": 0.0}