{"betas": [0.82004314661026, -0.7133337259292603, 0.022294756025075912, 0.08417919278144836, 0.21384617686271667, 0.18487252295017242, 0.21958084404468536, -0.14347334206104279, -0.3173982799053192, -0.3037336468696594], "root_pose": [3.0853724479675293, -0.006971470080316067, 1.2399206161499023], "body_pose": [[-1.210698127746582, -0.004446287639439106, 0.3087787628173828], [-0.5400711894035339, -0.22257696092128754, -0.00015879460261203349], [0.7612649202346802, 0.08399221301078796, -0.11123141646385193], [1.4955815076828003, 0.3086063861846924, -0.37357813119888306], [1.6504902839660645, -0.09423614293336868, 0.3754637837409973], [-0.11473489552736282, 0.04204653948545456, -0.09705043584108353], [-0.529682993888855, 0.27419981360435486, 0.1450602412223816], [-0.6515455842018127, -0.25447919964790344, -0.17080336809158325], [-0.02999226562678814, 0.0253127608448267, -0.0683695450425148], [-0.012662135064601898, -0.015772858634591103, 0.009517025202512741], [-0.015917114913463593, 0.01910589262843132, -0.024309277534484863], [-0.18688999116420746, 0.3414492905139923, -0.013348103500902653], [-0.08233081549406052, -0.4514065682888031, -0.04130716994404793], [-0.15762290358543396, 0.5003992319107056, 0.23743224143981934], [-0.3772118389606476, 0.5643972754478455, -0.11353246867656708], [-0.02354656159877777, -0.35249727964401245, -0.5777252912521362], [-0.060661181807518005, 0.5528378486633301, 0.7103877663612366], [0.14435561001300812, -0.4051190912723541, -0.03927468881011009], [0.3822448253631592, 0.35548439621925354, -0.017200909554958344], [0.2083875983953476, 0.001030671875923872, 0.6108522415161133], [0.3614487648010254, 0.17726418375968933, -0.5407530069351196]], "jaw_pose": [0.0473053976893425, 0.010610510595142841, -0.0347830168902874], "leye_pose": [0.0, 0.0, 0.0], "reye_pose": [0.0, 0.0, 0.0], "lhand_pose": [[0.1109485775232315, 0.26409080624580383, -0.2761375606060028], [0.11675645411014557, -0.04420308768749237, -0.5367192625999451], [-0.07736951857805252, -0.09957756102085114, -0.17370004951953888], [-0.11732416599988937, 0.1894037425518036, -0.4798499345779419], [-0.10441770404577255, 0.050578318536281586, -0.49015703797340393], [-0.009874779731035233, -0.16005951166152954, -0.2979319095611572], [-0.4272335171699524, -0.502569854259491, -0.4402279257774353], [-0.0721423476934433, -0.004025857895612717, -0.4023122787475586], [-0.3469846248626709, -0.007691619917750359, -0.0698099285364151], [-0.13722699880599976, -0.09258954972028732, -0.5702677369117737], [-0.28553906083106995, -0.004102171864360571, -0.39523205161094666], [-0.18414649367332458, -0.14942395687103271, -0.2752991318702698], [0.8786922693252563, 0.42680293321609497, -0.029789337888360023], [-0.5720254182815552, 0.024398837238550186, -0.06301712244749069], [0.6487782597541809, 0.09429726004600525, -0.21727657318115234]], "rhand_pose": [[0.06831483542919159, -0.21262846887111664, 0.48234349489212036], [0.17671814560890198, 0.043518226593732834, 0.4415234625339508], [-0.1085139736533165, 0.13813920319080353, 0.12470491975545883], [-0.14512582123279572, -0.03315828740596771, 0.6546773910522461], [-0.08133810013532639, -0.06473486870527267, 0.353675901889801], [-0.005560602061450481, 0.11556314677000046, 0.24128694832324982], [-0.39514875411987305, 0.5534372329711914, 0.33075177669525146], [-0.1266518384218216, -0.013066370040178299, 0.31010109186172485], [-0.2791355550289154, 0.013959037140011787, 0.031853366643190384], [-0.03928732872009277, 0.14886125922203064, 0.5540978908538818], [-0.27311453223228455, 0.06115997955203056, 0.2748452126979828], [-0.17021946609020233, 0.10515307635068893, 0.30024683475494385], [0.8313090801239014, -0.4939705431461334, 0.039134424179792404], [-0.5550344586372375, 0.02034812420606613, 0.07117441296577454], [0.667398989200592, -0.2044614553451538, 0.2586960196495056]], "trans": [-0.476040244102478, 0.8192613124847412, 3.615283727645874], "focal": [1177.7945556640625, 1177.7945556640625], "princpt": [680.0, 384.0], "img_size_wh": [1360, 768], "pad_ratio": 0.0}