{"betas": [0.8200931549072266, -0.7132471203804016, 0.022307561710476875, 0.08423779904842377, 0.21393613517284393, 0.184869647026062, 0.2195827066898346, -0.14343445003032684, -0.3173205554485321, -0.3037128150463104], "root_pose": [3.0935428142547607, -0.002027830807492137, 1.2311369180679321], "body_pose": [[-1.2359890937805176, -0.008269614540040493, 0.31647658348083496], [-0.5482935905456543, -0.23096680641174316, -0.011076143011450768], [0.7659731507301331, 0.08616886287927628, -0.1124454140663147], [1.5228439569473267, 0.3110767602920532, -0.38941600918769836], [1.6740442514419556, -0.0842476561665535, 0.3797812759876251], [-0.11493945866823196, 0.04291623458266258, -0.09715952724218369], [-0.5387590527534485, 0.2684435546398163, 0.15161481499671936], [-0.6447235345840454, -0.2441043257713318, -0.1568720042705536], [-0.030954545363783836, 0.02550588920712471, -0.06786950677633286], [-0.013335155323147774, -0.01557950209826231, 0.0104089779779315], [-0.01626143790781498, 0.019139740616083145, -0.02348056249320507], [-0.19228705763816833, 0.3443114161491394, -0.00541417533531785], [-0.07954494655132294, -0.4515821933746338, -0.04692989960312843], [-0.153165802359581, 0.49073469638824463, 0.23255327343940735], [-0.3707638680934906, 0.5704914927482605, -0.10578227788209915], [-0.02105339616537094, -0.3557853698730469, -0.591800332069397], [-0.059157997369766235, 0.5468246936798096, 0.7200111746788025], [0.18444013595581055, -0.3961530029773712, -0.03626032546162605], [0.40799379348754883, 0.34525585174560547, -0.016668779775500298], [0.24059121310710907, -0.00045749510172754526, 0.6319770812988281], [0.3833151161670685, 0.16534624993801117, -0.5598856806755066]], "jaw_pose": [0.048002373427152634, 0.010415851138532162, -0.03275689482688904], "leye_pose": [0.0, 0.0, 0.0], "reye_pose": [0.0, 0.0, 0.0], "lhand_pose": [[0.11571154743432999, 0.2536189556121826, -0.2781151235103607], [0.1155247762799263, -0.04399925842881203, -0.5582399964332581], [-0.07585018873214722, -0.10102546215057373, -0.1860986351966858], [-0.12214536964893341, 0.1889340579509735, -0.498772531747818], [-0.10366927087306976, 0.048753492534160614, -0.5116018652915955], [-0.009822160936892033, -0.16057634353637695, -0.31104904413223267], [-0.4627680778503418, -0.49175286293029785, -0.47781017422676086], [-0.06655984371900558, -0.011379100382328033, -0.4208524525165558], [-0.3580256998538971, -0.007272233720868826, -0.07838772237300873], [-0.15184584259986877, -0.09229157865047455, -0.6055789589881897], [-0.289846807718277, -0.005084590055048466, -0.42027726769447327], [-0.18424782156944275, -0.1489267200231552, -0.2864574193954468], [0.8902909159660339, 0.42100900411605835, -0.044181983917951584], [-0.5697075724601746, 0.019114049151539803, -0.06290251761674881], [0.6522502303123474, 0.09961193799972534, -0.2189849615097046]], "rhand_pose": [[0.068594790995121, -0.20860518515110016, 0.45959532260894775], [0.172085702419281, 0.040630608797073364, 0.41321563720703125], [-0.10531264543533325, 0.13468044996261597, 0.11673612147569656], [-0.13717302680015564, -0.03181293606758118, 0.6197009086608887], [-0.07744668424129486, -0.06776841729879379, 0.3277476131916046], [-0.006511113606393337, 0.1123577207326889, 0.22220173478126526], [-0.38844752311706543, 0.5400195717811584, 0.3089531660079956], [-0.10292751342058182, -0.019318165257573128, 0.29679253697395325], [-0.273097425699234, 0.007259373087435961, 0.015123942866921425], [-0.0322757288813591, 0.1369209736585617, 0.5218313932418823], [-0.2635507583618164, 0.056512802839279175, 0.2504202425479889], [-0.16476541757583618, 0.10426663607358932, 0.282859206199646], [0.837509274482727, -0.48835599422454834, 0.04176982864737511], [-0.558778703212738, 0.022751890122890472, 0.06927487254142761], [0.6629394888877869, -0.19801577925682068, 0.2573641538619995]], "trans": [-0.4703426659107208, 0.8324599266052246, 3.6049692630767822], "focal": [1177.7945556640625, 1177.7945556640625], "princpt": [680.0, 384.0], "img_size_wh": [1360, 768], "pad_ratio": 0.0}