{"betas": [-0.37189173698425293, 0.12144124507904053, 0.2405463308095932, 0.1507781744003296, -0.1347610056400299, -0.2795628011226654, -0.04284995049238205, 0.06155242398381233, -0.27560898661613464, 0.02014116756618023], "root_pose": [3.1073877811431885, -0.06145680695772171, -0.006882848218083382], "body_pose": [[-0.23390205204486847, -0.022395091131329536, 0.04303335025906563], [-0.10396960377693176, 0.01409854181110859, -0.05949999392032623], [0.32568907737731934, 0.032903920859098434, -0.0004490536521188915], [0.5907337665557861, 0.019818343222141266, -0.06734567880630493], [0.5997521281242371, 0.0009900567820295691, 0.03915251046419144], [0.05728054791688919, 0.020835915580391884, -0.03709017485380173], [-0.16392835974693298, 0.12952272593975067, -0.04595726355910301], [-0.16163493692874908, -0.10350324213504791, 0.029212767258286476], [-0.05712613835930824, 0.04271826893091202, -0.051556188613176346], [0.005974181462079287, -0.0036618607118725777, 0.0026588367763906717], [0.01149859931319952, 0.002529833000153303, 0.01215796172618866], [0.22707457840442657, -0.011340194381773472, -0.015589747577905655], [0.08268126845359802, -0.08047787845134735, -0.057666756212711334], [-0.07715145498514175, 0.3034745752811432, -0.09426702558994293], [-0.2756400406360626, 0.03543318063020706, 0.040735457092523575], [0.2728966474533081, -0.08830565214157104, -1.0120320320129395], [0.07077062875032425, 0.4709935188293457, 1.028506875038147], [-0.3061722218990326, 4.508786201477051, -0.7910489439964294], [0.11435823142528534, 1.7947442531585693, -0.31228068470954895], [-0.810701847076416, -0.19742615520954132, 0.17593331634998322], [-0.6779700517654419, 0.09672266244888306, -0.4857763946056366]], "jaw_pose": [0.04365517571568489, -0.002411769237369299, -0.09581166505813599], "leye_pose": [0.0, 0.0, 0.0], "reye_pose": [0.0, 0.0, 0.0], "lhand_pose": [[0.03224300593137741, 0.44466859102249146, -0.7889500260353088], [0.18263116478919983, -0.09878846257925034, -1.14028799533844], [-0.09803633391857147, -0.1333974301815033, -0.29570043087005615], [-0.29424700140953064, 0.21594272553920746, -1.2452003955841064], [-0.1274065524339676, 0.011420460417866707, -0.9341978430747986], [-0.03807441145181656, -0.1473621428012848, -0.5686030983924866], [-0.8170351982116699, -0.6025251150131226, -0.9691469073295593], [-0.287637323141098, -0.04260563850402832, -0.713844895362854], [-0.5158575177192688, -0.04162576422095299, -0.35700878500938416], [-0.28716468811035156, -0.2005237638950348, -1.2724517583847046], [-0.4247230589389801, -0.099750816822052, -0.8331664800643921], [-0.2723729908466339, -0.0978487953543663, -0.5733940005302429], [0.9078895449638367, 0.540894091129303, 0.07954076677560806], [-0.5731366276741028, 0.07373885810375214, -0.1889629065990448], [0.6502881050109863, 0.25715509057044983, -0.18105469644069672]], "rhand_pose": [[-0.008208490908145905, -0.38012856245040894, 0.9507976174354553], [0.19159191846847534, 0.09815480560064316, 1.2594276666641235], [-0.09710188955068588, 0.15928252041339874, 0.38154783844947815], [-0.3513316214084625, -0.20563772320747375, 1.3557463884353638], [-0.13341397047042847, -0.020819276571273804, 1.1093354225158691], [-0.040517888963222504, 0.13472643494606018, 0.6910641193389893], [-0.9700607061386108, 0.490597665309906, 1.2914396524429321], [-0.3448055386543274, 0.11223709583282471, 0.8281729817390442], [-0.5366554260253906, 0.02977859228849411, 0.48087140917778015], [-0.3529660403728485, 0.2205166518688202, 1.4255950450897217], [-0.44939327239990234, 0.11831860989332199, 1.0577874183654785], [-0.27052900195121765, 0.09018303453922272, 0.6860827207565308], [0.929650604724884, -0.5320753455162048, -0.0026826777029782534], [-0.49957242608070374, -0.056661274284124374, 0.17292600870132446], [0.6941974759101868, -0.28389570116996765, 0.20142485201358795]], "trans": [-0.17534343898296356, 0.799747109413147, 1.9818812608718872], "focal": [1177.7945556640625, 1177.7945556640625], "princpt": [680.0, 384.0], "img_size_wh": [1360, 768], "pad_ratio": 0.0}