{"betas": [-0.3718775510787964, 0.12142828851938248, 0.24051284790039062, 0.1507423371076584, -0.13482698798179626, -0.2797621190547943, -0.04304917901754379, 0.061636682599782944, -0.275367796421051, 0.020121658220887184], "root_pose": [3.1416656970977783, -0.015776891261339188, -0.0201377235352993], "body_pose": [[-0.15440793335437775, 0.006365892942994833, 0.0690753236413002], [-0.12508052587509155, -0.0015610011760145426, -0.08293087035417557], [0.31076177954673767, 0.004462006501853466, 0.006399109959602356], [0.4955753982067108, 0.03541749715805054, -0.048102300614118576], [0.48168256878852844, -0.007414381019771099, 0.04221878945827484], [0.05335453897714615, 0.015884270891547203, -0.016391554847359657], [-0.14869475364685059, 0.11328212916851044, -0.04068704694509506], [-0.132415771484375, -0.13961970806121826, 0.02725805900990963], [-0.061454854905605316, 0.006728165317326784, -0.013585258275270462], [-0.000518261338584125, -0.0038925763219594955, -0.011247239075601101], [0.00818760134279728, -0.003622026415541768, 0.0051660663448274136], [0.16116869449615479, 0.003702209098264575, 0.019678620621562004], [0.03598260134458542, -0.18909315764904022, -0.04096809774637222], [0.011349210515618324, 0.18705116212368011, -0.03336761146783829], [-0.2704550623893738, 0.05770747363567352, -0.08076182007789612], [0.2214115560054779, -0.22002819180488586, -1.063840389251709], [0.1205030307173729, 0.34177249670028687, 1.1392889022827148], [0.1699918657541275, -1.5150600671768188, 0.30236855149269104], [0.09170163422822952, 1.5477708578109741, -0.2884479761123657], [-0.47207656502723694, -0.19419078528881073, 0.3284088373184204], [-0.7273270487785339, 0.31001710891723633, -0.46528273820877075]], "jaw_pose": [0.055695097893476486, -0.002503060270100832, -0.048280876129865646], "leye_pose": [0.0, 0.0, 0.0], "reye_pose": [0.0, 0.0, 0.0], "lhand_pose": [[0.04894242063164711, 0.5509426593780518, -0.889212965965271], [0.20531658828258514, -0.09877052158117294, -1.0782681703567505], [-0.09160523861646652, -0.13979944586753845, -0.26773157715797424], [-0.3203635513782501, 0.26260027289390564, -1.3489460945129395], [-0.1183725893497467, 0.015965601429343224, -0.8580837249755859], [-0.03698200732469559, -0.14526769518852234, -0.5423718094825745], [-0.9842138886451721, -0.622873067855835, -1.1476620435714722], [-0.24060991406440735, -0.06938067823648453, -0.681110143661499], [-0.5589682459831238, -0.030390432104468346, -0.31486475467681885], [-0.33158618211746216, -0.22372238337993622, -1.4025940895080566], [-0.4357198476791382, -0.12655262649059296, -0.7435343861579895], [-0.25748002529144287, -0.07266856729984283, -0.5637100338935852], [0.9459327459335327, 0.6601479649543762, 0.046244196593761444], [-0.5403756499290466, 0.0437089242041111, -0.17390653491020203], [0.6337840557098389, 0.23812253773212433, -0.15584562718868256]], "rhand_pose": [[0.03556204214692116, -0.3816565275192261, 0.7260613441467285], [0.1794443577528, 0.08361976593732834, 1.0696555376052856], [-0.0936141386628151, 0.13788165152072906, 0.2924749553203583], [-0.34519776701927185, -0.1698048710823059, 1.19234299659729], [-0.12142015993595123, -0.027429481968283653, 0.9297053217887878], [-0.037825919687747955, 0.11084984987974167, 0.5570662021636963], [-0.9186505079269409, 0.5885952711105347, 1.1319762468338013], [-0.24274437129497528, 0.07918453961610794, 0.6227012276649475], [-0.5051109790802002, 0.0226396843791008, 0.300709992647171], [-0.3342110514640808, 0.22937065362930298, 1.2847013473510742], [-0.4389013350009918, 0.14457698166370392, 0.7915726900100708], [-0.24496829509735107, 0.07089580595493317, 0.5613903999328613], [0.9059830904006958, -0.5509117841720581, -0.06684235483407974], [-0.5171353816986084, -0.029755137860774994, 0.18623638153076172], [0.6553068161010742, -0.2305254340171814, 0.12581658363342285]], "trans": [-0.18369409441947937, 0.8961821794509888, 2.0052337646484375], "focal": [1177.7945556640625, 1177.7945556640625], "princpt": [680.0, 384.0], "img_size_wh": [1360, 768], "pad_ratio": 0.0}