{"betas": [-0.3718901574611664, 0.12144096195697784, 0.24055516719818115, 0.1507822424173355, -0.13476233184337616, -0.2795657813549042, -0.04287894070148468, 0.06156027689576149, -0.2755928933620453, 0.020134272053837776], "root_pose": [3.1134843826293945, -0.06393604725599289, -0.011664068326354027], "body_pose": [[-0.21483276784420013, -0.014156553894281387, 0.04397667199373245], [-0.1039041206240654, 0.007612229790538549, -0.0712001696228981], [0.3236146569252014, 0.03086441569030285, 0.0029832813888788223], [0.5654883980751038, 0.02787928842008114, -0.06397789716720581], [0.5854310989379883, -0.001528045511804521, 0.03944108262658119], [0.05653248727321625, 0.024741631001234055, -0.03830120712518692], [-0.15391428768634796, 0.12040197849273682, -0.046216536313295364], [-0.1553483009338379, -0.1177501231431961, 0.02839086763560772], [-0.05784254148602486, 0.039071664214134216, -0.0480596087872982], [0.0042506936006248, -0.003824996529147029, -0.0001913270098157227], [0.011000826954841614, 0.0011259082239121199, 0.008932466618716717], [0.20225781202316284, -0.014409337192773819, -0.011534330435097218], [0.07630467414855957, -0.08740080893039703, -0.05664385110139847], [-0.07298898696899414, 0.2947356104850769, -0.0752229243516922], [-0.2673415541648865, 0.03468392789363861, 0.01429786253720522], [0.26962149143218994, -0.09854371845722198, -1.0269765853881836], [0.05650773271918297, 0.4673509895801544, 1.0174551010131836], [-0.33517223596572876, 4.5081353187561035, -0.8187077641487122], [0.09972324967384338, 1.7270832061767578, -0.30952656269073486], [-0.7173594236373901, -0.1926368772983551, 0.17340494692325592], [-0.6740695834159851, 0.17587080597877502, -0.46331703662872314]], "jaw_pose": [0.04308416321873665, 0.0007766287890262902, -0.09712403267621994], "leye_pose": [0.0, 0.0, 0.0], "reye_pose": [0.0, 0.0, 0.0], "lhand_pose": [[0.03976205363869667, 0.44532912969589233, -0.7819549441337585], [0.18333552777767181, -0.09509473294019699, -1.0857224464416504], [-0.09630604088306427, -0.1285431832075119, -0.27737730741500854], [-0.292217880487442, 0.2164352983236313, -1.230190396308899], [-0.12313884496688843, 0.012623696587979794, -0.8898066878318787], [-0.03750769421458244, -0.14663578569889069, -0.5375677347183228], [-0.835722804069519, -0.6021035313606262, -0.9629990458488464], [-0.2632872462272644, -0.043362632393836975, -0.681882917881012], [-0.520819365978241, -0.03438502177596092, -0.3265828788280487], [-0.28766921162605286, -0.20120035111904144, -1.2557718753814697], [-0.41889193654060364, -0.10224738717079163, -0.7816723585128784], [-0.2649850845336914, -0.09384559839963913, -0.5480438470840454], [0.9135114550590515, 0.5674492120742798, 0.055156342685222626], [-0.5655052661895752, 0.06474292278289795, -0.17493969202041626], [0.6457080841064453, 0.23683421313762665, -0.17877177894115448]], "rhand_pose": [[0.007867050357162952, -0.3583795130252838, 0.85930997133255], [0.18412864208221436, 0.0939110741019249, 1.2120234966278076], [-0.09349746257066727, 0.1525200456380844, 0.3639889359474182], [-0.34669044613838196, -0.1902909129858017, 1.294455647468567], [-0.13136328756809235, -0.022123800590634346, 1.0646995306015015], [-0.038525573909282684, 0.1283251792192459, 0.6519445180892944], [-0.9496123790740967, 0.5110704898834229, 1.2172813415527344], [-0.31345877051353455, 0.10218726098537445, 0.7621259093284607], [-0.5242416858673096, 0.027035318315029144, 0.4260280430316925], [-0.34968462586402893, 0.2211245447397232, 1.3570995330810547], [-0.44207459688186646, 0.12479410320520401, 0.9904874563217163], [-0.2648785710334778, 0.08972210437059402, 0.6480985283851624], [0.9228550791740417, -0.5347154140472412, -0.011220778338611126], [-0.5041484832763672, -0.049043189734220505, 0.1747708022594452], [0.6814135313034058, -0.2677842080593109, 0.17969492077827454]], "trans": [-0.1788989007472992, 0.8249160051345825, 1.9864511489868164], "focal": [1177.7945556640625, 1177.7945556640625], "princpt": [680.0, 384.0], "img_size_wh": [1360, 768], "pad_ratio": 0.0}