{"betas": [-0.3718644678592682, 0.121418297290802, 0.240505188703537, 0.1507401168346405, -0.13481149077415466, -0.2799328863620758, -0.04311784729361534, 0.061663925647735596, -0.2752924859523773, 0.020112711936235428], "root_pose": [3.1456239223480225, 0.006231725215911865, -0.016936397179961205], "body_pose": [[-0.15441317856311798, 0.006719454191625118, 0.07381929457187653], [-0.13852755725383759, -0.004327006172388792, -0.08516503125429153], [0.3063037693500519, -0.005176747217774391, 0.0073841228149831295], [0.49110662937164307, 0.03507992997765541, -0.04516942426562309], [0.4698462188243866, -0.0073851789347827435, 0.04215757176280022], [0.05284664407372475, 0.010044713504612446, -0.0059226700104773045], [-0.14700287580490112, 0.11370296776294708, -0.038908451795578], [-0.114656001329422, -0.13204629719257355, 0.03176913410425186], [-0.06095144897699356, -0.003991580102592707, -0.0021429643966257572], [0.00020038876391481608, -0.005008018109947443, -0.01325271837413311], [0.007875187322497368, -0.004325240850448608, 0.004650675691664219], [0.16244705021381378, 0.009614801034331322, 0.02663564309477806], [0.023012803867459297, -0.2297651320695877, -0.027455609291791916], [0.04801403731107712, 0.13539579510688782, -0.03580157831311226], [-0.28206318616867065, 0.0677446573972702, -0.10482410341501236], [0.20447103679180145, -0.2708590030670166, -1.0728347301483154], [0.16490942239761353, 0.28348979353904724, 1.1660208702087402], [0.1663975715637207, -1.5230175256729126, 0.288819283246994], [0.09408023953437805, 1.569846510887146, -0.28400638699531555], [-0.5500609278678894, -0.20998533070087433, 0.3953767418861389], [-0.7358281016349792, 0.22992132604122162, -0.4979097247123718]], "jaw_pose": [0.05878256633877754, -0.0061532845720648766, -0.02666468359529972], "leye_pose": [0.0, 0.0, 0.0], "reye_pose": [0.0, 0.0, 0.0], "lhand_pose": [[0.03247859328985214, 0.5485380291938782, -0.9266834259033203], [0.2060716152191162, -0.10780619829893112, -1.167843222618103], [-0.08546154946088791, -0.14533501863479614, -0.3074183166027069], [-0.32935479283332825, 0.2584652304649353, -1.404938817024231], [-0.12463051080703735, 0.003499336075037718, -0.9325215816497803], [-0.040126122534275055, -0.14300164580345154, -0.5973764657974243], [-0.9845127463340759, -0.6160064935684204, -1.1870710849761963], [-0.2835772931575775, -0.07676558196544647, -0.7330809235572815], [-0.5681086182594299, -0.04387902468442917, -0.3729371428489685], [-0.33415666222572327, -0.22965632379055023, -1.4552556276321411], [-0.4506567120552063, -0.13486379384994507, -0.8316431045532227], [-0.2664776146411896, -0.06869704276323318, -0.6074166297912598], [0.9482055306434631, 0.6205034852027893, 0.07665523886680603], [-0.5324525833129883, 0.04697343707084656, -0.19163167476654053], [0.6222215890884399, 0.2574385404586792, -0.14649516344070435]], "rhand_pose": [[0.028315704315900803, -0.43342551589012146, 0.7683818340301514], [0.18351580202579498, 0.08202064782381058, 1.1107605695724487], [-0.09357942640781403, 0.13855519890785217, 0.29920560121536255], [-0.3476611077785492, -0.17950424551963806, 1.2337294816970825], [-0.12317760288715363, -0.02535649575293064, 0.9463645219802856], [-0.038567524403333664, 0.10930580645799637, 0.5672988891601562], [-0.9332767128944397, 0.6149996519088745, 1.1498616933822632], [-0.2634637951850891, 0.08400895446538925, 0.6383844614028931], [-0.5073689222335815, 0.028049113228917122, 0.31742188334465027], [-0.33297380805015564, 0.2402748018503189, 1.3177134990692139], [-0.44805192947387695, 0.15245270729064941, 0.8183678388595581], [-0.2459503561258316, 0.06858561187982559, 0.5755830407142639], [0.892296314239502, -0.5510213971138, -0.09336625039577484], [-0.515213131904602, -0.03873559460043907, 0.19562071561813354], [0.6455050110816956, -0.24398702383041382, 0.11681689321994781]], "trans": [-0.18137915432453156, 0.8952291011810303, 2.0110130310058594], "focal": [1177.7945556640625, 1177.7945556640625], "princpt": [680.0, 384.0], "img_size_wh": [1360, 768], "pad_ratio": 0.0}