{"betas": [-0.3718916177749634, 0.12143596261739731, 0.24050940573215485, 0.15078885853290558, -0.13476000726222992, -0.27954187989234924, -0.04284968972206116, 0.06154000759124756, -0.2757064402103424, 0.020146338269114494], "root_pose": [3.0963473320007324, -0.052436571568250656, -0.0023593592923134565], "body_pose": [[-0.2368977963924408, -0.022834187373518944, 0.046948324888944626], [-0.10370801389217377, 0.017376476898789406, -0.05120078846812248], [0.32907700538635254, 0.03291681408882141, -0.003768477588891983], [0.6049579977989197, 0.01591780036687851, -0.06919068098068237], [0.5918272137641907, 0.0017472122563049197, 0.0392288938164711], [0.05944567546248436, 0.015086090192198753, -0.03448871150612831], [-0.18159990012645721, 0.13628949224948883, -0.044901151210069656], [-0.17319244146347046, -0.09286464750766754, 0.02971164882183075], [-0.056024178862571716, 0.04224134236574173, -0.05199287086725235], [0.006872093304991722, -0.0031129890121519566, 0.0037992200814187527], [0.01187879778444767, 0.002556370571255684, 0.014283763244748116], [0.23194919526576996, -0.00911819189786911, -0.01533255260437727], [0.08240745216608047, -0.09477384388446808, -0.059375885874032974], [-0.06554485112428665, 0.3020564317703247, -0.10608864575624466], [-0.28905344009399414, 0.03483567386865616, 0.05017892271280289], [0.2689662575721741, -0.10320297628641129, -1.0003292560577393], [0.09941567480564117, 0.4557587504386902, 1.0463567972183228], [-0.29699087142944336, 4.530242919921875, -0.7814787030220032], [0.13389384746551514, 1.8321583271026611, -0.3036923110485077], [-0.870133101940155, -0.18959209322929382, 0.211698517203331], [-0.7021090984344482, 0.09570150822401047, -0.5054004788398743]], "jaw_pose": [0.043341752141714096, -0.005877208895981312, -0.09011663496494293], "leye_pose": [0.0, 0.0, 0.0], "reye_pose": [0.0, 0.0, 0.0], "lhand_pose": [[0.030847221612930298, 0.447064071893692, -0.8077886700630188], [0.18476852774620056, -0.10176359862089157, -1.175519585609436], [-0.09597457200288773, -0.13714313507080078, -0.30904269218444824], [-0.2975848615169525, 0.21876592934131622, -1.272099494934082], [-0.12860023975372314, 0.011570108123123646, -0.9609363079071045], [-0.03843287378549576, -0.14802467823028564, -0.589693546295166], [-0.8192196488380432, -0.5921165943145752, -1.0036873817443848], [-0.29621198773384094, -0.04675084725022316, -0.7344239950180054], [-0.5233833193778992, -0.045574065297842026, -0.37051668763160706], [-0.28984346985816956, -0.19629739224910736, -1.3117438554763794], [-0.4311352074146271, -0.10327252745628357, -0.860131025314331], [-0.2776864469051361, -0.09812601655721664, -0.5922719836235046], [0.91605144739151, 0.5293899774551392, 0.09300309419631958], [-0.5805081725120544, 0.07419551908969879, -0.1973647028207779], [0.6523195505142212, 0.2691534161567688, -0.1764017790555954]], "rhand_pose": [[-0.011699867434799671, -0.3738812506198883, 0.9778786301612854], [0.1937086284160614, 0.09888903051614761, 1.2694264650344849], [-0.10157808661460876, 0.1586204320192337, 0.38074150681495667], [-0.3545563220977783, -0.2052004635334015, 1.3677315711975098], [-0.13229861855506897, -0.021691864356398582, 1.1194056272506714], [-0.041270967572927475, 0.13777045905590057, 0.6954150199890137], [-0.9673150777816772, 0.4911060333251953, 1.3051847219467163], [-0.34669598937034607, 0.11395665258169174, 0.8412219882011414], [-0.5417445302009583, 0.028192030265927315, 0.48804229497909546], [-0.3502730429172516, 0.2226744294166565, 1.44423246383667], [-0.4487108886241913, 0.1177750676870346, 1.0622341632843018], [-0.27228033542633057, 0.09007621556520462, 0.6893662214279175], [0.9361392855644226, -0.5236581563949585, 0.0007416629232466221], [-0.5064264535903931, -0.05871931090950966, 0.16736599802970886], [0.699650764465332, -0.2844042181968689, 0.20649397373199463]], "trans": [-0.17208656668663025, 0.7859314680099487, 1.9727061986923218], "focal": [1177.7945556640625, 1177.7945556640625], "princpt": [680.0, 384.0], "img_size_wh": [1360, 768], "pad_ratio": 0.0}