{"betas": [-0.37184152007102966, 0.12135986238718033, 0.24049606919288635, 0.15076561272144318, -0.13478781282901764, -0.2801014184951782, -0.0433211550116539, 0.061700865626335144, -0.2751007378101349, 0.02008410170674324], "root_pose": [3.1305925846099854, 0.022085826843976974, -0.006607573013752699], "body_pose": [[-0.1452309936285019, 0.011477076448500156, 0.06989060342311859], [-0.13048548996448517, -0.005760205443948507, -0.09792312234640121], [0.2952845096588135, -0.014247373677790165, 0.015867963433265686], [0.49527761340141296, 0.03165750578045845, -0.042357850819826126], [0.4634821116924286, 0.002957649528980255, 0.0358542799949646], [0.06713321805000305, 0.004802222363650799, 0.011765314266085625], [-0.16682764887809753, 0.11306051164865494, -0.037747107446193695], [-0.11385737359523773, -0.11153236776590347, 0.044272325932979584], [-0.06362658739089966, -0.015811128541827202, 0.012408263981342316], [0.002264605602249503, -0.005725017748773098, -0.012952981516718864], [0.009077917784452438, -0.003407038515433669, 0.0013014121213927865], [0.19478218257427216, 0.004305070731788874, 0.018893396481871605], [-0.005242215935140848, -0.28491055965423584, 0.0017959016840904951], [0.06150811165571213, 0.08068263530731201, -0.03149249777197838], [-0.3293466866016388, 0.06317491829395294, -0.12702079117298126], [0.1710616648197174, -0.35035163164138794, -1.048079490661621], [0.1869044005870819, 0.22454816102981567, 1.1543333530426025], [-0.4211353361606598, 4.529831886291504, -0.7724383473396301], [0.026270095258951187, 1.6793239116668701, -0.2754786014556885], [-0.6662026047706604, -0.30277884006500244, 0.43483999371528625], [-0.7933935523033142, 0.1531427800655365, -0.39380866289138794]], "jaw_pose": [0.04648671671748161, -0.0139855295419693, 0.0053629702888429165], "leye_pose": [0.0, 0.0, 0.0], "reye_pose": [0.0, 0.0, 0.0], "lhand_pose": [[0.03164002299308777, 0.49101340770721436, -0.7499639987945557], [0.18528012931346893, -0.10883986204862595, -1.1103525161743164], [-0.07967390865087509, -0.12817202508449554, -0.31202805042266846], [-0.32019689679145813, 0.20860810577869415, -1.2595441341400146], [-0.11888197809457779, 0.001702469540759921, -0.8916271328926086], [-0.04154762253165245, -0.1429205983877182, -0.5532978773117065], [-0.9070425629615784, -0.625153660774231, -1.0475391149520874], [-0.23793946206569672, -0.05995564162731171, -0.6628252863883972], [-0.5714032649993896, -0.03915822133421898, -0.314241886138916], [-0.3203892409801483, -0.20104549825191498, -1.2964777946472168], [-0.4241268038749695, -0.11777643859386444, -0.7703104615211487], [-0.2705574631690979, -0.08567295968532562, -0.5546460151672363], [0.9578586220741272, 0.5836077332496643, 0.07565700262784958], [-0.5700355768203735, 0.04699818417429924, -0.18487422168254852], [0.6364651322364807, 0.2351185828447342, -0.13803251087665558]], "rhand_pose": [[0.029494766145944595, -0.3929447829723358, 0.7505984306335449], [0.17412860691547394, 0.06937287002801895, 1.0272789001464844], [-0.08682311326265335, 0.13246789574623108, 0.2898157238960266], [-0.33546072244644165, -0.1688246876001358, 1.1697345972061157], [-0.1167249009013176, -0.034401796758174896, 0.8670721054077148], [-0.038021352142095566, 0.11302140355110168, 0.512670636177063], [-0.9041943550109863, 0.5701815485954285, 1.0745006799697876], [-0.22267477214336395, 0.07726319134235382, 0.5905154347419739], [-0.5045127868652344, 0.014668877236545086, 0.2690732181072235], [-0.3158974349498749, 0.20610949397087097, 1.2375524044036865], [-0.42362987995147705, 0.1368955671787262, 0.7495638132095337], [-0.2474798858165741, 0.07862575352191925, 0.5350853800773621], [0.8967303037643433, -0.5658778548240662, -0.07968636602163315], [-0.5511325597763062, -0.03455893695354462, 0.1785755455493927], [0.6459866166114807, -0.23004476726055145, 0.11402668058872223]], "trans": [-0.16243353486061096, 0.8546858429908752, 2.0187430381774902], "focal": [1177.7945556640625, 1177.7945556640625], "princpt": [680.0, 384.0], "img_size_wh": [1360, 768], "pad_ratio": 0.0}