{"betas": [-0.37185776233673096, 0.12139543145895004, 0.24049541354179382, 0.1507442742586136, -0.1348053365945816, -0.2800062596797943, -0.04318986460566521, 0.06168822571635246, -0.275216668844223, 0.020101264119148254], "root_pose": [3.1397206783294678, 0.01688658632338047, -0.011803646571934223], "body_pose": [[-0.15272626280784607, 0.008166574873030186, 0.0719785988330841], [-0.13959425687789917, -0.006001055706292391, -0.09159005433320999], [0.3010791838169098, -0.011375698260962963, 0.011766741052269936], [0.49301955103874207, 0.03354005143046379, -0.04308474808931351], [0.46677663922309875, -0.003270877990871668, 0.03926485404372215], [0.05813657492399216, 0.006430757697671652, 0.004918931983411312], [-0.15672951936721802, 0.11362998187541962, -0.03732946515083313], [-0.10725868493318558, -0.12067022919654846, 0.03915460407733917], [-0.06136706843972206, -0.011162204667925835, 0.0073816305957734585], [0.001626893994398415, -0.0058850375935435295, -0.013618668541312218], [0.008305069990456104, -0.0040404717437922955, 0.0030988287180662155], [0.17576481401920319, 0.007995213381946087, 0.024398213252425194], [0.00805119052529335, -0.2638380825519562, -0.012172983959317207], [0.06174727529287338, 0.09914012253284454, -0.035973332822322845], [-0.30771851539611816, 0.06718666851520538, -0.12081311643123627], [0.18681223690509796, -0.31858497858047485, -1.0677825212478638], [0.18477322161197662, 0.24507899582386017, 1.1654624938964844], [-0.457207590341568, 4.581765174865723, -0.8141310811042786], [0.06272194534540176, 1.624750018119812, -0.278684139251709], [-0.635066568851471, -0.25266316533088684, 0.4327271580696106], [-0.7646632194519043, 0.1729729324579239, -0.4591233730316162]], "jaw_pose": [0.05448015779256821, -0.010257474146783352, -0.007779253181070089], "leye_pose": [0.0, 0.0, 0.0], "reye_pose": [0.0, 0.0, 0.0], "lhand_pose": [[0.027931634336709976, 0.5243380069732666, -0.864824652671814], [0.1974019557237625, -0.11201685667037964, -1.172756552696228], [-0.08112076669931412, -0.13882343471050262, -0.3214734196662903], [-0.3277730345726013, 0.2358936220407486, -1.3626066446304321], [-0.12357109785079956, -0.0017593693919479847, -0.9390961527824402], [-0.0417759083211422, -0.14220163226127625, -0.5948180556297302], [-0.9545673727989197, -0.6160926222801208, -1.1419117450714111], [-0.27543067932128906, -0.07175621390342712, -0.7189590930938721], [-0.5737594962120056, -0.04557716101408005, -0.3630942106246948], [-0.3310025632381439, -0.21810977160930634, -1.4081816673278809], [-0.4437256455421448, -0.13068856298923492, -0.832244873046875], [-0.2711579501628876, -0.07504003494977951, -0.5979194641113281], [0.953152596950531, 0.594347357749939, 0.08636441081762314], [-0.5487850904464722, 0.04732315242290497, -0.19440306723117828], [0.6259168982505798, 0.25247472524642944, -0.13841210305690765]], "rhand_pose": [[0.026203952729701996, -0.4351292550563812, 0.7755260467529297], [0.1819080263376236, 0.07503312081098557, 1.0821423530578613], [-0.0914962887763977, 0.13607169687747955, 0.2919517457485199], [-0.34346848726272583, -0.17840459942817688, 1.220330834388733], [-0.12049886584281921, -0.030164659023284912, 0.9138940572738647], [-0.038091350346803665, 0.11105712503194809, 0.540480375289917], [-0.9285556077957153, 0.6098710298538208, 1.117441177368164], [-0.24740560352802277, 0.08239046484231949, 0.6168155074119568], [-0.5074992179870605, 0.022816253826022148, 0.2936915457248688], [-0.3263372480869293, 0.22973811626434326, 1.289787769317627], [-0.4385869801044464, 0.15036456286907196, 0.7893884181976318], [-0.24647274613380432, 0.07270144671201706, 0.5569506287574768], [0.8913031816482544, -0.5676495432853699, -0.09331239014863968], [-0.5330434441566467, -0.03997296839952469, 0.19007818400859833], [0.6442300081253052, -0.2414417862892151, 0.11240160465240479]], "trans": [-0.17201852798461914, 0.8800731301307678, 2.0145175457000732], "focal": [1177.7945556640625, 1177.7945556640625], "princpt": [680.0, 384.0], "img_size_wh": [1360, 768], "pad_ratio": 0.0}