{"betas": [-0.3718899190425873, 0.1214442104101181, 0.24055619537830353, 0.15075436234474182, -0.13482064008712769, -0.27962619066238403, -0.042905792593955994, 0.06156907230615616, -0.2754822075366974, 0.02013024501502514], "root_pose": [3.1199698448181152, -0.059552375227212906, -0.016235239803791046], "body_pose": [[-0.19288647174835205, -0.003581318072974682, 0.048394057899713516], [-0.10255052894353867, 0.0035787858068943024, -0.07906478643417358], [0.3218781352043152, 0.02559264376759529, 0.00680428184568882], [0.5428566336631775, 0.034932926297187805, -0.060212329030036926], [0.5522491335868835, -0.0032024672254920006, 0.03982676938176155], [0.056428857147693634, 0.025319965556263924, -0.03376686945557594], [-0.15851087868213654, 0.11425414681434631, -0.04349197819828987], [-0.15644420683383942, -0.12931476533412933, 0.02802218496799469], [-0.05891282856464386, 0.03143353387713432, -0.03875748813152313], [0.0023551101330667734, -0.00371493655256927, -0.0037746932357549667], [0.010158438235521317, -0.000682333018630743, 0.006702450569719076], [0.17331624031066895, -0.013487789779901505, -0.004814544226974249], [0.06333423405885696, -0.113710917532444, -0.057665739208459854], [-0.0587017722427845, 0.2752562463283539, -0.054695047438144684], [-0.26871204376220703, 0.03485248237848282, -0.02017456479370594], [0.2567634880542755, -0.13089536130428314, -1.0411192178726196], [0.05571598559617996, 0.4455561339855194, 1.0339086055755615], [-0.3926313519477844, 4.533934116363525, -0.8691377639770508], [0.08551213890314102, 1.6432605981826782, -0.30101504921913147], [-0.5976447463035583, -0.18432529270648956, 0.2038969248533249], [-0.6914414763450623, 0.2777845561504364, -0.4358724057674408]], "jaw_pose": [0.04483133181929588, 0.0013962032971903682, -0.08825018256902695], "leye_pose": [0.0, 0.0, 0.0], "reye_pose": [0.0, 0.0, 0.0], "lhand_pose": [[0.05286310240626335, 0.4693467617034912, -0.8028221726417542], [0.18886525928974152, -0.09309262037277222, -1.0520411729812622], [-0.09341803938150406, -0.12654216587543488, -0.2630973756313324], [-0.29811620712280273, 0.2296658605337143, -1.2532697916030884], [-0.11736010015010834, 0.01562659628689289, -0.8536590337753296], [-0.0368402823805809, -0.1461971253156662, -0.5166297554969788], [-0.8929272294044495, -0.5958855152130127, -1.0191404819488525], [-0.23338839411735535, -0.051265303045511246, -0.659770667552948], [-0.5392114520072937, -0.02637570910155773, -0.2956679165363312], [-0.3033657968044281, -0.1999109387397766, -1.2929364442825317], [-0.4193955361843109, -0.10976137220859528, -0.7328519225120544], [-0.259944885969162, -0.08644656091928482, -0.5346044898033142], [0.9298912882804871, 0.6110886335372925, 0.03864824399352074], [-0.5648525953292847, 0.05082352086901665, -0.16658982634544373], [0.6430302858352661, 0.22194010019302368, -0.1674657016992569]], "rhand_pose": [[0.02444666065275669, -0.333587110042572, 0.7704084515571594], [0.17806263267993927, 0.0874994546175003, 1.1390297412872314], [-0.09275925904512405, 0.14374879002571106, 0.3293358087539673], [-0.3444124162197113, -0.1732429414987564, 1.2276583909988403], [-0.1258569061756134, -0.026468848809599876, 1.001596450805664], [-0.03738289326429367, 0.12244006991386414, 0.5950278043746948], [-0.9272670149803162, 0.5352957248687744, 1.1423732042312622], [-0.264693021774292, 0.0903925746679306, 0.6811088919639587], [-0.5148117542266846, 0.019872942939400673, 0.34935587644577026], [-0.3445630669593811, 0.22118623554706573, 1.2920149564743042], [-0.4319377839565277, 0.13394774496555328, 0.8845362067222595], [-0.25609928369522095, 0.08528203517198563, 0.5953125953674316], [0.9234611392021179, -0.5487703680992126, -0.024827372282743454], [-0.5199002027511597, -0.036612462252378464, 0.17437748610973358], [0.6705981492996216, -0.243496835231781, 0.1515575349330902]], "trans": [-0.1787554770708084, 0.8542523384094238, 1.9909096956253052], "focal": [1177.7945556640625, 1177.7945556640625], "princpt": [680.0, 384.0], "img_size_wh": [1360, 768], "pad_ratio": 0.0}