{"betas": [-0.3718811273574829, 0.12142208218574524, 0.2405373901128769, 0.15076084434986115, -0.13479530811309814, -0.2796795666217804, -0.04296572878956795, 0.06163118779659271, -0.2754336893558502, 0.020117610692977905], "root_pose": [3.1307411193847656, -0.0426633246243, -0.019939780235290527], "body_pose": [[-0.1677667498588562, 0.003561086254194379, 0.05777045339345932], [-0.10955320298671722, 0.0013322061859071255, -0.08244223892688751], [0.31694501638412476, 0.01588214933872223, 0.007738822605460882], [0.5151304006576538, 0.03565903380513191, -0.053497564047575], [0.5125046372413635, -0.005154419224709272, 0.04069790616631508], [0.05553310737013817, 0.021925905719399452, -0.025512630119919777], [-0.15803952515125275, 0.11245214194059372, -0.04135816916823387], [-0.1500072181224823, -0.13830485939979553, 0.02704237960278988], [-0.06054406240582466, 0.01979708857834339, -0.02609717659652233], [0.000513127539306879, -0.003642334835603833, -0.007752083241939545], [0.009148582816123962, -0.0021520156878978014, 0.005501855630427599], [0.16125105321407318, -0.006403252016752958, 0.006435005459934473], [0.04891473054885864, -0.14945898950099945, -0.05272149294614792], [-0.030735155567526817, 0.23908749222755432, -0.038604069501161575], [-0.2697916030883789, 0.04282672330737114, -0.052716124802827835], [0.23903638124465942, -0.17315487563610077, -1.0525915622711182], [0.07620122283697128, 0.40291205048561096, 1.0846004486083984], [0.15899741649627686, -1.5542556047439575, 0.3114253580570221], [0.07982414215803146, 1.5738025903701782, -0.29310497641563416], [-0.4894959032535553, -0.1866081804037094, 0.2558993101119995], [-0.7160623073577881, 0.3368825912475586, -0.42727962136268616]], "jaw_pose": [0.04976804554462433, 0.00011001020902767777, -0.06991592794656754], "leye_pose": [0.0, 0.0, 0.0], "reye_pose": [0.0, 0.0, 0.0], "lhand_pose": [[0.059372205287218094, 0.5184047818183899, -0.8364226818084717], [0.1976241171360016, -0.09287235140800476, -1.032918095588684], [-0.09357868134975433, -0.1303589791059494, -0.25165867805480957], [-0.30799129605293274, 0.2504412829875946, -1.2889410257339478], [-0.11406341940164566, 0.02010004036128521, -0.8263891935348511], [-0.035816602408885956, -0.14640411734580994, -0.5081944465637207], [-0.9555610418319702, -0.6081931591033936, -1.0896145105361938], [-0.21432095766067505, -0.06076379865407944, -0.6494682431221008], [-0.55215984582901, -0.0221767108887434, -0.278729647397995], [-0.3222271800041199, -0.20723485946655273, -1.3424372673034668], [-0.4221688210964203, -0.11668964475393295, -0.7004755735397339], [-0.2555954158306122, -0.07984506338834763, -0.5330945253372192], [0.941645622253418, 0.658825695514679, 0.03125443309545517], [-0.5584189295768738, 0.042873844504356384, -0.164437934756279], [0.6429653763771057, 0.22091351449489594, -0.1602715402841568]], "rhand_pose": [[0.034536149352788925, -0.33676329255104065, 0.7162625789642334], [0.17655493319034576, 0.08301255851984024, 1.067409873008728], [-0.09319306164979935, 0.13840235769748688, 0.2973615229129791], [-0.34347963333129883, -0.16514021158218384, 1.182482361793518], [-0.12111085653305054, -0.0298458244651556, 0.9411870241165161], [-0.03714147210121155, 0.11610250174999237, 0.5542619228363037], [-0.9129523038864136, 0.5598798990249634, 1.110995888710022], [-0.23222896456718445, 0.08079472184181213, 0.6245830059051514], [-0.507077157497406, 0.01699838414788246, 0.29700037837028503], [-0.337645024061203, 0.22076895833015442, 1.2606704235076904], [-0.4283500015735626, 0.13894182443618774, 0.7982723116874695], [-0.24779671430587769, 0.07787948101758957, 0.557864785194397], [0.9194068312644958, -0.5586041808128357, -0.0414423830807209], [-0.5263010859489441, -0.027154942974448204, 0.17678506672382355], [0.6644964218139648, -0.22634375095367432, 0.13436588644981384]], "trans": [-0.18006715178489685, 0.8804166316986084, 1.9977980852127075], "focal": [1177.7945556640625, 1177.7945556640625], "princpt": [680.0, 384.0], "img_size_wh": [1360, 768], "pad_ratio": 0.0}