{"betas": [-0.37189623713493347, 0.12133397161960602, 0.24040326476097107, 0.15068399906158447, -0.13455010950565338, -0.27953970432281494, -0.04289855808019638, 0.06165352463722229, -0.2757502496242523, 0.020089196041226387], "root_pose": [3.0701472759246826, -0.00783494021743536, -0.004621247295290232], "body_pose": [[-0.1264973133802414, 0.015990285202860832, 0.07396408170461655], [-0.17394010722637177, -0.002659928286448121, -0.09510349482297897], [0.3341173529624939, 0.0022032102569937706, -0.009865224361419678], [0.5019446015357971, 0.02641277015209198, -0.05442370846867561], [0.5373328328132629, -0.021379340440034866, 0.04088921099901199], [0.07022212445735931, -0.00842321291565895, -0.018037647008895874], [-0.15773959457874298, 0.12601450085639954, -0.042442914098501205], [-0.11569619178771973, -0.09530534595251083, 0.03665522485971451], [-0.06818502396345139, 0.006820437964051962, -0.03079974465072155], [0.002866759430617094, -0.004456679802387953, 0.0020753354765474796], [0.014159368351101875, -0.0008358714985661209, 0.014041032642126083], [0.2063206285238266, 0.010487922467291355, 0.01619115099310875], [0.01622205227613449, -0.31834742426872253, -0.0972389280796051], [0.08012671768665314, 0.20753158628940582, -0.06774718314409256], [-0.31567466259002686, 0.061535999178886414, 0.01500051748007536], [0.1331619918346405, -0.35474470257759094, -0.9743546843528748], [0.26123732328414917, 0.2905861735343933, 1.1985268592834473], [-0.3018713593482971, 4.586956024169922, -0.8338366150856018], [0.18509313464164734, 1.739410161972046, -0.26523783802986145], [-0.7684866786003113, -0.27528926730155945, 0.44795483350753784], [-0.7745103240013123, 0.26453426480293274, -0.6150646209716797]], "jaw_pose": [0.0515899695456028, -0.018572930246591568, -0.0037629208527505398], "leye_pose": [0.0, 0.0, 0.0], "reye_pose": [0.0, 0.0, 0.0], "lhand_pose": [[0.03790004178881645, 0.4301058053970337, -0.7283159494400024], [0.1860395073890686, -0.10781266540288925, -1.0807831287384033], [-0.07987599074840546, -0.1354253739118576, -0.2950313091278076], [-0.3051314353942871, 0.21140044927597046, -1.2621675729751587], [-0.12705853581428528, 0.011405808851122856, -0.8891245722770691], [-0.03787170723080635, -0.1393347680568695, -0.5454434156417847], [-0.7786110639572144, -0.6046988368034363, -0.9638632535934448], [-0.2786649465560913, -0.064638651907444, -0.6676102876663208], [-0.5402964949607849, -0.05123951658606529, -0.31588903069496155], [-0.2710045874118805, -0.19073455035686493, -1.28438401222229], [-0.4303602874279022, -0.12650394439697266, -0.7786978483200073], [-0.26780569553375244, -0.08824259787797928, -0.5571142435073853], [0.937973141670227, 0.5401995778083801, 0.07312118262052536], [-0.55523681640625, 0.05715178698301315, -0.18391180038452148], [0.6339507699012756, 0.25260859727859497, -0.15568506717681885]], "rhand_pose": [[0.017522558569908142, -0.3861335515975952, 0.7331206798553467], [0.17743466794490814, 0.07432708144187927, 0.9750502109527588], [-0.10255742818117142, 0.12264649569988251, 0.25882357358932495], [-0.3342825174331665, -0.17177033424377441, 1.0710501670837402], [-0.12081633508205414, -0.02682269550859928, 0.8433339595794678], [-0.0387941338121891, 0.12096737325191498, 0.4989038109779358], [-0.8510713577270508, 0.6321882009506226, 0.9979948401451111], [-0.21103191375732422, 0.06753578037023544, 0.5775952935218811], [-0.48862892389297485, 0.008853428065776825, 0.25446516275405884], [-0.2974400818347931, 0.22989633679389954, 1.1712204217910767], [-0.4078710377216339, 0.12870250642299652, 0.7105382084846497], [-0.24309556186199188, 0.08598986268043518, 0.5027570128440857], [0.8914684653282166, -0.5215098261833191, -0.06938428431749344], [-0.5280996561050415, -0.05046553909778595, 0.14801961183547974], [0.6461658477783203, -0.21382693946361542, 0.16143476963043213]], "trans": [-0.15677523612976074, 0.8307640552520752, 1.9261842966079712], "focal": [1177.7945556640625, 1177.7945556640625], "princpt": [680.0, 384.0], "img_size_wh": [1360, 768], "pad_ratio": 0.0}