{"betas": [-0.3718852400779724, 0.12141568213701248, 0.2404625117778778, 0.15078046917915344, -0.13465213775634766, -0.2795288860797882, -0.04282241687178612, 0.0615694560110569, -0.2757464051246643, 0.0201188363134861], "root_pose": [3.082719326019287, -0.0387018658220768, -0.0007673341897316277], "body_pose": [[-0.21548832952976227, -0.015708329156041145, 0.05511322245001793], [-0.11988678574562073, 0.014386026188731194, -0.05454564839601517], [0.33452552556991577, 0.02920546382665634, -0.007905795238912106], [0.5869998335838318, 0.014345024712383747, -0.06646692007780075], [0.5727100372314453, -0.0026421581860631704, 0.03949860855937004], [0.06326255947351456, 0.008440503850579262, -0.034228868782520294], [-0.18405674397945404, 0.13606789708137512, -0.04602804034948349], [-0.17255955934524536, -0.09026386588811874, 0.030430244281888008], [-0.05476188659667969, 0.036829233169555664, -0.052272260189056396], [0.006609197240322828, -0.002644049935042858, 0.0028269130270928144], [0.012265415862202644, 0.0015954216942191124, 0.014625796116888523], [0.21773160994052887, -0.008013113401830196, -0.011396125890314579], [0.07710999995470047, -0.1260373592376709, -0.0636165663599968], [-0.03403759002685547, 0.2900470793247223, -0.10567092150449753], [-0.29419150948524475, 0.03500187024474144, 0.04589279368519783], [0.2583886384963989, -0.1353577971458435, -0.9898378849029541], [0.14425469934940338, 0.42297014594078064, 1.0636929273605347], [-0.3012259602546692, 4.563594341278076, -0.7755558490753174], [0.16141150891780853, 1.838714361190796, -0.2849283814430237], [-0.8907965421676636, -0.18873409926891327, 0.2617003321647644], [-0.7397029995918274, 0.18111063539981842, -0.5220967531204224]], "jaw_pose": [0.04286021739244461, -0.008295089937746525, -0.07961913198232651], "leye_pose": [0.0, 0.0, 0.0], "reye_pose": [0.0, 0.0, 0.0], "lhand_pose": [[0.031903039664030075, 0.4482157230377197, -0.8037016987800598], [0.18720385432243347, -0.10192754864692688, -1.1517854928970337], [-0.09456945210695267, -0.1369452178478241, -0.30179867148399353], [-0.29606419801712036, 0.2198561280965805, -1.2689934968948364], [-0.12748079001903534, 0.01442969311028719, -0.9418239593505859], [-0.03738962486386299, -0.14821316301822662, -0.5783130526542664], [-0.8150705695152283, -0.585532009601593, -1.0107691287994385], [-0.284474641084671, -0.04991975054144859, -0.7202572226524353], [-0.528258204460144, -0.045116063207387924, -0.35446006059646606], [-0.2849509119987488, -0.19354383647441864, -1.3164154291152954], [-0.43026429414749146, -0.10669420659542084, -0.8379303812980652], [-0.27544069290161133, -0.09696520864963531, -0.5840558409690857], [0.9232384562492371, 0.5357181429862976, 0.08386767655611038], [-0.5792161226272583, 0.07006503641605377, -0.19414693117141724], [0.6521661281585693, 0.26415637135505676, -0.17214836180210114]], "rhand_pose": [[-0.005972858052700758, -0.3603557050228119, 0.9260554909706116], [0.19053472578525543, 0.09583638608455658, 1.223780632019043], [-0.10536984354257584, 0.15097905695438385, 0.35575002431869507], [-0.352250337600708, -0.18887166678905487, 1.3127853870391846], [-0.1299269050359726, -0.02323257364332676, 1.0788547992706299], [-0.04015875980257988, 0.13537968695163727, 0.6560034155845642], [-0.9338993430137634, 0.5350785851478577, 1.2311254739761353], [-0.3217107355594635, 0.103648841381073, 0.7853027582168579], [-0.5288854241371155, 0.024663211777806282, 0.4385087490081787], [-0.3400721251964569, 0.2320084273815155, 1.3868701457977295], [-0.4389585554599762, 0.12218219041824341, 1.002616286277771], [-0.2683332562446594, 0.09137840569019318, 0.6483488082885742], [0.929728090763092, -0.5176757574081421, -0.005999263841658831], [-0.5146992802619934, -0.057752758264541626, 0.1600944697856903], [0.6943398714065552, -0.2685321867465973, 0.20196838676929474]], "trans": [-0.17281286418437958, 0.7865625619888306, 1.9603172540664673], "focal": [1177.7945556640625, 1177.7945556640625], "princpt": [680.0, 384.0], "img_size_wh": [1360, 768], "pad_ratio": 0.0}