{"betas": [-0.37190040946006775, 0.12120130658149719, 0.240371435880661, 0.15054431557655334, -0.134503573179245, -0.2796761393547058, -0.04278397187590599, 0.06183822080492973, -0.27575212717056274, 0.020079588517546654], "root_pose": [3.1039133071899414, -0.02458949014544487, 0.001586957136169076], "body_pose": [[-0.11648695915937424, 0.0062728989869356155, 0.04532945528626442], [-0.2614162564277649, 0.022127067670226097, -0.08758357912302017], [0.31013238430023193, -0.03901967406272888, 0.025035634636878967], [0.5520071387290955, 0.009528442285954952, -0.047553978860378265], [0.6072376370429993, -0.010664310306310654, 0.0436299666762352], [0.08089345693588257, -0.017524434253573418, 0.015459318645298481], [-0.2231239527463913, 0.11037886142730713, -0.024365635588765144], [-0.106355682015419, -0.09439070522785187, 0.04808086156845093], [-0.06829146295785904, -0.03446270525455475, 0.006209832150489092], [0.001639846246689558, -0.006229563616216183, -0.006894941441714764], [0.009729175828397274, -0.003862142562866211, 0.004204053431749344], [0.25055795907974243, 0.011844550259411335, 0.019371211528778076], [-0.0540071502327919, -0.34228453040122986, 0.04874246194958687], [0.12601147592067719, -0.020625213161110878, -0.1004653200507164], [-0.3664882481098175, 0.11141377687454224, -0.1834472119808197], [0.058809272944927216, -0.4475001096725464, -0.9710086584091187], [0.2498292326927185, 0.06705673784017563, 1.2010300159454346], [-0.2197030484676361, 4.277395248413086, -0.79709392786026], [0.03384513407945633, 1.7833664417266846, -0.3360714912414551], [-0.7804603576660156, -0.1795378029346466, 0.13894027471542358], [-0.8067449927330017, 0.13702964782714844, -0.21015062928199768]], "jaw_pose": [0.05447657033801079, -0.030075790360569954, 0.018435565754771233], "leye_pose": [0.0, 0.0, 0.0], "reye_pose": [0.0, 0.0, 0.0], "lhand_pose": [[0.03154347836971283, 0.3271385431289673, -0.7189364433288574], [0.1683935523033142, -0.10893566906452179, -1.1314164400100708], [-0.05938728153705597, -0.1308766007423401, -0.365392804145813], [-0.29320502281188965, 0.18751072883605957, -1.2343852519989014], [-0.11978913098573685, 0.005013708490878344, -0.9312872290611267], [-0.04844340682029724, -0.13898208737373352, -0.5790418386459351], [-0.8144894242286682, -0.4207463264465332, -1.0636905431747437], [-0.2676471769809723, -0.0654069185256958, -0.7142552137374878], [-0.5732594728469849, -0.04110938683152199, -0.35091543197631836], [-0.27074146270751953, -0.11893875151872635, -1.2945349216461182], [-0.4193854331970215, -0.11026471853256226, -0.835360586643219], [-0.2884786128997803, -0.09166272729635239, -0.5899600982666016], [0.9366872906684875, 0.3183070421218872, 0.07142248749732971], [-0.561147928237915, 0.04985086992383003, -0.20986035466194153], [0.6457546949386597, 0.2642150819301605, -0.1397770643234253]], "rhand_pose": [[0.0035969377495348454, -0.3846062123775482, 0.7814335823059082], [0.1902347058057785, 0.05929092317819595, 0.9204338788986206], [-0.09109531342983246, 0.12387092411518097, 0.2370017021894455], [-0.31176984310150146, -0.1538442075252533, 1.0663765668869019], [-0.10849877446889877, -0.033667463809251785, 0.7491688132286072], [-0.03408374637365341, 0.10152292996644974, 0.428514689207077], [-0.8130247592926025, 0.6079334020614624, 0.9176893830299377], [-0.1816779375076294, 0.04793020710349083, 0.5108849406242371], [-0.46500349044799805, -0.0014573102816939354, 0.2013925462961197], [-0.2641381323337555, 0.22713206708431244, 1.0912424325942993], [-0.3943172097206116, 0.1270029991865158, 0.6128215789794922], [-0.23520474135875702, 0.06801064312458038, 0.46424809098243713], [0.8715025782585144, -0.49371495842933655, -0.11215047538280487], [-0.5625120997428894, -0.03910664841532707, 0.17630991339683533], [0.653847336769104, -0.21702827513217926, 0.08896786719560623]], "trans": [-0.13457179069519043, 0.7714203596115112, 1.8814984560012817], "focal": [1177.7945556640625, 1177.7945556640625], "princpt": [680.0, 384.0], "img_size_wh": [1360, 768], "pad_ratio": 0.0}