{"betas": [-0.3718913495540619, 0.12134978175163269, 0.2404208779335022, 0.15070758759975433, -0.1345667839050293, -0.279532253742218, -0.04285571724176407, 0.06163256615400314, -0.27579113841056824, 0.020077727735042572], "root_pose": [3.067554235458374, -0.018896225839853287, -0.006865066476166248], "body_pose": [[-0.160823255777359, 0.006294863298535347, 0.06960994005203247], [-0.17150597274303436, 0.001981640700250864, -0.08209725469350815], [0.3436148762702942, 0.010017569176852703, -0.009998448193073273], [0.5303946733474731, 0.02287004142999649, -0.057372838258743286], [0.5415520071983337, -0.018557796254754066, 0.04110310226678848], [0.06765393912792206, -0.0029736915603280067, -0.02608874812722206], [-0.16247771680355072, 0.1253250390291214, -0.04513997212052345], [-0.13577356934547424, -0.10006096959114075, 0.03337619826197624], [-0.0617937296628952, 0.016281642019748688, -0.04070410132408142], [0.0043518878519535065, -0.003545189741998911, 0.00024011505593080074], [0.014068089425563812, -0.0006328548188321292, 0.013162950053811073], [0.19058071076869965, 0.002264726208522916, 0.007801659405231476], [0.043840743601322174, -0.2516888380050659, -0.08202734589576721], [0.05222995951771736, 0.24074006080627441, -0.07711266726255417], [-0.3030558228492737, 0.050112321972846985, 0.026293577626347542], [0.1919371336698532, -0.26530665159225464, -0.9800081253051758], [0.23860658705234528, 0.3400726914405823, 1.1486339569091797], [0.11025781184434891, -1.561071753501892, 0.26384830474853516], [0.19342847168445587, 1.7689706087112427, -0.24591965973377228], [-0.8377357721328735, -0.2594846785068512, 0.4075905680656433], [-0.7996455430984497, 0.32727476954460144, -0.5789818167686462]], "jaw_pose": [0.04712286964058876, -0.013187551870942116, -0.03969012573361397], "leye_pose": [0.0, 0.0, 0.0], "reye_pose": [0.0, 0.0, 0.0], "lhand_pose": [[0.032762013375759125, 0.44433003664016724, -0.780814528465271], [0.19019074738025665, -0.10737524926662445, -1.1126765012741089], [-0.0874645859003067, -0.13450537621974945, -0.2922419011592865], [-0.3032277822494507, 0.2162165343761444, -1.2731930017471313], [-0.12566214799880981, 0.01347511075437069, -0.8960574865341187], [-0.037152696400880814, -0.14313818514347076, -0.5540083050727844], [-0.8003289103507996, -0.5987647175788879, -0.9919480681419373], [-0.27909526228904724, -0.06262952834367752, -0.6865289807319641], [-0.5396073460578918, -0.04723034426569939, -0.32814693450927734], [-0.2756108343601227, -0.19644957780838013, -1.303355097770691], [-0.4304839074611664, -0.12223955988883972, -0.7886377573013306], [-0.26935142278671265, -0.08798418194055557, -0.5655974745750427], [0.9317255616188049, 0.5460392236709595, 0.07549038529396057], [-0.5617791414260864, 0.05916282907128334, -0.18422454595565796], [0.6355549097061157, 0.2499728947877884, -0.1561208963394165]], "rhand_pose": [[0.007560085505247116, -0.37347015738487244, 0.8066507577896118], [0.18428045511245728, 0.08364039659500122, 1.0647672414779663], [-0.10829846560955048, 0.1307094395160675, 0.2781465947628021], [-0.3433918356895447, -0.16346734762191772, 1.1462174654006958], [-0.12342148274183273, -0.025974415242671967, 0.91778165102005], [-0.037958789616823196, 0.12434915453195572, 0.5372185111045837], [-0.8673444390296936, 0.6224641799926758, 1.0399439334869385], [-0.24058279395103455, 0.07590340077877045, 0.6245870590209961], [-0.49634820222854614, 0.013798064552247524, 0.29611656069755554], [-0.314253032207489, 0.2425219565629959, 1.2274072170257568], [-0.4179214537143707, 0.1339143067598343, 0.7898929715156555], [-0.24944816529750824, 0.08545245975255966, 0.5356831550598145], [0.901244044303894, -0.5309035181999207, -0.04996916651725769], [-0.5275877118110657, -0.051323212683200836, 0.15264743566513062], [0.657940685749054, -0.22621650993824005, 0.1694091111421585]], "trans": [-0.16171465814113617, 0.8173425197601318, 1.9367167949676514], "focal": [1177.7945556640625, 1177.7945556640625], "princpt": [680.0, 384.0], "img_size_wh": [1360, 768], "pad_ratio": 0.0}