{"betas": [-0.37193360924720764, 0.12128225713968277, 0.24035091698169708, 0.1505703181028366, -0.1345381885766983, -0.27962085604667664, -0.0428071953356266, 0.0618065744638443, -0.2758156359195709, 0.020091865211725235], "root_pose": [3.105741500854492, -0.00616299407556653, -0.00023684628831688315], "body_pose": [[-0.11757165193557739, -0.0018674415769055486, 0.05378280207514763], [-0.2741706371307373, 0.026162778958678246, -0.0827074646949768], [0.3373096287250519, -0.02695745788514614, 0.01503812801092863], [0.5683397650718689, 0.0012329785386100411, -0.04601913318037987], [0.6474485397338867, -0.011415905319154263, 0.04479686915874481], [0.08234503865242004, -0.01676126755774021, 0.009910974651575089], [-0.224563330411911, 0.10913112014532089, -0.030018189921975136], [-0.13774235546588898, -0.07090494781732559, 0.042597509920597076], [-0.07032834738492966, -0.023615578189492226, -0.0032903216779232025], [0.0009269474539905787, -0.005013412795960903, 0.0010683102300390601], [0.010954668745398521, -0.0025619054213166237, 0.008707663975656033], [0.2253829836845398, 0.014486332423985004, 0.025378037244081497], [-0.07592263072729111, -0.3639529347419739, 0.0072062648832798], [0.12149763107299805, 0.04502163082361221, -0.09168627858161926], [-0.3555808365345001, 0.09652123600244522, -0.1171741634607315], [0.0021346774883568287, -0.5049421191215515, -0.9540484547615051], [0.2727701663970947, 0.10742058604955673, 1.2070962190628052], [-0.1527196764945984, 4.242876052856445, -0.9303010106086731], [0.1017545685172081, 1.8139407634735107, -0.34522026777267456], [-0.7253320217132568, -0.12064053863286972, 0.15312452614307404], [-0.7511913776397705, 0.1394454836845398, -0.37632498145103455]], "jaw_pose": [0.05494855344295502, -0.03199147805571556, 0.026471367105841637], "leye_pose": [0.0, 0.0, 0.0], "reye_pose": [0.0, 0.0, 0.0], "lhand_pose": [[0.03410829231142998, 0.31143686175346375, -0.7734896540641785], [0.16903625428676605, -0.11027579754590988, -1.149281620979309], [-0.05607421323657036, -0.13449744880199432, -0.3915172219276428], [-0.29654961824417114, 0.20179057121276855, -1.2681570053100586], [-0.12807700037956238, 0.0049245781265199184, -0.9787797331809998], [-0.04823887720704079, -0.1376555860042572, -0.6156092286109924], [-0.8177445530891418, -0.40451255440711975, -1.1042426824569702], [-0.3147699236869812, -0.07532241195440292, -0.7677226066589355], [-0.5690012574195862, -0.05121036618947983, -0.4135707914829254], [-0.26881420612335205, -0.10691612213850021, -1.3432177305221558], [-0.4328736662864685, -0.10908050835132599, -0.8991758227348328], [-0.2922622263431549, -0.08913768082857132, -0.6279727816581726], [0.9528422355651855, 0.307506799697876, 0.057764146476984024], [-0.5450304746627808, 0.05396168306469917, -0.22354291379451752], [0.6549822092056274, 0.28680092096328735, -0.15265324711799622]], "rhand_pose": [[-0.0011193968821316957, -0.37694481015205383, 0.7675964832305908], [0.17445988953113556, 0.06072339043021202, 1.011366367340088], [-0.08159889280796051, 0.11849819868803024, 0.2952229976654053], [-0.3217989504337311, -0.1651286482810974, 1.0854063034057617], [-0.11638316512107849, -0.02216077782213688, 0.8627960085868835], [-0.04121645912528038, 0.10411474853754044, 0.4972376227378845], [-0.8196856379508972, 0.585456907749176, 0.9762212634086609], [-0.22601786255836487, 0.06104603037238121, 0.5925728678703308], [-0.4892095923423767, 0.005508484318852425, 0.28065094351768494], [-0.27086353302001953, 0.2113530933856964, 1.1415655612945557], [-0.40457749366760254, 0.12254098057746887, 0.7619813680648804], [-0.24931326508522034, 0.07895242422819138, 0.519062876701355], [0.8709063529968262, -0.4148486256599426, -0.11926599591970444], [-0.543879508972168, -0.050459764897823334, 0.18553254008293152], [0.6539474725723267, -0.23020973801612854, 0.10428213328123093]], "trans": [-0.13501805067062378, 0.7762121558189392, 1.9144878387451172], "focal": [1177.7945556640625, 1177.7945556640625], "princpt": [680.0, 384.0], "img_size_wh": [1360, 768], "pad_ratio": 0.0}