{"betas": [-0.37189698219299316, 0.12143445760011673, 0.24051161110401154, 0.15076036751270294, -0.13458913564682007, -0.2795429229736328, -0.04281257838010788, 0.06161864474415779, -0.2757852077484131, 0.020085275173187256], "root_pose": [3.0719926357269287, -0.027098365128040314, -0.0035750640090554953], "body_pose": [[-0.18937388062477112, -0.005288767162710428, 0.06350257247686386], [-0.15073546767234802, 0.008343127556145191, -0.06672947853803635], [0.3420666754245758, 0.02049018256366253, -0.010230121202766895], [0.5577394366264343, 0.016510875895619392, -0.06158783659338951], [0.5538771152496338, -0.011084049940109253, 0.040228135883808136], [0.06645633280277252, 0.0022857552394270897, -0.03253982588648796], [-0.17312879860401154, 0.13018813729286194, -0.046956438571214676], [-0.15744371712207794, -0.09491461515426636, 0.03159079700708389], [-0.05612608417868614, 0.027327436953783035, -0.04932546615600586], [0.005765323527157307, -0.0028016590513288975, 0.00084867695113644], [0.013084439560770988, 0.00032142706913873553, 0.013922164216637611], [0.1973649263381958, -0.0049157221801579, -0.003212416311725974], [0.06444362550973892, -0.17877626419067383, -0.07156308740377426], [0.009888389147818089, 0.26905882358551025, -0.09352733194828033], [-0.2963349223136902, 0.03997809812426567, 0.0365338958799839], [0.2346186488866806, -0.1879999339580536, -0.9823148250579834], [0.1960766464471817, 0.3828493654727936, 1.0948911905288696], [-0.31686437129974365, 4.601069450378418, -0.7698081731796265], [0.18648098409175873, 1.8137377500534058, -0.2593080699443817], [-0.8787325620651245, -0.21613572537899017, 0.32907387614250183], [-0.7835763692855835, 0.289196640253067, -0.5407955646514893]], "jaw_pose": [0.04409458488225937, -0.010237274691462517, -0.06362588703632355], "leye_pose": [0.0, 0.0, 0.0], "reye_pose": [0.0, 0.0, 0.0], "lhand_pose": [[0.03206125646829605, 0.45036470890045166, -0.7950958609580994], [0.1894405037164688, -0.10332979261875153, -1.123667597770691], [-0.09274309128522873, -0.13471175730228424, -0.29167506098747253], [-0.2967046797275543, 0.2196212261915207, -1.266056776046753], [-0.1259494572877884, 0.01586144044995308, -0.9119718670845032], [-0.0367874950170517, -0.14636117219924927, -0.560221254825592], [-0.8074665665626526, -0.5893425345420837, -1.0027966499328613], [-0.27569931745529175, -0.05517500638961792, -0.6988339424133301], [-0.5324291586875916, -0.04458199813961983, -0.3362448513507843], [-0.2785569727420807, -0.19454751908779144, -1.3076703548431396], [-0.42867952585220337, -0.11274117231369019, -0.8056003451347351], [-0.27090248465538025, -0.0926760658621788, -0.5705373883247375], [0.925906240940094, 0.542427659034729, 0.07492110878229141], [-0.5707001090049744, 0.06483765691518784, -0.18776768445968628], [0.6450596451759338, 0.2540034353733063, -0.16465449333190918]], "rhand_pose": [[-0.0005097824614495039, -0.36326563358306885, 0.8680487871170044], [0.1877368539571762, 0.09082640707492828, 1.1532323360443115], [-0.10842451453208923, 0.14114947617053986, 0.3159233331680298], [-0.34821683168411255, -0.17118586599826813, 1.2348523139953613], [-0.126861572265625, -0.024696264415979385, 1.0067744255065918], [-0.038679301738739014, 0.1299288421869278, 0.5952724814414978], [-0.8964601755142212, 0.5913872718811035, 1.1266324520111084], [-0.28257331252098083, 0.08900761604309082, 0.700551450252533], [-0.5100601315498352, 0.019765671342611313, 0.36388924717903137], [-0.3291880488395691, 0.242770716547966, 1.3054596185684204], [-0.42764967679977417, 0.13032041490077972, 0.9038296341896057], [-0.259695827960968, 0.08945933729410172, 0.5893250107765198], [0.9150104522705078, -0.5259465575218201, -0.02659880742430687], [-0.521679699420929, -0.05510134994983673, 0.1559196561574936], [0.6775915622711182, -0.24654003977775574, 0.18808822333812714]], "trans": [-0.17013777792453766, 0.7994095087051392, 1.9483922719955444], "focal": [1177.7945556640625, 1177.7945556640625], "princpt": [680.0, 384.0], "img_size_wh": [1360, 768], "pad_ratio": 0.0}