{"betas": [-0.371937096118927, 0.12131715565919876, 0.24033258855342865, 0.1505744606256485, -0.134593665599823, -0.27960866689682007, -0.042798593640327454, 0.06174757331609726, -0.2758139371871948, 0.020091412588953972], "root_pose": [3.098824977874756, 0.0030501054134219885, 0.002251851838082075], "body_pose": [[-0.11616571992635727, 0.0017967328894883394, 0.0655975267291069], [-0.25294581055641174, 0.01874523051083088, -0.08754871785640717], [0.3361409902572632, -0.018465470522642136, 0.006347476504743099], [0.5410390496253967, 0.0030901606660336256, -0.047363314777612686], [0.624087393283844, -0.014901043847203255, 0.043681275099515915], [0.0840272307395935, -0.017253421247005463, 0.004853888414800167], [-0.20059600472450256, 0.11832618713378906, -0.03429517522454262], [-0.1342000663280487, -0.06545329093933105, 0.040646422654390335], [-0.07137890160083771, -0.01392114907503128, -0.00884441751986742], [0.0008943196735344827, -0.004304550122469664, 0.005302524194121361], [0.013174567371606827, -0.0002506432356312871, 0.014420347288250923], [0.22202321887016296, 0.014794312417507172, 0.022444212809205055], [-0.06926579028367996, -0.36860355734825134, -0.03553164750337601], [0.11638431996107101, 0.08708541095256805, -0.08655703812837601], [-0.3544921576976776, 0.08725138753652573, -0.0730975791811943], [0.0044359066523611546, -0.5100548267364502, -0.9460339546203613], [0.2755078077316284, 0.1413791924715042, 1.2174073457717896], [-0.17085295915603638, 4.3047776222229, -0.9647139310836792], [0.12424856424331665, 1.8060694932937622, -0.3401002585887909], [-0.6932520270347595, -0.16151268780231476, 0.20837844908237457], [-0.7856031656265259, 0.12053129822015762, -0.45060867071151733]], "jaw_pose": [0.061616115272045135, -0.03179781883955002, 0.039317548274993896], "leye_pose": [0.0, 0.0, 0.0], "reye_pose": [0.0, 0.0, 0.0], "lhand_pose": [[0.029941599816083908, 0.3589079976081848, -0.786231279373169], [0.1774122416973114, -0.10795822739601135, -1.127730369567871], [-0.06216472014784813, -0.1374502182006836, -0.36357057094573975], [-0.29738184809684753, 0.2040124088525772, -1.2754775285720825], [-0.130233034491539, 0.006551219150424004, -0.9570310711860657], [-0.045677829533815384, -0.13673588633537292, -0.5909033417701721], [-0.7827385663986206, -0.49059873819351196, -1.047929048538208], [-0.31473636627197266, -0.07030806690454483, -0.7325794100761414], [-0.5535518527030945, -0.058419305831193924, -0.38620567321777344], [-0.265185683965683, -0.13466428220272064, -1.3223310708999634], [-0.4328734278678894, -0.1164989024400711, -0.8627594113349915], [-0.2833631932735443, -0.08876245468854904, -0.6064806580543518], [0.9450736045837402, 0.3685779571533203, 0.07237284630537033], [-0.5436499118804932, 0.058964960277080536, -0.2239874005317688], [0.6471372842788696, 0.28966987133026123, -0.1536070853471756]], "rhand_pose": [[0.0003078145091421902, -0.39867448806762695, 0.7688166499137878], [0.17379137873649597, 0.06398424506187439, 1.0235546827316284], [-0.08401083946228027, 0.11966921389102936, 0.29483023285865784], [-0.32293468713760376, -0.18427212536334991, 1.1103057861328125], [-0.1187344640493393, -0.02337495982646942, 0.8720798492431641], [-0.043859124183654785, 0.10993446409702301, 0.5076135396957397], [-0.8374126553535461, 0.594046413898468, 1.0125375986099243], [-0.22772058844566345, 0.06614566594362259, 0.6061291694641113], [-0.49482324719429016, 0.00734811183065176, 0.2845715284347534], [-0.28074911236763, 0.21195919811725616, 1.1808720827102661], [-0.4086647033691406, 0.12318424880504608, 0.7770797610282898], [-0.25003230571746826, 0.0814305990934372, 0.5249108076095581], [0.875289261341095, -0.4280056655406952, -0.12127714604139328], [-0.5322514772415161, -0.05353328958153725, 0.18187133967876434], [0.6485205888748169, -0.2326326072216034, 0.1223415732383728]], "trans": [-0.14294372498989105, 0.7959306240081787, 1.9204020500183105], "focal": [1177.7945556640625, 1177.7945556640625], "princpt": [680.0, 384.0], "img_size_wh": [1360, 768], "pad_ratio": 0.0}