{"betas": [-0.3719114363193512, 0.12131091207265854, 0.2403564751148224, 0.1506071239709854, -0.13456840813159943, -0.2796257436275482, -0.042865876108407974, 0.061724841594696045, -0.2758091986179352, 0.020087765529751778], "root_pose": [3.0893537998199463, 0.00676224147900939, 0.003641371615231037], "body_pose": [[-0.1088196411728859, 0.010173562914133072, 0.07350138574838638], [-0.21716757118701935, 0.006730236578732729, -0.09595836699008942], [0.3286619782447815, -0.010379797779023647, -0.0021744542755186558], [0.5050075054168701, 0.011567210778594017, -0.05000139772891998], [0.5879787802696228, -0.019247671589255333, 0.04317062720656395], [0.08216072618961334, -0.016144808381795883, -0.0020419838838279247], [-0.17458510398864746, 0.12628759443759918, -0.03698566555976868], [-0.11805116385221481, -0.07032311707735062, 0.04150591045618057], [-0.07182610034942627, -0.005756960716098547, -0.015341712161898613], [0.0011003033723682165, -0.004465962760150433, 0.006479960400611162], [0.014086072333157063, 0.0007060231873765588, 0.016991695389151573], [0.22543765604496002, 0.015230321325361729, 0.01969224028289318], [-0.04924558103084564, -0.3683171272277832, -0.07698609679937363], [0.10754258930683136, 0.1289517879486084, -0.0762181505560875], [-0.3485858142375946, 0.07940589636564255, -0.0338047631084919], [0.028338320553302765, -0.48847275972366333, -0.9488299489021301], [0.274199903011322, 0.18391743302345276, 1.225103735923767], [-0.21075060963630676, 4.400294303894043, -0.9610273241996765], [0.14357517659664154, 1.779789924621582, -0.32370075583457947], [-0.6815977692604065, -0.21521081030368805, 0.30180031061172485], [-0.7975268363952637, 0.12306782603263855, -0.5320560932159424]], "jaw_pose": [0.06495228409767151, -0.028882188722491264, 0.04339780658483505], "leye_pose": [0.0, 0.0, 0.0], "reye_pose": [0.0, 0.0, 0.0], "lhand_pose": [[0.03321893885731697, 0.40106895565986633, -0.7432509660720825], [0.18174302577972412, -0.10457341372966766, -1.082950234413147], [-0.06845751404762268, -0.13796579837799072, -0.3260130286216736], [-0.298205703496933, 0.2061009407043457, -1.2661124467849731], [-0.12997190654277802, 0.01011259388178587, -0.9250728487968445], [-0.04201439768075943, -0.13586308062076569, -0.5564238429069519], [-0.7539511919021606, -0.5656823515892029, -0.9803569316864014], [-0.2948870062828064, -0.06464582681655884, -0.6831015348434448], [-0.5404134392738342, -0.05945165827870369, -0.33963364362716675], [-0.26287880539894104, -0.1599503457546234, -1.287753701210022], [-0.42991214990615845, -0.12192980945110321, -0.8150134086608887], [-0.27229079604148865, -0.08971567451953888, -0.5712243914604187], [0.9393048882484436, 0.4442175328731537, 0.07789125293493271], [-0.5463941097259521, 0.06158950924873352, -0.21202099323272705], [0.6407689452171326, 0.2806081175804138, -0.15567204356193542]], "rhand_pose": [[0.009434114210307598, -0.41113004088401794, 0.7437260746955872], [0.17236469686031342, 0.06645145267248154, 1.0021451711654663], [-0.08773422241210938, 0.12081167101860046, 0.28230908513069153], [-0.32373934984207153, -0.19725143909454346, 1.105602502822876], [-0.12053240835666656, -0.024139881134033203, 0.8575842380523682], [-0.043799564242362976, 0.11540034413337708, 0.5041148662567139], [-0.8473334908485413, 0.6106895804405212, 1.029600977897644], [-0.22126412391662598, 0.06999992579221725, 0.6003596782684326], [-0.49504730105400085, 0.007840455509722233, 0.27037227153778076], [-0.28713956475257874, 0.21287979185581207, 1.1955549716949463], [-0.4080335795879364, 0.12328919023275375, 0.7539862990379333], [-0.24730433523654938, 0.08417131751775742, 0.5183926820755005], [0.8817327618598938, -0.46123379468917847, -0.11367183923721313], [-0.5249820351600647, -0.05490204691886902, 0.16929470002651215], [0.6436783671379089, -0.22840233147144318, 0.14250212907791138]], "trans": [-0.1510009616613388, 0.8173245787620544, 1.9213007688522339], "focal": [1177.7945556640625, 1177.7945556640625], "princpt": [680.0, 384.0], "img_size_wh": [1360, 768], "pad_ratio": 0.0}