{"betas": [-0.3719133734703064, 0.1212528869509697, 0.2403695285320282, 0.1505504697561264, -0.1345326453447342, -0.2796327769756317, -0.042796790599823, 0.061814650893211365, -0.27576103806495667, 0.02009551227092743], "root_pose": [3.106395959854126, -0.01617206446826458, 8.923867426346987e-05], "body_pose": [[-0.11801689118146896, -0.00022925676603335887, 0.04499305784702301], [-0.2751758098602295, 0.026383845135569572, -0.08338464051485062], [0.32628217339515686, -0.03429175168275833, 0.021456757560372353], [0.5705477595329285, 0.004380915313959122, -0.04711373150348663], [0.6431916356086731, -0.011309745721518993, 0.04567670077085495], [0.08033622056245804, -0.01638670079410076, 0.013035273179411888], [-0.2297936975955963, 0.10669051855802536, -0.02587093785405159], [-0.1235363781452179, -0.08285972476005554, 0.04599049314856529], [-0.0700361356139183, -0.03133174777030945, 0.0014966317685320973], [0.0011332628782838583, -0.005723165813833475, -0.003210717113688588], [0.009528391994535923, -0.003881935030221939, 0.004916594363749027], [0.2400999814271927, 0.012850508093833923, 0.023260951042175293], [-0.07064685970544815, -0.3554423451423645, 0.03787963464856148], [0.12548407912254333, 0.007357338909059763, -0.09500262886285782], [-0.3597252070903778, 0.10542522370815277, -0.15714214742183685], [0.021267149597406387, -0.48181185126304626, -0.9636744260787964], [0.2645827531814575, 0.08085054159164429, 1.2003943920135498], [-0.1683780550956726, 4.235471725463867, -0.8664819598197937], [0.07108783721923828, 1.8042070865631104, -0.341712087392807], [-0.7605105042457581, -0.11916270107030869, 0.13075891137123108], [-0.7542892098426819, 0.14779289066791534, -0.299765408039093]], "jaw_pose": [0.05283175781369209, -0.03119809366762638, 0.019504152238368988], "leye_pose": [0.0, 0.0, 0.0], "reye_pose": [0.0, 0.0, 0.0], "lhand_pose": [[0.0362214632332325, 0.2936854362487793, -0.7421647310256958], [0.1639951467514038, -0.11002811789512634, -1.1482164859771729], [-0.054321225732564926, -0.13275302946567535, -0.39456725120544434], [-0.29524752497673035, 0.1957511603832245, -1.2492462396621704], [-0.12453775107860565, 0.0054678525775671005, -0.9746602177619934], [-0.04893401265144348, -0.13828741014003754, -0.6147453784942627], [-0.8335739970207214, -0.3668820559978485, -1.1163609027862549], [-0.29719865322113037, -0.0758054330945015, -0.7668176293373108], [-0.5767678618431091, -0.044862065464258194, -0.40307703614234924], [-0.27097904682159424, -0.09646736830472946, -1.3337035179138184], [-0.42853909730911255, -0.10581714659929276, -0.8952587842941284], [-0.29471355676651, -0.08999224752187729, -0.625842273235321], [0.9507691860198975, 0.2834937274456024, 0.05430980026721954], [-0.5506857633590698, 0.050090618431568146, -0.21798600256443024], [0.6554598808288574, 0.27892154455184937, -0.14918117225170135]], "rhand_pose": [[0.0008103410364128649, -0.3705766797065735, 0.7582843899726868], [0.17978034913539886, 0.05839797109365463, 0.9640378355979919], [-0.08387289196252823, 0.1187698096036911, 0.27169811725616455], [-0.31611567735671997, -0.15448050200939178, 1.0552804470062256], [-0.1127263531088829, -0.025654790922999382, 0.8124772310256958], [-0.03742355853319168, 0.10088230669498444, 0.464248389005661], [-0.8035609126091003, 0.5942918658256531, 0.9301084876060486], [-0.20723895728588104, 0.054960232228040695, 0.5540463924407959], [-0.4764513671398163, 0.0014344073133543134, 0.2449086606502533], [-0.2615702152252197, 0.21764212846755981, 1.0959136486053467], [-0.39704886078834534, 0.12270607054233551, 0.694124162197113], [-0.2421242743730545, 0.07349664717912674, 0.49265745282173157], [0.8695465922355652, -0.43720749020576477, -0.11737308651208878], [-0.5548959970474243, -0.04627080261707306, 0.18183843791484833], [0.6570211052894592, -0.22348159551620483, 0.09206174314022064]], "trans": [-0.13268353044986725, 0.7667049765586853, 1.8999766111373901], "focal": [1177.7945556640625, 1177.7945556640625], "princpt": [680.0, 384.0], "img_size_wh": [1360, 768], "pad_ratio": 0.0}