{"betas": [-0.37189754843711853, 0.12131346762180328, 0.24037285149097443, 0.15060275793075562, -0.1345425546169281, -0.27953454852104187, -0.042881645262241364, 0.06169569492340088, -0.2757565379142761, 0.020096829161047935], "root_pose": [3.0789365768432617, 0.0031867953948676586, 0.0007181984838098288], "body_pose": [[-0.10626450181007385, 0.017669780179858208, 0.07602555304765701], [-0.18366526067256927, -0.0017863336252048612, -0.10007278621196747], [0.32610657811164856, -0.003682301612570882, -0.008106159046292305], [0.4888302683830261, 0.02195056714117527, -0.052218616008758545], [0.5516589879989624, -0.02093721181154251, 0.04136965423822403], [0.0763191506266594, -0.013137152418494225, -0.010072232224047184], [-0.16114382445812225, 0.12817460298538208, -0.039632510393857956], [-0.10842178761959076, -0.08281292021274567, 0.04029048606753349], [-0.07116490602493286, 0.0002030180476140231, -0.02258799783885479], [0.0018267136765643954, -0.004917294718325138, 0.004663826897740364], [0.013975261710584164, -6.603540532523766e-05, 0.01598442532122135], [0.22266986966133118, 0.014952684752643108, 0.019181374460458755], [-0.017749691382050514, -0.3561013340950012, -0.10045479238033295], [0.09594554454088211, 0.16954544186592102, -0.06753057986497879], [-0.3331923484802246, 0.0714344009757042, -0.0036034805234521627], [0.07315283268690109, -0.43491193652153015, -0.9616946578025818], [0.2701512277126312, 0.23582862317562103, 1.222456455230713], [-0.2562791705131531, 4.503447532653809, -0.9126604795455933], [0.16580262780189514, 1.748939037322998, -0.29756423830986023], [-0.7044768929481506, -0.2567285895347595, 0.40396517515182495], [-0.77655029296875, 0.1732288897037506, -0.5987915992736816]], "jaw_pose": [0.059570956975221634, -0.024151649326086044, 0.028957076370716095], "leye_pose": [0.0, 0.0, 0.0], "reye_pose": [0.0, 0.0, 0.0], "lhand_pose": [[0.04030746966600418, 0.4210231304168701, -0.6991451382637024], [0.18247245252132416, -0.10433868318796158, -1.0564957857131958], [-0.07347749918699265, -0.136289581656456, -0.3012760281562805], [-0.30111822485923767, 0.2083573043346405, -1.2554765939712524], [-0.12855423986911774, 0.011671815998852253, -0.8983418941497803], [-0.039311666041612625, -0.13641321659088135, -0.5385151505470276], [-0.7529534101486206, -0.6019493937492371, -0.9451144337654114], [-0.2783924341201782, -0.06260740756988525, -0.6561909914016724], [-0.5368619561195374, -0.05553775280714035, -0.3109797537326813], [-0.2650775909423828, -0.1780167669057846, -1.2700504064559937], [-0.42862120270729065, -0.12509779632091522, -0.7835478782653809], [-0.2667185664176941, -0.09039877355098724, -0.5508680939674377], [0.9391955733299255, 0.5082963705062866, 0.07384232431650162], [-0.550997257232666, 0.06028732284903526, -0.19321537017822266], [0.6372699737548828, 0.26376867294311523, -0.1576758623123169]], "rhand_pose": [[0.01914869248867035, -0.40375733375549316, 0.7131221294403076], [0.17247247695922852, 0.06840962171554565, 0.9635424017906189], [-0.09402648359537125, 0.1209031194448471, 0.2659450173377991], [-0.32739269733428955, -0.19063657522201538, 1.0718953609466553], [-0.12061857432126999, -0.02572920359671116, 0.8341867923736572], [-0.0413796491920948, 0.11916065961122513, 0.4953345060348511], [-0.8508253693580627, 0.6270623207092285, 1.0170302391052246], [-0.210210382938385, 0.06835535913705826, 0.580069363117218], [-0.49100378155708313, 0.0075673689134418964, 0.25319579243659973], [-0.2910057306289673, 0.2172786295413971, 1.1781699657440186], [-0.4052281975746155, 0.12404437363147736, 0.7146687507629395], [-0.24408990144729614, 0.08730847388505936, 0.5046677589416504], [0.8868851065635681, -0.49781644344329834, -0.09268166869878769], [-0.525327205657959, -0.05326448753476143, 0.15355776250362396], [0.6426424980163574, -0.21771524846553802, 0.15712584555149078]], "trans": [-0.15547436475753784, 0.8311855792999268, 1.9216021299362183], "focal": [1177.7945556640625, 1177.7945556640625], "princpt": [680.0, 384.0], "img_size_wh": [1360, 768], "pad_ratio": 0.0}