{"betas": [-0.3718792796134949, 0.12127464264631271, 0.24039234220981598, 0.15057574212551117, -0.13451920449733734, -0.2797265350818634, -0.042843498289585114, 0.06183001026511192, -0.2758004069328308, 0.020153163000941277], "root_pose": [3.110250949859619, -0.04038465768098831, 0.007963004522025585], "body_pose": [[-0.11200739443302155, 0.01619197428226471, 0.06540888547897339], [-0.19514301419258118, -0.000569297291804105, -0.0969751626253128], [0.291860967874527, -0.03345156088471413, 0.02588062547147274], [0.4863339364528656, 0.015747811645269394, -0.047376904636621475], [0.5068899393081665, -0.013772329315543175, 0.04071721062064171], [0.07510288804769516, -0.01925782673060894, 0.01893671229481697], [-0.19274158775806427, 0.12033022195100784, -0.03135158121585846], [-0.09478200227022171, -0.10923454910516739, 0.04985501989722252], [-0.06705636531114578, -0.02540097013115883, 0.014766388572752476], [0.0006166922976262867, -0.004721104167401791, -0.00943994801491499], [0.010061767883598804, -0.002400436671450734, 0.010283609852194786], [0.23959465324878693, 0.0137825021520257, 0.01757035404443741], [-0.0003766597365029156, -0.31200921535491943, 0.0024979780428111553], [0.09227076917886734, -0.005834061652421951, -0.10180719941854477], [-0.356292724609375, 0.10688726603984833, -0.1822247952222824], [0.15401391685009003, -0.3761676251888275, -0.9832808971405029], [0.20038153231143951, 0.11409258097410202, 1.2190967798233032], [-0.45454299449920654, 4.505684852600098, -0.680541455745697], [-0.015732837840914726, 1.6826515197753906, -0.314463347196579], [-0.7409211993217468, -0.37763071060180664, 0.25102338194847107], [-0.795950174331665, 0.1025971844792366, -0.2128184735774994]], "jaw_pose": [0.05855454131960869, -0.03157342970371246, 0.031523317098617554], "leye_pose": [0.0, 0.0, 0.0], "reye_pose": [0.0, 0.0, 0.0], "lhand_pose": [[0.020608995109796524, 0.43846985697746277, -0.7040155529975891], [0.18677327036857605, -0.1104532852768898, -1.1034371852874756], [-0.077391117811203, -0.12675747275352478, -0.2876487672328949], [-0.30136293172836304, 0.1910383701324463, -1.24784517288208], [-0.11681272834539413, 0.0011056932853534818, -0.8482726812362671], [-0.044762022793293, -0.13986915349960327, -0.4955996572971344], [-0.7800886034965515, -0.6056303977966309, -0.9195539951324463], [-0.22138561308383942, -0.0454951636493206, -0.59309321641922], [-0.5553607940673828, -0.03950962424278259, -0.2479250282049179], [-0.2728321850299835, -0.18609188497066498, -1.2546145915985107], [-0.4104141294956207, -0.12801888585090637, -0.7176375985145569], [-0.26803097128868103, -0.08643651008605957, -0.509911298751831], [0.9069011807441711, 0.43052080273628235, 0.12092487514019012], [-0.582639217376709, 0.050139639526605606, -0.18739858269691467], [0.6263391375541687, 0.2348288893699646, -0.12487838417291641]], "rhand_pose": [[0.02196459099650383, -0.4278016686439514, 0.8358939290046692], [0.20326541364192963, 0.06530503183603287, 0.8954122066497803], [-0.10361244529485703, 0.1354643553495407, 0.19704794883728027], [-0.3183823823928833, -0.16525167226791382, 1.1368526220321655], [-0.10506802052259445, -0.04764809459447861, 0.6927205920219421], [-0.0316409096121788, 0.1072269156575203, 0.40972700715065], [-0.8813624382019043, 0.6309739351272583, 0.9918004274368286], [-0.14871680736541748, 0.04836592450737953, 0.48627257347106934], [-0.47833237051963806, 0.0018426995957270265, 0.16466325521469116], [-0.2978001534938812, 0.23861587047576904, 1.1732282638549805], [-0.40843015909194946, 0.14037787914276123, 0.5353956818580627], [-0.23186111450195312, 0.06232045963406563, 0.4515630602836609], [0.890474796295166, -0.6423833966255188, -0.0678209513425827], [-0.5616154074668884, -0.023371584713459015, 0.15917634963989258], [0.6504492163658142, -0.20699547231197357, 0.11032715439796448]], "trans": [-0.14225299656391144, 0.8103904724121094, 1.8490071296691895], "focal": [1177.7945556640625, 1177.7945556640625], "princpt": [680.0, 384.0], "img_size_wh": [1360, 768], "pad_ratio": 0.0}