{"betas": [-0.37179529666900635, 0.12145008146762848, 0.2404964715242386, 0.15069156885147095, -0.1345072239637375, -0.279710978269577, -0.04294715076684952, 0.06177831068634987, -0.27582883834838867, 0.02013981156051159], "root_pose": [3.1256203651428223, -0.051178932189941406, 0.04343497008085251], "body_pose": [[-0.15690042078495026, 0.010516581125557423, 0.07206747680902481], [-0.13077114522457123, -0.009357841685414314, -0.08018933236598969], [0.29537269473075867, 0.0014524422585964203, 0.019104143604636192], [0.4850257635116577, 0.02530628815293312, -0.053272753953933716], [0.4768587350845337, -0.02146630361676216, 0.03891563042998314], [0.0467878095805645, 0.006650703027844429, -0.009948834776878357], [-0.159211203455925, 0.11895111203193665, -0.039930060505867004], [-0.11763550341129303, -0.13439974188804626, 0.030530691146850586], [-0.06971291452646255, 0.005278456024825573, -0.00972198136150837], [0.0017996974056586623, -0.005793632473796606, -0.005849064793437719], [0.00830342061817646, -0.0016803150065243244, 0.008785960264503956], [0.1911274641752243, 0.0016748047200962901, 0.005215972661972046], [0.050859637558460236, -0.19129838049411774, -0.03243069723248482], [-0.009540633298456669, 0.19899792969226837, -0.09563890844583511], [-0.3400864005088806, 0.07251355051994324, -0.1236199364066124], [0.22986645996570587, -0.20636625587940216, -1.0481268167495728], [0.09311529994010925, 0.3468184471130371, 1.1304161548614502], [0.14675173163414001, -1.4941675662994385, 0.27315622568130493], [0.07802022248506546, 1.6085257530212402, -0.3431290090084076], [-0.5854011178016663, -0.22458581626415253, 0.2967758774757385], [-0.6893339157104492, 0.15791206061840057, -0.40360507369041443]], "jaw_pose": [0.04668690636754036, -0.010478843003511429, -0.0443100668489933], "leye_pose": [0.0, 0.0, 0.0], "reye_pose": [0.0, 0.0, 0.0], "lhand_pose": [[0.047059960663318634, 0.48218652606010437, -0.8533077836036682], [0.19213606417179108, -0.09611832350492477, -1.1016777753829956], [-0.0843479111790657, -0.13590867817401886, -0.2793844938278198], [-0.3143828809261322, 0.2235203981399536, -1.306800365447998], [-0.11790451407432556, 0.010790059342980385, -0.8922961950302124], [-0.03919035941362381, -0.14670152962207794, -0.5504977703094482], [-0.9620658159255981, -0.5786927342414856, -1.1238583326339722], [-0.2461899369955063, -0.06915558129549026, -0.6835623979568481], [-0.5474969744682312, -0.029619058594107628, -0.31238195300102234], [-0.32327282428741455, -0.211399644613266, -1.377120852470398], [-0.4240693747997284, -0.1290730983018875, -0.7723236083984375], [-0.2658447325229645, -0.08356453478336334, -0.5717353820800781], [0.945792555809021, 0.5899274349212646, 0.05530031770467758], [-0.5476629734039307, 0.04721072316169739, -0.17274589836597443], [0.6368635892868042, 0.24534088373184204, -0.16112716495990753]], "rhand_pose": [[0.039749640971422195, -0.30703797936439514, 0.6763995289802551], [0.16820301115512848, 0.07775408029556274, 1.0287128686904907], [-0.08772411942481995, 0.1322433054447174, 0.299732506275177], [-0.33423322439193726, -0.16540618240833282, 1.133758544921875], [-0.12325748056173325, -0.026497624814510345, 0.9145210981369019], [-0.03954402357339859, 0.11133027076721191, 0.5406666398048401], [-0.8782601952552795, 0.5304318070411682, 1.1053487062454224], [-0.22242595255374908, 0.08178363740444183, 0.6196874380111694], [-0.4989369809627533, 0.020557930693030357, 0.30360403656959534], [-0.31539076566696167, 0.2087649703025818, 1.2412663698196411], [-0.4201074242591858, 0.13843724131584167, 0.8096812963485718], [-0.24946051836013794, 0.0796360969543457, 0.5587529540061951], [0.9072878360748291, -0.48290935158729553, -0.037170663475990295], [-0.5319987535476685, -0.024753404781222343, 0.15903545916080475], [0.6645398736000061, -0.21990163624286652, 0.13586515188217163]], "trans": [-0.20379634201526642, 0.8201019167900085, 1.7911767959594727], "focal": [1177.7945556640625, 1177.7945556640625], "princpt": [680.0, 384.0], "img_size_wh": [1360, 768], "pad_ratio": 0.0}