{"betas": [-0.3717772364616394, 0.1215069517493248, 0.24038667976856232, 0.15066586434841156, -0.13452723622322083, -0.27967917919158936, -0.043111786246299744, 0.06177947297692299, -0.275802880525589, 0.020087921991944313], "root_pose": [3.0727298259735107, -0.05568016692996025, 0.08223428577184677], "body_pose": [[-0.1836497038602829, 0.0022849792148917913, 0.058565299957990646], [-0.14937609434127808, 0.009548711590468884, -0.078881174325943], [0.2840402126312256, 0.026839466765522957, 0.010544518940150738], [0.5335648059844971, 0.029018158093094826, -0.059912193566560745], [0.5607239007949829, -0.011083333753049374, 0.04144171252846718], [0.03739471361041069, 0.02918090857565403, -0.02641371637582779], [-0.16387805342674255, 0.1315496861934662, -0.041766535490751266], [-0.14053452014923096, -0.1213502585887909, 0.02858985774219036], [-0.07520262897014618, 0.036653779447078705, -0.03507024049758911], [0.004895380698144436, -0.0034516840241849422, -0.002385311294347048], [0.01180415041744709, -0.000559401698410511, 0.003493290161713958], [0.25909310579299927, -0.02033313922584057, -0.017126992344856262], [0.08804712444543839, -0.12124509364366531, 0.013350901193916798], [-0.0650179386138916, 0.3120167851448059, -0.06460370123386383], [-0.3250728249549866, 0.035694342106580734, -0.015392851084470749], [0.283464640378952, -0.1200806200504303, -1.0587084293365479], [0.04409558326005936, 0.4523492455482483, 1.0352801084518433], [-0.20571210980415344, 4.5020246505737305, -0.7747437357902527], [0.059132952243089676, 1.681172490119934, -0.3192550837993622], [-0.9225993156433105, -0.0740339607000351, 0.29503679275512695], [-0.7545575499534607, 0.08924306184053421, -0.4203079342842102]], "jaw_pose": [0.03594111278653145, 0.00477053364738822, -0.12797096371650696], "leye_pose": [0.0, 0.0, 0.0], "reye_pose": [0.0, 0.0, 0.0], "lhand_pose": [[0.020244307816028595, 0.42399951815605164, -0.8233121037483215], [0.1849340796470642, -0.10152719169855118, -1.2014036178588867], [-0.0897543653845787, -0.1414293348789215, -0.32450810074806213], [-0.3059416711330414, 0.22893306612968445, -1.3238418102264404], [-0.12661832571029663, 0.011133404448628426, -0.9981398582458496], [-0.04129042476415634, -0.14908476173877716, -0.6190572381019592], [-0.8597329258918762, -0.5320549011230469, -1.108397364616394], [-0.300577312707901, -0.06085798516869545, -0.7631257772445679], [-0.5216323137283325, -0.038333188742399216, -0.4022696316242218], [-0.3014461100101471, -0.19612793624401093, -1.3784778118133545], [-0.4291456341743469, -0.10982713848352432, -0.9100087285041809], [-0.27827510237693787, -0.09453374892473221, -0.6166018843650818], [0.9291965961456299, 0.44046756625175476, 0.1025722324848175], [-0.565768301486969, 0.06609737128019333, -0.1941324919462204], [0.6490027904510498, 0.26118308305740356, -0.1720380187034607]], "rhand_pose": [[0.006698748096823692, -0.2881917953491211, 0.8961696028709412], [0.17350466549396515, 0.08803162723779678, 1.233591914176941], [-0.08698567003011703, 0.15376435220241547, 0.37926995754241943], [-0.3468083441257477, -0.18778832256793976, 1.3332065343856812], [-0.1319570541381836, -0.024032192304730415, 1.0997463464736938], [-0.039986349642276764, 0.12890559434890747, 0.6761456727981567], [-0.9079316854476929, 0.45444637537002563, 1.263763427734375], [-0.32870402932167053, 0.10648567974567413, 0.8112229704856873], [-0.5207488536834717, 0.035775791853666306, 0.4631144404411316], [-0.3298042118549347, 0.208418607711792, 1.4072712659835815], [-0.4486933946609497, 0.12265630066394806, 1.0422172546386719], [-0.2692784070968628, 0.0867031067609787, 0.6817079782485962], [0.9288905262947083, -0.45110443234443665, -0.02229795604944229], [-0.5065457224845886, -0.04334455728530884, 0.17948360741138458], [0.6880054473876953, -0.27623870968818665, 0.18506449460983276]], "trans": [-0.2255381941795349, 0.7649394273757935, 1.7170023918151855], "focal": [1177.7945556640625, 1177.7945556640625], "princpt": [680.0, 384.0], "img_size_wh": [1360, 768], "pad_ratio": 0.0}