{"betas": [-0.3718138635158539, 0.12138376384973526, 0.24039366841316223, 0.15063992142677307, -0.1345306634902954, -0.27973154187202454, -0.04286772012710571, 0.06183385103940964, -0.2758192718029022, 0.020153706893324852], "root_pose": [3.140094041824341, -0.03632539510726929, 0.020163118839263916], "body_pose": [[-0.13476254045963287, 0.01624959334731102, 0.07907591015100479], [-0.14617116749286652, -0.01438349112868309, -0.09460514038801193], [0.29802101850509644, -0.02000354789197445, 0.018557151779532433], [0.4582069516181946, 0.0275124404579401, -0.04478532075881958], [0.44422832131385803, -0.018783535808324814, 0.0412110909819603], [0.04794009029865265, -0.00917578674852848, 0.0034591411240398884], [-0.1556144803762436, 0.11365616321563721, -0.03764672949910164], [-0.08466682583093643, -0.12856125831604004, 0.041908927261829376], [-0.07978073507547379, -0.018713917583227158, 0.006064429879188538], [-0.0006281209643930197, -0.0049016294069588184, -0.009734885767102242], [0.00757552357390523, -0.0042612627148628235, 0.009969701059162617], [0.19666264951229095, 0.015964042395353317, 0.020510034635663033], [0.028634194284677505, -0.2652394473552704, -0.04949188977479935], [0.047342028468847275, 0.09277623891830444, -0.07053539901971817], [-0.3087649643421173, 0.08911870419979095, -0.16201312839984894], [0.1941193789243698, -0.29030779004096985, -1.018935203552246], [0.14979305863380432, 0.23285512626171112, 1.207375168800354], [0.17915084958076477, -1.447998285293579, 0.23224420845508575], [0.061751462519168854, 1.5654027462005615, -0.3321572244167328], [-0.6138449311256409, -0.30485931038856506, 0.360003262758255], [-0.6276402473449707, 0.13702166080474854, -0.4387057423591614]], "jaw_pose": [0.05146082490682602, -0.020486829802393913, 0.006950927898287773], "leye_pose": [0.0, 0.0, 0.0], "reye_pose": [0.0, 0.0, 0.0], "lhand_pose": [[0.030028168112039566, 0.4942227900028229, -0.8408876657485962], [0.19475804269313812, -0.10407262295484543, -1.1254080533981323], [-0.08165594190359116, -0.13512223958969116, -0.28550371527671814], [-0.3232632577419281, 0.21815140545368195, -1.3270336389541626], [-0.12244816869497299, -0.0034718913957476616, -0.9038548469543457], [-0.04181171581149101, -0.13984523713588715, -0.552540123462677], [-0.917310357093811, -0.6225860118865967, -1.0792512893676758], [-0.266875684261322, -0.06906596571207047, -0.6777957677841187], [-0.5596092939376831, -0.04395401477813721, -0.3179212808609009], [-0.31167691946029663, -0.21743197739124298, -1.375028133392334], [-0.4340687692165375, -0.15060849487781525, -0.794060230255127], [-0.2656975984573364, -0.07090657949447632, -0.5779482126235962], [0.9186189770698547, 0.5345176458358765, 0.10337608307600021], [-0.5509814620018005, 0.04597245529294014, -0.1838667243719101], [0.6217036247253418, 0.24710312485694885, -0.13950325548648834]], "rhand_pose": [[0.035651374608278275, -0.3972543478012085, 0.7610262632369995], [0.1892825812101364, 0.07467292994260788, 0.9734116196632385], [-0.10089287161827087, 0.1329367756843567, 0.23926982283592224], [-0.3363785445690155, -0.15983536839485168, 1.1465424299240112], [-0.11617230623960495, -0.03630148246884346, 0.8097041845321655], [-0.035096779465675354, 0.10664492100477219, 0.48791012167930603], [-0.8993360996246338, 0.6307111978530884, 1.0545424222946167], [-0.20028167963027954, 0.06888576596975327, 0.5508672595024109], [-0.4982433617115021, 0.024158693850040436, 0.24592654407024384], [-0.3195323348045349, 0.23827823996543884, 1.2190576791763306], [-0.4273875057697296, 0.15696901082992554, 0.6756154894828796], [-0.23858827352523804, 0.06693021953105927, 0.5125609040260315], [0.8924181461334229, -0.6063075065612793, -0.047682251781225204], [-0.536622941493988, -0.026602866128087044, 0.15761159360408783], [0.6491395235061646, -0.21458561718463898, 0.1253223717212677]], "trans": [-0.18210548162460327, 0.8439501523971558, 1.823491096496582], "focal": [1177.7945556640625, 1177.7945556640625], "princpt": [680.0, 384.0], "img_size_wh": [1360, 768], "pad_ratio": 0.0}