{"betas": [-0.3717890679836273, 0.12140029668807983, 0.24043706059455872, 0.15064647793769836, -0.13453707098960876, -0.27971163392066956, -0.04287971556186676, 0.061817970126867294, -0.27579233050346375, 0.020146328955888748], "root_pose": [3.139772653579712, -0.040785111486911774, 0.030843256041407585], "body_pose": [[-0.14489297568798065, 0.01387015637010336, 0.07815002650022507], [-0.1362735629081726, -0.013590962626039982, -0.08715464174747467], [0.2979904115200043, -0.009935170412063599, 0.01831219159066677], [0.4632103443145752, 0.027291374281048775, -0.047493789345026016], [0.44643065333366394, -0.0212278813123703, 0.04012543708086014], [0.0445452556014061, -0.0020669770892709494, -0.003183959051966667], [-0.15079063177108765, 0.11546943336725235, -0.03917675465345383], [-0.09512706845998764, -0.1318669468164444, 0.035109132528305054], [-0.07684890925884247, -0.008627668023109436, -0.0020090711768716574], [0.00046290853060781956, -0.005664141848683357, -0.00804844219237566], [0.007318677380681038, -0.003240263322368264, 0.010098815895617008], [0.19022338092327118, 0.011673066765069962, 0.015156426467001438], [0.036360498517751694, -0.22802716493606567, -0.04798278585076332], [0.019453495740890503, 0.14862489700317383, -0.07997366786003113], [-0.3203335106372833, 0.08130151778459549, -0.1482282280921936], [0.20557725429534912, -0.2482648491859436, -1.0336532592773438], [0.1229104995727539, 0.2929270267486572, 1.182243824005127], [0.16041453182697296, -1.4407895803451538, 0.25532498955726624], [0.08114895224571228, 1.5754282474517822, -0.3458538353443146], [-0.56978839635849, -0.2400563508272171, 0.34387943148612976], [-0.6425939202308655, 0.1505846083164215, -0.4402378499507904]], "jaw_pose": [0.04979940503835678, -0.01523235347121954, -0.01597168669104576], "leye_pose": [0.0, 0.0, 0.0], "reye_pose": [0.0, 0.0, 0.0], "lhand_pose": [[0.04231676831841469, 0.4941102862358093, -0.8719941973686218], [0.19492070376873016, -0.0986170619726181, -1.1156703233718872], [-0.08192374557256699, -0.1377412974834442, -0.2862633466720581], [-0.3226069211959839, 0.22866463661193848, -1.3392118215560913], [-0.121222585439682, 0.0032034306786954403, -0.9079878926277161], [-0.04046039655804634, -0.14216680824756622, -0.5666043162345886], [-0.9660724997520447, -0.5875519514083862, -1.1487293243408203], [-0.2671123445034027, -0.07640690356492996, -0.7024174928665161], [-0.5562021732330322, -0.038421306759119034, -0.3316994309425354], [-0.3247658908367157, -0.21572810411453247, -1.4096393585205078], [-0.4335659146308899, -0.14498193562030792, -0.7998921275138855], [-0.2654780149459839, -0.07404995709657669, -0.5916767716407776], [0.9331615567207336, 0.5758155584335327, 0.07672098278999329], [-0.5404536128044128, 0.04610324278473854, -0.18130533397197723], [0.6278861165046692, 0.2530302107334137, -0.1514309048652649]], "rhand_pose": [[0.03909280151128769, -0.34516090154647827, 0.7082269787788391], [0.1764761060476303, 0.07787007838487625, 1.0134299993515015], [-0.09355699270963669, 0.13161703944206238, 0.2762607932090759], [-0.3373856842517853, -0.16090765595436096, 1.1388416290283203], [-0.12125712633132935, -0.027873696759343147, 0.8787587881088257], [-0.03822586312890053, 0.10769418627023697, 0.5260630249977112], [-0.8868489265441895, 0.5825685262680054, 1.0905144214630127], [-0.22164930403232574, 0.07866085320711136, 0.5960278511047363], [-0.4999954402446747, 0.02638511173427105, 0.2896382212638855], [-0.31813380122184753, 0.22334511578083038, 1.237107753753662], [-0.42630743980407715, 0.15107350051403046, 0.7650840878486633], [-0.24458958208560944, 0.07334156334400177, 0.5453357100486755], [0.8980194330215454, -0.5261642932891846, -0.043056003749370575], [-0.5304796695709229, -0.02678614668548107, 0.15916141867637634], [0.6554009318351746, -0.2188967764377594, 0.13135646283626556]], "trans": [-0.19584809243679047, 0.8388992547988892, 1.809487223625183], "focal": [1177.7945556640625, 1177.7945556640625], "princpt": [680.0, 384.0], "img_size_wh": [1360, 768], "pad_ratio": 0.0}