{"betas": [-0.3717883825302124, 0.12144479900598526, 0.2404930740594864, 0.15067560970783234, -0.13447454571723938, -0.27969327569007874, -0.04299651086330414, 0.06179521232843399, -0.2757818400859833, 0.020174378529191017], "root_pose": [3.106131076812744, -0.062060657888650894, 0.056855037808418274], "body_pose": [[-0.1743527054786682, 0.005600916687399149, 0.05929875001311302], [-0.12731195986270905, -0.0007176200160756707, -0.07451757788658142], [0.29270118474960327, 0.01167109701782465, 0.018849730491638184], [0.5214863419532776, 0.027789166197180748, -0.057723268866539], [0.5220564007759094, -0.01569930836558342, 0.03778037056326866], [0.04874025285243988, 0.01648044027388096, -0.016096701845526695], [-0.17153596878051758, 0.12087094783782959, -0.04079652577638626], [-0.13897715508937836, -0.13658185303211212, 0.029349349439144135], [-0.06639838963747025, 0.017369436100125313, -0.016819525510072708], [0.0026139456313103437, -0.005246135406196117, -0.005253275856375694], [0.009678374044597149, -0.0009695094195194542, 0.004459807649254799], [0.19471068680286407, -0.010491899214684963, -0.0033712254371494055], [0.07003344595432281, -0.1622261106967926, -0.01623724214732647], [-0.03166729211807251, 0.23796617984771729, -0.09657400846481323], [-0.3485696017742157, 0.061166226863861084, -0.09550151228904724], [0.2572942078113556, -0.1678214967250824, -1.0597187280654907], [0.06675204634666443, 0.38881662487983704, 1.0698386430740356], [-0.3980473577976227, 4.59359884262085, -0.8245776295661926], [0.07363397628068924, 1.6450291872024536, -0.3354796767234802], [-0.6489479541778564, -0.2175503820180893, 0.2598768472671509], [-0.7093477249145508, 0.15729403495788574, -0.39291879534721375]], "jaw_pose": [0.04147292301058769, -0.005326153244823217, -0.07609733194112778], "leye_pose": [0.0, 0.0, 0.0], "reye_pose": [0.0, 0.0, 0.0], "lhand_pose": [[0.0412701815366745, 0.45884719491004944, -0.8332122564315796], [0.18783438205718994, -0.09937357902526855, -1.1163948774337769], [-0.08605968952178955, -0.13429050147533417, -0.2835448682308197], [-0.3066962957382202, 0.21394650638103485, -1.2766591310501099], [-0.1161317452788353, 0.01325878407806158, -0.9040166735649109], [-0.039737727493047714, -0.15138818323612213, -0.5494468808174133], [-0.9356533288955688, -0.5741337537765503, -1.0806119441986084], [-0.24121502041816711, -0.05979352444410324, -0.6792994737625122], [-0.5400671362876892, -0.025005724281072617, -0.31559038162231445], [-0.3156585097312927, -0.20575936138629913, -1.335760235786438], [-0.4169047772884369, -0.11406230926513672, -0.7784063816070557], [-0.27016228437423706, -0.09183374047279358, -0.5630208253860474], [0.9518536329269409, 0.5687490701675415, 0.053395550698041916], [-0.5581995248794556, 0.05072209611535072, -0.16730903089046478], [0.6451464891433716, 0.23718169331550598, -0.16859187185764313]], "rhand_pose": [[0.03524700552225113, -0.2897379398345947, 0.6778586506843567], [0.16531498730182648, 0.07745382189750671, 1.0505175590515137], [-0.08488548547029495, 0.13522060215473175, 0.3159514367580414], [-0.332171767950058, -0.16774149239063263, 1.1487427949905396], [-0.1243370994925499, -0.027607159689068794, 0.951982319355011], [-0.03850725665688515, 0.11543640494346619, 0.5557172894477844], [-0.8725902438163757, 0.49511823058128357, 1.1072341203689575], [-0.23043985664844513, 0.08290635794401169, 0.6412652134895325], [-0.4968741834163666, 0.0185072161257267, 0.31864556670188904], [-0.31294092535972595, 0.20325084030628204, 1.2437082529067993], [-0.41671767830848694, 0.12759087979793549, 0.8492159843444824], [-0.2531433701515198, 0.08561147749423981, 0.5698696374893188], [0.9135230183601379, -0.4673822224140167, -0.029691511765122414], [-0.531205415725708, -0.026451444253325462, 0.16018714010715485], [0.6731317639350891, -0.22697623074054718, 0.13947321474552155]], "trans": [-0.20932672917842865, 0.7964541912078857, 1.769089937210083], "focal": [1177.7945556640625, 1177.7945556640625], "princpt": [680.0, 384.0], "img_size_wh": [1360, 768], "pad_ratio": 0.0}