{"betas": [-0.37176454067230225, 0.12148186564445496, 0.2404295653104782, 0.1506790667772293, -0.13453353941440582, -0.2796655297279358, -0.043117038905620575, 0.06178304925560951, -0.2758080065250397, 0.02011476270854473], "root_pose": [3.0753226280212402, -0.06608282029628754, 0.0769869014620781], "body_pose": [[-0.19018390774726868, -0.0018802685663104057, 0.0475580170750618], [-0.1304464340209961, 0.012975954450666904, -0.07154273986816406], [0.28634536266326904, 0.02513197995722294, 0.014896971173584461], [0.549390435218811, 0.03134927153587341, -0.059459343552589417], [0.5762977004051208, -0.0062864432111382484, 0.03883634880185127], [0.042435020208358765, 0.029286758974194527, -0.02376631461083889], [-0.1751580685377121, 0.13047508895397186, -0.041212666779756546], [-0.14893285930156708, -0.12652692198753357, 0.03137509152293205], [-0.07016663253307343, 0.03333821892738342, -0.029983965680003166], [0.004120074212551117, -0.004223623778671026, -0.0033189200330525637], [0.010992282070219517, -0.0005131096695549786, 0.001766020548529923], [0.24296274781227112, -0.019739575684070587, -0.014955964870750904], [0.08995770663022995, -0.12754866480827332, 0.0048974500969052315], [-0.05781431123614311, 0.2940949499607086, -0.0764923244714737], [-0.3383617103099823, 0.0417039692401886, -0.03728245571255684], [0.2843420207500458, -0.12354259192943573, -1.0614863634109497], [0.04360783472657204, 0.43952035903930664, 1.022964358329773], [-0.26960301399230957, 4.520718097686768, -0.7750136256217957], [0.06303535401821136, 1.6866085529327393, -0.32360246777534485], [-0.8486737012863159, -0.12608589231967926, 0.2560897171497345], [-0.7285569906234741, 0.09903894364833832, -0.4083325266838074]], "jaw_pose": [0.035929009318351746, 0.0018216597381979227, -0.12036458402872086], "leye_pose": [0.0, 0.0, 0.0], "reye_pose": [0.0, 0.0, 0.0], "lhand_pose": [[0.02597416564822197, 0.42858728766441345, -0.8279640674591064], [0.18497757613658905, -0.103420190513134, -1.1934545040130615], [-0.08802422881126404, -0.1399669200181961, -0.3154620826244354], [-0.3063487708568573, 0.2225300818681717, -1.3054101467132568], [-0.12229007482528687, 0.011188693344593048, -0.9825698137283325], [-0.04110352694988251, -0.15246234834194183, -0.604011595249176], [-0.8933061361312866, -0.5406011939048767, -1.105286717414856], [-0.28321531414985657, -0.05806030333042145, -0.7415884137153625], [-0.5298992395401001, -0.031193653121590614, -0.3797948360443115], [-0.30850735306739807, -0.19825652241706848, -1.365883469581604], [-0.423941969871521, -0.10738863050937653, -0.8784042596817017], [-0.2783416509628296, -0.0976385846734047, -0.6014740467071533], [0.9436346292495728, 0.47470197081565857, 0.09101710468530655], [-0.5711956024169922, 0.06244612857699394, -0.18311522901058197], [0.6529672145843506, 0.2521796226501465, -0.17314410209655762]], "rhand_pose": [[0.016247611492872238, -0.28278666734695435, 0.8386408090591431], [0.16912759840488434, 0.08504673093557358, 1.1884181499481201], [-0.08387875556945801, 0.15096768736839294, 0.3670327663421631], [-0.3433138132095337, -0.1798764020204544, 1.2842249870300293], [-0.12900933623313904, -0.02533777430653572, 1.0728877782821655], [-0.03856946527957916, 0.12636283040046692, 0.6505709290504456], [-0.9041157960891724, 0.44787293672561646, 1.231370210647583], [-0.30728697776794434, 0.10146752744913101, 0.7737206816673279], [-0.5164433717727661, 0.030745506286621094, 0.4293106198310852], [-0.325948566198349, 0.20464693009853363, 1.3669804334640503], [-0.4379780888557434, 0.12160581350326538, 1.0006581544876099], [-0.2656247317790985, 0.08940619975328445, 0.6581851840019226], [0.9324614405632019, -0.4564758837223053, -0.01638423651456833], [-0.5182901620864868, -0.03847304359078407, 0.169961616396904], [0.6865054965019226, -0.2665804922580719, 0.17256316542625427]], "trans": [-0.21873867511749268, 0.7626200914382935, 1.7297205924987793], "focal": [1177.7945556640625, 1177.7945556640625], "princpt": [680.0, 384.0], "img_size_wh": [1360, 768], "pad_ratio": 0.0}