{"betas": [-0.37176787853240967, 0.12143409252166748, 0.24047762155532837, 0.1506820023059845, -0.13449838757514954, -0.27970069646835327, -0.04312245547771454, 0.06176803261041641, -0.27579036355018616, 0.020194148644804955], "root_pose": [3.087923765182495, -0.06799467653036118, 0.06905872374773026], "body_pose": [[-0.18822674453258514, -0.0009074500994756818, 0.04756264016032219], [-0.12467782944440842, 0.009132380597293377, -0.06966238468885422], [0.2896662950515747, 0.019920088350772858, 0.01747157983481884], [0.5484779477119446, 0.030680110678076744, -0.05905286967754364], [0.5629615783691406, -0.008087708614766598, 0.037827398627996445], [0.04676097631454468, 0.024843623861670494, -0.020709706470370293], [-0.17817361652851105, 0.12508003413677216, -0.0415184386074543], [-0.15023764967918396, -0.13294617831707, 0.030649885535240173], [-0.06731032580137253, 0.02668565884232521, -0.023741502314805984], [0.003276639152318239, -0.0046891323290765285, -0.004588870331645012], [0.0104812141507864, -0.0006158857140690088, 0.001480530365370214], [0.2153480499982834, -0.017923131585121155, -0.009874274022877216], [0.08454176038503647, -0.14135052263736725, -0.005127854645252228], [-0.046543821692466736, 0.2685355246067047, -0.08715316653251648], [-0.3467633128166199, 0.05008191615343094, -0.06539283692836761], [0.27600130438804626, -0.1399068683385849, -1.0635288953781128], [0.0508953295648098, 0.41777312755584717, 1.0313196182250977], [-0.3369496464729309, 4.547086715698242, -0.7938718795776367], [0.06981076300144196, 1.6738494634628296, -0.32894596457481384], [-0.7440774440765381, -0.18169720470905304, 0.2442985624074936], [-0.7134237885475159, 0.1333988904953003, -0.4008099436759949]], "jaw_pose": [0.03777042031288147, -0.0014199023135006428, -0.10253974050283432], "leye_pose": [0.0, 0.0, 0.0], "reye_pose": [0.0, 0.0, 0.0], "lhand_pose": [[0.03360963612794876, 0.4398130178451538, -0.82633376121521], [0.1850789487361908, -0.10321599245071411, -1.1550164222717285], [-0.0874037891626358, -0.13662198185920715, -0.2983500063419342], [-0.30501416325569153, 0.2153281271457672, -1.2784419059753418], [-0.11806690692901611, 0.012759460136294365, -0.9429606199264526], [-0.04056416451931, -0.1537117213010788, -0.5734502673149109], [-0.9161863327026367, -0.5571742057800293, -1.0819965600967407], [-0.25784435868263245, -0.056797195225954056, -0.7059735059738159], [-0.5356600284576416, -0.025899872183799744, -0.3445850908756256], [-0.3115527629852295, -0.19991904497146606, -1.3373124599456787], [-0.41784775257110596, -0.10646497458219528, -0.8238456845283508], [-0.2754163444042206, -0.09673086553812027, -0.5778841972351074], [0.9508473873138428, 0.5244497656822205, 0.06941065192222595], [-0.5667390823364258, 0.05662286654114723, -0.17086608707904816], [0.6520820260047913, 0.24077457189559937, -0.173695906996727]], "rhand_pose": [[0.027046987786889076, -0.2854778468608856, 0.7343994975090027], [0.16579729318618774, 0.0797964558005333, 1.1065150499343872], [-0.08370324969291687, 0.14219750463962555, 0.33869755268096924], [-0.3356759250164032, -0.17186760902404785, 1.2017396688461304], [-0.12629519402980804, -0.027247263118624687, 1.0103224515914917], [-0.037737008184194565, 0.12056908011436462, 0.5956425070762634], [-0.8808695673942566, 0.47008538246154785, 1.1501637697219849], [-0.2641313076019287, 0.08983161300420761, 0.6958982944488525], [-0.5033508539199829, 0.02363886497914791, 0.3645614981651306], [-0.31610214710235596, 0.2033706158399582, 1.286048173904419], [-0.4231545329093933, 0.12227775901556015, 0.9169934391975403], [-0.25844189524650574, 0.08963213115930557, 0.6054847240447998], [0.9227339029312134, -0.4614841043949127, -0.01976938545703888], [-0.5262614488601685, -0.03264740854501724, 0.1618986427783966], [0.6811601519584656, -0.24481458961963654, 0.153094083070755]], "trans": [-0.21422995626926422, 0.7748336791992188, 1.7475824356079102], "focal": [1177.7945556640625, 1177.7945556640625], "princpt": [680.0, 384.0], "img_size_wh": [1360, 768], "pad_ratio": 0.0}