{"betas": [-0.37189731001853943, 0.12125062942504883, 0.24041199684143066, 0.15055173635482788, -0.13448543846607208, -0.27972185611724854, -0.04278574138879776, 0.061855249106884, -0.2757560908794403, 0.020109688863158226], "root_pose": [3.1036393642425537, -0.03464360535144806, 0.00391732482239604], "body_pose": [[-0.11027637869119644, 0.013354392722249031, 0.05425228178501129], [-0.2329525351524353, 0.012739217840135098, -0.09265059232711792], [0.29704749584198, -0.03876657783985138, 0.027151500806212425], [0.5199836492538452, 0.012433615513145924, -0.04704451560974121], [0.557761013507843, -0.010587289929389954, 0.04075911268591881], [0.08167917281389236, -0.0194613728672266, 0.019176792353391647], [-0.21202373504638672, 0.11711491644382477, -0.02702232636511326], [-0.10038416087627411, -0.1017049178481102, 0.04914689064025879], [-0.06540188193321228, -0.031377218663692474, 0.011717327870428562], [0.001594033557921648, -0.00578628946095705, -0.008980011567473412], [0.010346515104174614, -0.00296359253115952, 0.006538087967783213], [0.2504589557647705, 0.012763691134750843, 0.017183709889650345], [-0.02744975872337818, -0.3261512517929077, 0.034570686519145966], [0.11390633136034012, -0.027977650985121727, -0.10623235255479813], [-0.37040331959724426, 0.11330193281173706, -0.19120508432388306], [0.10787021368741989, -0.41101324558258057, -0.9760537147521973], [0.22713018953800201, 0.07691545784473419, 1.210130214691162], [-0.31719905138015747, 4.369687557220459, -0.7310895919799805], [-0.0022836830466985703, 1.7472491264343262, -0.32846519351005554], [-0.7733839154243469, -0.291357159614563, 0.1840772181749344], [-0.8289234042167664, 0.1204860731959343, -0.16017979383468628]], "jaw_pose": [0.05719178542494774, -0.030923424288630486, 0.02361995540559292], "leye_pose": [0.0, 0.0, 0.0], "reye_pose": [0.0, 0.0, 0.0], "lhand_pose": [[0.023898448795080185, 0.38841450214385986, -0.696082592010498], [0.17836008965969086, -0.10961172729730606, -1.1093087196350098], [-0.06817647814750671, -0.12761321663856506, -0.32061710953712463], [-0.29252293705940247, 0.1855870485305786, -1.2307730913162231], [-0.11614539474248886, 0.0032218105625361204, -0.871277391910553], [-0.04694033041596413, -0.13969482481479645, -0.5250277519226074], [-0.7776271104812622, -0.5265650153160095, -0.9671601057052612], [-0.23556175827980042, -0.05026301369071007, -0.6335909366607666], [-0.5614100694656372, -0.03938928619027138, -0.2825168967247009], [-0.26860904693603516, -0.1571837216615677, -1.251262903213501], [-0.4091036021709442, -0.11774690449237823, -0.7509179711341858], [-0.27681389451026917, -0.09211617708206177, -0.5355552434921265], [0.9184903502464294, 0.38212960958480835, 0.1003277525305748], [-0.5740998983383179, 0.05124451220035553, -0.19867119193077087], [0.6327333450317383, 0.24631787836551666, -0.1283787488937378]], "rhand_pose": [[0.010961274616420269, -0.4043728709220886, 0.819888710975647], [0.19917628169059753, 0.06223167106509209, 0.8927634954452515], [-0.09860248863697052, 0.13114897906780243, 0.2084796130657196], [-0.3114017844200134, -0.15753047168254852, 1.1022191047668457], [-0.10516148805618286, -0.04232487827539444, 0.6994491219520569], [-0.03185713291168213, 0.10410760343074799, 0.40581128001213074], [-0.8414600491523743, 0.6168565154075623, 0.9415611028671265], [-0.1583414077758789, 0.0434999093413353, 0.48394811153411865], [-0.46370506286621094, -0.001570531283505261, 0.17057304084300995], [-0.2770657539367676, 0.2333187311887741, 1.1230045557022095], [-0.3984884023666382, 0.131714329123497, 0.55055832862854], [-0.23225252330303192, 0.06473348289728165, 0.4474836587905884], [0.8793414831161499, -0.5676482915878296, -0.09226354211568832], [-0.564391553401947, -0.029411442577838898, 0.16828778386116028], [0.6495235562324524, -0.21033744513988495, 0.09716922044754028]], "trans": [-0.13498730957508087, 0.7879185676574707, 1.8643237352371216], "focal": [1177.7945556640625, 1177.7945556640625], "princpt": [680.0, 384.0], "img_size_wh": [1360, 768], "pad_ratio": 0.0}