{"betas": [-0.371847927570343, 0.12128983438014984, 0.24037237465381622, 0.15059831738471985, -0.13456109166145325, -0.2797333598136902, -0.042873457074165344, 0.0618303008377552, -0.2758070230484009, 0.0201591644436121], "root_pose": [3.1258318424224854, -0.03819563612341881, 0.01293951366096735], "body_pose": [[-0.12302087247371674, 0.016577165573835373, 0.07451663911342621], [-0.16410978138446808, -0.010565338656306267, -0.09855344146490097], [0.2941382825374603, -0.02709905616939068, 0.02164348028600216], [0.4650380313396454, 0.02225613221526146, -0.04605625197291374], [0.46671152114868164, -0.016432110220193863, 0.041692376136779785], [0.06007004901766777, -0.015217828564345837, 0.011369775980710983], [-0.17167750000953674, 0.116892009973526, -0.034932564944028854], [-0.08684828132390976, -0.12026669085025787, 0.04784415662288666], [-0.07431785762310028, -0.02232074923813343, 0.012330093421041965], [-0.00048371145385317504, -0.004334242548793554, -0.00978580117225647], [0.00886868592351675, -0.0034302540589123964, 0.010874628089368343], [0.21825408935546875, 0.01528642326593399, 0.020212998613715172], [0.018904581665992737, -0.2941475510597229, -0.030790794640779495], [0.07022850215435028, 0.03877478837966919, -0.08334055542945862], [-0.32522860169410706, 0.09730052202939987, -0.1700301468372345], [0.18299338221549988, -0.3346019685268402, -1.0005780458450317], [0.17468208074569702, 0.17047546803951263, 1.217738151550293], [0.18771041929721832, -1.5340343713760376, 0.22587822377681732], [0.013843050226569176, 1.6054435968399048, -0.3117133677005768], [-0.6860010027885437, -0.37788400053977966, 0.319611132144928], [-0.7067527770996094, 0.11004793643951416, -0.3410736620426178]], "jaw_pose": [0.05490335077047348, -0.027189770713448524, 0.025594661012291908], "leye_pose": [0.0, 0.0, 0.0], "reye_pose": [0.0, 0.0, 0.0], "lhand_pose": [[0.022419936954975128, 0.47669145464897156, -0.7663173079490662], [0.1920558214187622, -0.10868489742279053, -1.114954948425293], [-0.08293947577476501, -0.1299150437116623, -0.2769118845462799], [-0.31519559025764465, 0.2023383229970932, -1.2848621606826782], [-0.12030189484357834, -0.002343069761991501, -0.8703270554542542], [-0.04273732751607895, -0.13999368250370026, -0.510962724685669], [-0.8425847887992859, -0.63853919506073, -0.9718935489654541], [-0.23650434613227844, -0.05359388515353203, -0.6183705925941467], [-0.5583443641662598, -0.04141324386000633, -0.2675260901451111], [-0.290261834859848, -0.2066645324230194, -1.306620478630066], [-0.42315205931663513, -0.14151927828788757, -0.7470924854278564], [-0.26514899730682373, -0.07691887766122818, -0.5324780344963074], [0.9080673456192017, 0.4800410568714142, 0.12053825706243515], [-0.5739660859107971, 0.04709063097834587, -0.18193559348583221], [0.6240110993385315, 0.23510733246803284, -0.13034342229366302]], "rhand_pose": [[0.0312491562217474, -0.43205177783966064, 0.8119447231292725], [0.19981427490711212, 0.0697970986366272, 0.9252997040748596], [-0.10502371191978455, 0.13532838225364685, 0.20716272294521332], [-0.3295091986656189, -0.16558091342449188, 1.150975227355957], [-0.10919266939163208, -0.046075090765953064, 0.7332296967506409], [-0.032679203897714615, 0.10787038505077362, 0.44089311361312866], [-0.9060690402984619, 0.6435790657997131, 1.0308910608291626], [-0.1647762954235077, 0.05784062296152115, 0.509046733379364], [-0.4935853183269501, 0.01180685218423605, 0.19148632884025574], [-0.3152729272842407, 0.24196846783161163, 1.2050949335098267], [-0.4202137291431427, 0.15153086185455322, 0.57961505651474], [-0.23392505943775177, 0.06254258006811142, 0.47580453753471375], [0.8945200443267822, -0.667890727519989, -0.05198316276073456], [-0.551647424697876, -0.02311624214053154, 0.15508751571178436], [0.6501901745796204, -0.20843489468097687, 0.12004075944423676]], "trans": [-0.16166938841342926, 0.8321707248687744, 1.835585594177246], "focal": [1177.7945556640625, 1177.7945556640625], "princpt": [680.0, 384.0], "img_size_wh": [1360, 768], "pad_ratio": 0.0}