{"betas": [-0.3718782067298889, 0.1212993785738945, 0.24017712473869324, 0.15069980919361115, -0.13454505801200867, -0.2795999348163605, -0.043225206434726715, 0.061812881380319595, -0.2756333649158478, 0.01995936594903469], "root_pose": [3.0418872833251953, -0.027433153241872787, 0.1402641087770462], "body_pose": [[-0.17594866454601288, 0.019346458837389946, 0.0956372618675232], [-0.18964256346225739, -0.01018536277115345, -0.10152829438447952], [0.3056353032588959, -0.008169149979948997, 0.0034027460496872663], [0.5020657777786255, 0.0331590510904789, -0.05882294848561287], [0.5359137058258057, -0.019918110221624374, 0.04996434971690178], [0.07016116380691528, 0.002160464646294713, -0.007408480625599623], [-0.13412557542324066, 0.10353570431470871, -0.04718849062919617], [-0.10227710008621216, -0.09413957595825195, 0.03642594441771507], [-0.0838659256696701, -0.00973340030759573, -0.007014166563749313], [0.002621368272230029, -0.00464828684926033, -0.0016132177552208304], [0.011949910782277584, -0.006118263117969036, 0.005994291044771671], [0.24279777705669403, 0.00926506519317627, 0.022267822176218033], [-0.06764435768127441, -0.30670562386512756, -0.07000014930963516], [0.07753735780715942, 0.13994942605495453, -0.027154212817549706], [-0.2862221896648407, 0.07499344646930695, -0.08482260257005692], [0.013183671049773693, -0.3791728615760803, -0.9021946787834167], [0.22109843790531158, 0.21514469385147095, 1.179128646850586], [0.12108287960290909, 4.337067127227783, -1.0352996587753296], [0.1474766731262207, 1.6094553470611572, -0.332193523645401], [-0.9129819869995117, -0.057508859783411026, 0.11085326224565506], [-0.6093148589134216, 0.1634553223848343, -0.4981139302253723]], "jaw_pose": [0.05137547105550766, -0.024444079026579857, 0.011667316779494286], "leye_pose": [0.0, 0.0, 0.0], "reye_pose": [0.0, 0.0, 0.0], "lhand_pose": [[0.044823091477155685, 0.3308393061161041, -0.6798611879348755], [0.1730143427848816, -0.09332321584224701, -0.964505672454834], [-0.08289864659309387, -0.132017120718956, -0.2759455740451813], [-0.2955070734024048, 0.2165646255016327, -1.2616431713104248], [-0.12264885753393173, 0.03372541815042496, -0.8925535678863525], [-0.03968115523457527, -0.13861685991287231, -0.5153165459632874], [-0.74943608045578, -0.45704537630081177, -1.0001264810562134], [-0.24185888469219208, -0.06980566680431366, -0.6693374514579773], [-0.5233998894691467, -0.03475892171263695, -0.3099319040775299], [-0.2624348998069763, -0.11224440485239029, -1.321607232093811], [-0.41288068890571594, -0.10580358654260635, -0.8001113533973694], [-0.2643395960330963, -0.08522173762321472, -0.5414310097694397], [0.9428437948226929, 0.43736398220062256, -0.00044106802670285106], [-0.5346618294715881, 0.04584036394953728, -0.17075467109680176], [0.6529465913772583, 0.23394884169101715, -0.17709042131900787]], "rhand_pose": [[0.02473393827676773, -0.3493066728115082, 0.695245087146759], [0.1705417037010193, 0.06633277982473373, 0.9593184590339661], [-0.08786531537771225, 0.12236133962869644, 0.27061519026756287], [-0.3177470564842224, -0.1679256409406662, 1.0342029333114624], [-0.11854696273803711, -0.026301473379135132, 0.8516348004341125], [-0.0351429246366024, 0.10585381090641022, 0.4975457787513733], [-0.8239559531211853, 0.5947740077972412, 0.971484363079071], [-0.2276877909898758, 0.06510284543037415, 0.5916838049888611], [-0.4843308627605438, 0.0172379482537508, 0.28368693590164185], [-0.2825855612754822, 0.2245972752571106, 1.1341078281402588], [-0.4102270305156708, 0.13633310794830322, 0.7491793036460876], [-0.24187491834163666, 0.07472654432058334, 0.5343183279037476], [0.8910073637962341, -0.4495394229888916, -0.058258287608623505], [-0.5168522000312805, -0.043197013437747955, 0.15298517048358917], [0.65371173620224, -0.21166449785232544, 0.1415061205625534]], "trans": [-0.24980852007865906, 0.7763580083847046, 1.6717077493667603], "focal": [1177.7945556640625, 1177.7945556640625], "princpt": [680.0, 384.0], "img_size_wh": [1360, 768], "pad_ratio": 0.0}