{"betas": [-0.37189531326293945, 0.12131164222955704, 0.24028225243091583, 0.1507408618927002, -0.13457627594470978, -0.2795749008655548, -0.043213412165641785, 0.06178642436861992, -0.27558568120002747, 0.019906872883439064], "root_pose": [2.9548797607421875, -0.0016331677325069904, 0.12624594569206238], "body_pose": [[-0.16666914522647858, 0.015962308272719383, 0.08297205716371536], [-0.19214819371700287, 0.004072966054081917, -0.09444033354520798], [0.2976948916912079, -0.023559873923659325, 0.010376209393143654], [0.503995954990387, 0.027086593210697174, -0.04784184321761131], [0.5404660701751709, -0.002793134655803442, 0.03928731381893158], [0.09954839944839478, -0.004533229395747185, 0.0026589855551719666], [-0.14641137421131134, 0.10599078238010406, -0.04207795113325119], [-0.10786260664463043, -0.0912250429391861, 0.045827511698007584], [-0.0620795376598835, -0.02750391885638237, 0.004721213597804308], [0.004455221351236105, -0.0027738153003156185, -0.009249183349311352], [0.010238639079034328, -0.010047432966530323, 0.0026473968755453825], [0.2795930504798889, 0.015325038693845272, 0.0069219195283949375], [-0.05878683552145958, -0.3075283169746399, -0.011239753104746342], [0.10067203640937805, 0.0704459473490715, -0.0018615482840687037], [-0.3111783266067505, 0.10065760463476181, -0.13698571920394897], [0.023734349757432938, -0.40253227949142456, -0.9011988639831543], [0.21783912181854248, 0.1306518316268921, 1.1418309211730957], [0.05869264155626297, 4.225936412811279, -0.9427154660224915], [0.10241992026567459, 1.6018503904342651, -0.3510209918022156], [-0.9103813767433167, 0.023699751123785973, 0.028403624892234802], [-0.494506299495697, 0.16083723306655884, -0.42904630303382874]], "jaw_pose": [0.04328856244683266, -0.02707911841571331, -0.005294734612107277], "leye_pose": [0.0, 0.0, 0.0], "reye_pose": [0.0, 0.0, 0.0], "lhand_pose": [[0.052235912531614304, 0.31746014952659607, -0.7170178890228271], [0.16705457866191864, -0.10436499863862991, -1.0516093969345093], [-0.07073590159416199, -0.12994791567325592, -0.3217533826828003], [-0.29137423634529114, 0.22169020771980286, -1.2528495788574219], [-0.12311556935310364, 0.029510317370295525, -0.9145760536193848], [-0.04359797015786171, -0.14341942965984344, -0.5534369945526123], [-0.8178828954696655, -0.31197991967201233, -1.124165415763855], [-0.23374508321285248, -0.07942510396242142, -0.737693727016449], [-0.5509580373764038, -0.01682349108159542, -0.35285240411758423], [-0.2675710618495941, -0.06453903764486313, -1.3247053623199463], [-0.41090258955955505, -0.08765479922294617, -0.8632106184959412], [-0.28151974081993103, -0.09718093276023865, -0.5802890658378601], [0.9808340668678284, 0.3341536819934845, -0.007360717281699181], [-0.558436930179596, 0.04429808259010315, -0.1770501285791397], [0.6906770467758179, 0.2337765246629715, -0.19263528287410736]], "rhand_pose": [[0.021576466038823128, -0.3244819641113281, 0.7099258303642273], [0.1613674759864807, 0.0658891424536705, 0.9451555013656616], [-0.07727169990539551, 0.12013319134712219, 0.28247109055519104], [-0.3178979158401489, -0.14111244678497314, 1.0210155248641968], [-0.11898965388536453, -0.026539288461208344, 0.8427072167396545], [-0.03589225560426712, 0.10024955868721008, 0.47725990414619446], [-0.786980152130127, 0.5881555676460266, 0.9069373607635498], [-0.23068469762802124, 0.05648985505104065, 0.5955917835235596], [-0.4790564477443695, 0.01290819700807333, 0.27845999598503113], [-0.26153257489204407, 0.2252599000930786, 1.0794744491577148], [-0.4075239896774292, 0.12218549847602844, 0.75338214635849], [-0.24372440576553345, 0.06886790692806244, 0.531065821647644], [0.9052421450614929, -0.45655694603919983, -0.07106080651283264], [-0.5411522388458252, -0.04215863347053528, 0.16018550097942352], [0.6825073957443237, -0.21359902620315552, 0.1361280381679535]], "trans": [-0.25328806042671204, 0.7319090366363525, 1.6293781995773315], "focal": [1177.7945556640625, 1177.7945556640625], "princpt": [680.0, 384.0], "img_size_wh": [1360, 768], "pad_ratio": 0.0}