{"betas": [-0.37190720438957214, 0.1212831661105156, 0.2402675300836563, 0.1507740020751953, -0.1345851570367813, -0.27957579493522644, -0.04317212104797363, 0.06175774708390236, -0.2755429148674011, 0.019986484199762344], "root_pose": [2.940837860107422, 0.006256519351154566, 0.12357475608587265], "body_pose": [[-0.16571933031082153, 0.014633232727646828, 0.07731126248836517], [-0.18632711470127106, 0.006789643317461014, -0.09256087243556976], [0.2931317985057831, -0.028404954820871353, 0.014459039084613323], [0.5067238807678223, 0.02677418291568756, -0.04637451469898224], [0.528633713722229, 0.0015654155286028981, 0.038843050599098206], [0.10559484362602234, -0.0065248990431427956, 0.007845820859074593], [-0.15452151000499725, 0.10553762316703796, -0.03967883065342903], [-0.10781338065862656, -0.09254153817892075, 0.04794558882713318], [-0.0564153678715229, -0.03209827467799187, 0.011190934106707573], [0.004270546603947878, -0.003189339768141508, -0.012384971603751183], [0.009747106581926346, -0.011179395951330662, 0.0023577564861625433], [0.2996451258659363, 0.01829744689166546, -0.0005618799477815628], [-0.057514533400535583, -0.3130737841129303, 0.011251639574766159], [0.09471417218446732, 0.05226641148328781, 0.005832196678966284], [-0.31068524718284607, 0.10678450763225555, -0.1520737111568451], [0.03649774193763733, -0.41050735116004944, -0.9121614098548889], [0.20323477685451508, 0.10633181780576706, 1.122361660003662], [0.03834494575858116, 4.234405040740967, -0.9023565053939819], [0.06299296766519547, 1.580324411392212, -0.3547222316265106], [-0.9064542055130005, 0.008032720535993576, 0.017443418502807617], [-0.5493473410606384, 0.14797814190387726, -0.32799336314201355]], "jaw_pose": [0.04376651346683502, -0.024941150099039078, -0.008912439458072186], "leye_pose": [0.0, 0.0, 0.0], "reye_pose": [0.0, 0.0, 0.0], "lhand_pose": [[0.05062194541096687, 0.33582553267478943, -0.722406804561615], [0.16722728312015533, -0.10660559684038162, -1.0709489583969116], [-0.06780976057052612, -0.12908662855625153, -0.3310147225856781], [-0.29162874817848206, 0.22387392818927765, -1.2488704919815063], [-0.12215248495340347, 0.028130799531936646, -0.9096078276634216], [-0.04486659914255142, -0.14138616621494293, -0.5541364550590515], [-0.8126055598258972, -0.3079555332660675, -1.1218218803405762], [-0.23017731308937073, -0.07755018770694733, -0.7333412766456604], [-0.557783305644989, -0.01590712182223797, -0.34929096698760986], [-0.2694014608860016, -0.05782870575785637, -1.3049126863479614], [-0.40896788239479065, -0.08623836934566498, -0.8593625426292419], [-0.28453734517097473, -0.09860004484653473, -0.5775830149650574], [0.9735944867134094, 0.31309816241264343, 0.013396082445979118], [-0.5703924298286438, 0.0448312982916832, -0.18334199488162994], [0.6961595416069031, 0.23375636339187622, -0.1826278418302536]], "rhand_pose": [[0.016159294173121452, -0.3479938209056854, 0.7527400851249695], [0.1670992225408554, 0.06443613767623901, 0.9479004740715027], [-0.07763902097940445, 0.12267064303159714, 0.2794272005558014], [-0.31907397508621216, -0.14763988554477692, 1.0659860372543335], [-0.11940736323595047, -0.02748304419219494, 0.8338738679885864], [-0.035774603486061096, 0.10093224048614502, 0.47034284472465515], [-0.7976443767547607, 0.5962643027305603, 0.9262872934341431], [-0.23142465949058533, 0.0583915151655674, 0.5956843495368958], [-0.4817402958869934, 0.013420808129012585, 0.2717604637145996], [-0.26359325647354126, 0.2310289889574051, 1.109235405921936], [-0.41145917773246765, 0.12394212186336517, 0.7431973218917847], [-0.2453332096338272, 0.06751573830842972, 0.528619110584259], [0.9095924496650696, -0.4944726824760437, -0.07377638667821884], [-0.5502663254737854, -0.040895357728004456, 0.17195002734661102], [0.6877851486206055, -0.22112883627414703, 0.12796244025230408]], "trans": [-0.25341206789016724, 0.7260919809341431, 1.620949149131775], "focal": [1177.7945556640625, 1177.7945556640625], "princpt": [680.0, 384.0], "img_size_wh": [1360, 768], "pad_ratio": 0.0}