{"betas": [-0.37178388237953186, 0.12141037732362747, 0.240350604057312, 0.1507042795419693, -0.13452361524105072, -0.2796291410923004, -0.0432436466217041, 0.061770547181367874, -0.2757386863231659, 0.020043963566422462], "root_pose": [3.1136474609375, -0.031017720699310303, 0.09306716173887253], "body_pose": [[-0.19416287541389465, 0.0076721361838281155, 0.0808076336979866], [-0.177590012550354, 0.0031275898218154907, -0.08725526928901672], [0.28765904903411865, 0.02252829074859619, 0.002496460685506463], [0.5331012010574341, 0.03126627206802368, -0.06286298483610153], [0.5403937697410583, -0.017011521384119987, 0.04839294031262398], [0.0209089033305645, 0.024056624621152878, -0.030204396694898605], [-0.14498290419578552, 0.1208445355296135, -0.043355174362659454], [-0.13279081881046295, -0.11475597321987152, 0.022211557254195213], [-0.10210572928190231, 0.03253724053502083, -0.03749284893274307], [0.003566105617210269, -0.003936546389013529, -0.0019822611939162016], [0.01245778240263462, -0.0007176309591159225, 0.006593402940779924], [0.25588905811309814, -0.015955597162246704, -0.008170299232006073], [0.05947032570838928, -0.15008437633514404, -0.002342609688639641], [-0.047062087804079056, 0.31435588002204895, -0.026455454528331757], [-0.2794436812400818, 0.037304989993572235, 0.01153169572353363], [0.23451103270053864, -0.16961419582366943, -1.0711873769760132], [0.08351345360279083, 0.43602699041366577, 1.0802234411239624], [-0.08943895995616913, 4.520435810089111, -0.8732670545578003], [0.08717459440231323, 1.6162512302398682, -0.3027840554714203], [-0.9827796816825867, -0.02420864999294281, 0.3554252088069916], [-0.800260066986084, 0.18856428563594818, -0.4633748531341553]], "jaw_pose": [0.04255862534046173, 0.007323798723518848, -0.11219792068004608], "leye_pose": [0.0, 0.0, 0.0], "reye_pose": [0.0, 0.0, 0.0], "lhand_pose": [[0.022388232871890068, 0.40358343720436096, -0.8027257919311523], [0.18410685658454895, -0.10162881761789322, -1.161154866218567], [-0.09080207347869873, -0.1421499103307724, -0.32114917039871216], [-0.30634650588035583, 0.23681718111038208, -1.3258575201034546], [-0.1307779997587204, 0.013921266421675682, -0.9623463153839111], [-0.04112663492560387, -0.14038263261318207, -0.6166626214981079], [-0.7924700379371643, -0.5327369570732117, -1.0808111429214478], [-0.3155919015407562, -0.07337947934865952, -0.7705498337745667], [-0.5174985527992249, -0.04888075217604637, -0.41222286224365234], [-0.28052714467048645, -0.18638978898525238, -1.3686516284942627], [-0.44063955545425415, -0.11863050609827042, -0.8962303996086121], [-0.2725566327571869, -0.07872282713651657, -0.6262995004653931], [0.9051212668418884, 0.43111294507980347, 0.0878557339310646], [-0.5445578098297119, 0.05872054025530815, -0.19459742307662964], [0.6382709741592407, 0.2594798803329468, -0.16882814466953278]], "rhand_pose": [[0.003289258573204279, -0.33570101857185364, 0.7893379926681519], [0.1749878078699112, 0.08317930996417999, 1.1287740468978882], [-0.0965968444943428, 0.1367669552564621, 0.3306199908256531], [-0.3427180349826813, -0.18192125856876373, 1.228835940361023], [-0.13319432735443115, -0.025159606710076332, 1.0141521692276], [-0.03989860415458679, 0.12195886671543121, 0.6081803441047668], [-0.8576477766036987, 0.5574407577514648, 1.1382358074188232], [-0.2921963036060333, 0.09274333715438843, 0.7255886793136597], [-0.502149224281311, 0.0323096327483654, 0.39087429642677307], [-0.3146510124206543, 0.2249864637851715, 1.3154501914978027], [-0.4431725740432739, 0.13814936578273773, 0.9328609704971313], [-0.2573358118534088, 0.0818454921245575, 0.6139668822288513], [0.9022887349128723, -0.4571186602115631, -0.04703691229224205], [-0.5014470815658569, -0.049208514392375946, 0.18297332525253296], [0.6754720211029053, -0.2548868954181671, 0.1708119660615921]], "trans": [-0.24200639128684998, 0.7998428344726562, 1.7128112316131592], "focal": [1177.7945556640625, 1177.7945556640625], "princpt": [680.0, 384.0], "img_size_wh": [1360, 768], "pad_ratio": 0.0}