{"betas": [-0.3717976212501526, 0.12150619179010391, 0.24035322666168213, 0.15069131553173065, -0.13451983034610748, -0.2796684205532074, -0.043171241879463196, 0.06177770346403122, -0.27580228447914124, 0.020074881613254547], "root_pose": [3.086174726486206, -0.0396597720682621, 0.08742620050907135], "body_pose": [[-0.18700727820396423, 0.005314567591995001, 0.07072173058986664], [-0.16861025989055634, 0.005400634836405516, -0.0840715542435646], [0.2844580113887787, 0.025585569441318512, 0.005251872353255749], [0.5294299721717834, 0.028218479827046394, -0.06119117885828018], [0.5501666069030762, -0.015411500819027424, 0.045409638434648514], [0.03053808957338333, 0.026509964838624, -0.029400832951068878], [-0.1519097089767456, 0.12746314704418182, -0.043060652911663055], [-0.13685756921768188, -0.1176200732588768, 0.024299710988998413], [-0.08533435314893723, 0.03628844767808914, -0.038209594786167145], [0.004737087991088629, -0.0029547871090471745, -0.0017641872400417924], [0.012377455830574036, -0.0005438918597064912, 0.005349630024284124], [0.2608323097229004, -0.01977706328034401, -0.014519287273287773], [0.0791660025715828, -0.12649546563625336, 0.013482495211064816], [-0.06289413571357727, 0.3190111219882965, -0.04801028221845627], [-0.3049287497997284, 0.0340452678501606, 0.0008862772956490517], [0.26909393072128296, -0.13445183634757996, -1.061143398284912], [0.05623311549425125, 0.4517996311187744, 1.055242657661438], [-0.15101614594459534, 4.496750831604004, -0.8033565878868103], [0.06738998740911484, 1.6569093465805054, -0.3135053217411041], [-0.9611943960189819, -0.03792715445160866, 0.33882078528404236], [-0.777594268321991, 0.1274939924478531, -0.43875831365585327]], "jaw_pose": [0.038782842457294464, 0.006487474776804447, -0.12441717833280563], "leye_pose": [0.0, 0.0, 0.0], "reye_pose": [0.0, 0.0, 0.0], "lhand_pose": [[0.019151020795106888, 0.42309248447418213, -0.8058010935783386], [0.18465782701969147, -0.10140988230705261, -1.1796717643737793], [-0.09253528714179993, -0.14099641144275665, -0.3212631344795227], [-0.3043479919433594, 0.2339455485343933, -1.3195651769638062], [-0.12971313297748566, 0.013294014148414135, -0.981065571308136], [-0.041009772568941116, -0.14470340311527252, -0.6143495440483093], [-0.8166415691375732, -0.5404916405677795, -1.0799486637115479], [-0.3074471354484558, -0.06476723402738571, -0.764194130897522], [-0.5146381258964539, -0.04457946494221687, -0.4061291515827179], [-0.2888258993625641, -0.19338901340961456, -1.361910343170166], [-0.43319255113601685, -0.11215734481811523, -0.9035530686378479], [-0.27509981393814087, -0.08789213746786118, -0.6174487471580505], [0.9108026027679443, 0.43109604716300964, 0.09960249811410904], [-0.554636538028717, 0.06551652401685715, -0.19532275199890137], [0.6429831385612488, 0.2615101635456085, -0.17290803790092468]], "rhand_pose": [[0.0007284918101504445, -0.31233543157577515, 0.8703916668891907], [0.17620418965816498, 0.0874669998884201, 1.2083895206451416], [-0.09261775761842728, 0.14762581884860992, 0.3627856969833374], [-0.3445761501789093, -0.1885138899087906, 1.3068982362747192], [-0.13416950404644012, -0.02421334758400917, 1.0739277601242065], [-0.04085695371031761, 0.12650799751281738, 0.6538830995559692], [-0.882422924041748, 0.5044881701469421, 1.213950514793396], [-0.32083284854888916, 0.10138344764709473, 0.7840679287910461], [-0.5122617483139038, 0.03677552565932274, 0.44227632880210876], [-0.32295113801956177, 0.2177615463733673, 1.3758476972579956], [-0.44964799284935, 0.12881958484649658, 1.01139497756958], [-0.2658787965774536, 0.08370565623044968, 0.6587678790092468], [0.9148576259613037, -0.45152607560157776, -0.03489551320672035], [-0.49808353185653687, -0.04759649559855461, 0.18344265222549438], [0.6841707825660706, -0.26890280842781067, 0.1844947189092636]], "trans": [-0.2359449416399002, 0.7796489000320435, 1.7117148637771606], "focal": [1177.7945556640625, 1177.7945556640625], "princpt": [680.0, 384.0], "img_size_wh": [1360, 768], "pad_ratio": 0.0}