{"betas": [-0.3718184530735016, 0.12139351665973663, 0.24027156829833984, 0.15069589018821716, -0.13448120653629303, -0.2796448767185211, -0.043257784098386765, 0.061745237559080124, -0.2757139801979065, 0.019990062341094017], "root_pose": [3.1421356201171875, -0.06156018376350403, 0.11037201434373856], "body_pose": [[-0.18041139841079712, 0.014510853216052055, 0.09179067611694336], [-0.1668316274881363, -0.006256375461816788, -0.09322235733270645], [0.2903003692626953, 0.010554982349276543, 0.004875289276242256], [0.5025507807731628, 0.04016750678420067, -0.06305773556232452], [0.49293434619903564, -0.02399999462068081, 0.052180469036102295], [0.009194158017635345, 0.01677749492228031, -0.02507973089814186], [-0.12137894332408905, 0.10739817470312119, -0.04783084616065025], [-0.10187886655330658, -0.10563479363918304, 0.021059997379779816], [-0.12606285512447357, 0.017391109839081764, -0.030711518600583076], [0.000834988837596029, -0.006982285995036364, -0.0020498025696724653], [0.012047363445162773, -0.0037116517778486013, 0.006984001956880093], [0.2681717872619629, -0.0043207136914134026, 0.006278970744460821], [-0.01809716783463955, -0.248046875, -0.07360360026359558], [0.006644176319241524, 0.26355135440826416, -0.006326374597847462], [-0.2536124289035797, 0.04117010161280632, 0.006386594846844673], [0.11562751978635788, -0.292505145072937, -1.043789267539978], [0.15705376863479614, 0.35822856426239014, 1.1446495056152344], [-0.04303061217069626, -1.542276382446289, 0.3569944500923157], [0.12268941104412079, 1.5285712480545044, -0.2966401278972626], [-0.9840846061706543, -0.08643709868192673, 0.25805386900901794], [-0.8153637051582336, 0.21207362413406372, -0.4990698993206024]], "jaw_pose": [0.047313544899225235, 0.0007411208935081959, -0.049187418073415756], "leye_pose": [0.0, 0.0, 0.0], "reye_pose": [0.0, 0.0, 0.0], "lhand_pose": [[0.03723333030939102, 0.32561299204826355, -0.7782422304153442], [0.18260936439037323, -0.09776309877634048, -1.0490776300430298], [-0.08666977286338806, -0.1470985859632492, -0.29123732447624207], [-0.311384916305542, 0.2203456163406372, -1.3153897523880005], [-0.12684981524944305, 0.018710026517510414, -0.8939831256866455], [-0.03905968368053436, -0.1371881365776062, -0.5850310921669006], [-0.7926540374755859, -0.47753581404685974, -1.1129616498947144], [-0.2871469557285309, -0.08547495305538177, -0.7387692332267761], [-0.5282402038574219, -0.048271868377923965, -0.3643267750740051], [-0.27371394634246826, -0.15981855988502502, -1.3851938247680664], [-0.4358844459056854, -0.13545581698417664, -0.8316892385482788], [-0.2656993567943573, -0.07019426673650742, -0.6145555973052979], [0.9403163194656372, 0.4690251052379608, 0.02180853672325611], [-0.5335657000541687, 0.03676232323050499, -0.1823156177997589], [0.6485699415206909, 0.24350662529468536, -0.16717807948589325]], "rhand_pose": [[0.023530954495072365, -0.34789177775382996, 0.6338996291160583], [0.17710405588150024, 0.0699685662984848, 0.9018821716308594], [-0.10357874631881714, 0.11794357001781464, 0.24342931807041168], [-0.33297017216682434, -0.17549441754817963, 1.0479462146759033], [-0.12123879790306091, -0.035346608608961105, 0.8332083821296692], [-0.03339340537786484, 0.11853844672441483, 0.49330130219459534], [-0.8420514464378357, 0.595709502696991, 1.037475824356079], [-0.20083537697792053, 0.07294470816850662, 0.5823507308959961], [-0.49093541502952576, 0.015782738104462624, 0.25301554799079895], [-0.2921511232852936, 0.2090112268924713, 1.1895047426223755], [-0.4137238562107086, 0.15023396909236908, 0.7084347605705261], [-0.23787067830562592, 0.08483026176691055, 0.511737585067749], [0.8991601467132568, -0.4928748607635498, -0.026681771501898766], [-0.5225077271461487, -0.042894668877124786, 0.15598641335964203], [0.6608508229255676, -0.21547819674015045, 0.1583385169506073]], "trans": [-0.2355516254901886, 0.8285685181617737, 1.7082264423370361], "focal": [1177.7945556640625, 1177.7945556640625], "princpt": [680.0, 384.0], "img_size_wh": [1360, 768], "pad_ratio": 0.0}