{"betas": [-0.37185361981391907, 0.12135212123394012, 0.24024586379528046, 0.1507042944431305, -0.1344796121120453, -0.27966198325157166, -0.043263278901576996, 0.0617406889796257, -0.27571797370910645, 0.01997610554099083], "root_pose": [3.124232053756714, -0.06440769135951996, 0.12295302748680115], "body_pose": [[-0.17656591534614563, 0.01771717146039009, 0.09513430297374725], [-0.16624164581298828, -0.011406936682760715, -0.09652066230773926], [0.294961541891098, 0.003011763095855713, 0.004272655118256807], [0.4954480826854706, 0.04085326939821243, -0.06365460157394409], [0.49783483147621155, -0.02768375165760517, 0.053776614367961884], [0.02262226678431034, 0.009920023381710052, -0.02118351310491562], [-0.1168607771396637, 0.10452055931091309, -0.04939762130379677], [-0.09677815437316895, -0.10097504407167435, 0.023674936965107918], [-0.11827364563941956, 0.007358660455793142, -0.025354836136102676], [0.0006777014350518584, -0.006573584862053394, -0.0012528939405456185], [0.012139677070081234, -0.0052254037000238895, 0.007598997093737125], [0.2619146704673767, 0.0019767112098634243, 0.016337843611836433], [-0.05238208547234535, -0.2884337306022644, -0.096642404794693], [0.03311145305633545, 0.22326651215553284, -0.013175549916923046], [-0.2583307921886444, 0.05090358108282089, -0.016631046310067177], [0.05846380814909935, -0.3417181670665741, -0.986345112323761], [0.18817919492721558, 0.3062325119972229, 1.1674996614456177], [0.1914113610982895, 4.526696681976318, -1.0947843790054321], [0.13139048218727112, 1.5419679880142212, -0.3039812445640564], [-0.960574209690094, -0.09760945290327072, 0.19960495829582214], [-0.7964416146278381, 0.18633738160133362, -0.4890385568141937]], "jaw_pose": [0.049722135066986084, -0.009506878443062305, -0.01017080619931221], "leye_pose": [0.0, 0.0, 0.0], "reye_pose": [0.0, 0.0, 0.0], "lhand_pose": [[0.04275732859969139, 0.3190561830997467, -0.7189643979072571], [0.17817318439483643, -0.09410293400287628, -0.9724923372268677], [-0.08715208619832993, -0.1421842724084854, -0.2680237889289856], [-0.3064020872116089, 0.2131955921649933, -1.2824618816375732], [-0.12352880835533142, 0.026618946343660355, -0.8686624765396118], [-0.038440123200416565, -0.1376102864742279, -0.5400374531745911], [-0.7716971635818481, -0.4785550534725189, -1.0580896139144897], [-0.25555431842803955, -0.07831176370382309, -0.6876702904701233], [-0.5248240232467651, -0.042416397482156754, -0.31640586256980896], [-0.26429516077041626, -0.14456576108932495, -1.344973087310791], [-0.42365849018096924, -0.1310146301984787, -0.7848378419876099], [-0.26010915637016296, -0.0735214576125145, -0.5726884603500366], [0.9448007345199585, 0.4882807731628418, -2.7350406526238658e-05], [-0.5325590968132019, 0.035899870097637177, -0.1729908138513565], [0.648480236530304, 0.2352999448776245, -0.16820988059043884]], "rhand_pose": [[0.02624906599521637, -0.3600976765155792, 0.6546255350112915], [0.18167799711227417, 0.06782124191522598, 0.8916677236557007], [-0.1033264622092247, 0.11850158125162125, 0.232419952750206], [-0.33013415336608887, -0.18183939158916473, 1.0396047830581665], [-0.11703019589185715, -0.03664170205593109, 0.8087180256843567], [-0.03187591955065727, 0.1164582148194313, 0.4796972870826721], [-0.8564748764038086, 0.5988103747367859, 1.0457260608673096], [-0.19229315221309662, 0.0705346092581749, 0.5622087121009827], [-0.4897175431251526, 0.014074691571295261, 0.23975110054016113], [-0.2932206988334656, 0.21168366074562073, 1.1866508722305298], [-0.40866565704345703, 0.14955298602581024, 0.6764273047447205], [-0.2357390820980072, 0.08249146491289139, 0.5050036311149597], [0.8992761969566345, -0.49795904755592346, -0.028438134118914604], [-0.5213540196418762, -0.04038233309984207, 0.14742285013198853], [0.6543113589286804, -0.20861732959747314, 0.15500479936599731]], "trans": [-0.23880034685134888, 0.8234876990318298, 1.7004010677337646], "focal": [1177.7945556640625, 1177.7945556640625], "princpt": [680.0, 384.0], "img_size_wh": [1360, 768], "pad_ratio": 0.0}