{"betas": [-0.3718757927417755, 0.1213122084736824, 0.24022895097732544, 0.1506960093975067, -0.134566530585289, -0.2795948386192322, -0.04323432967066765, 0.061805106699466705, -0.2756260335445404, 0.019935445860028267], "root_pose": [2.992659330368042, -0.014327106066048145, 0.1346462219953537], "body_pose": [[-0.16820447146892548, 0.01783858984708786, 0.08887793868780136], [-0.1920468658208847, -0.003571546170860529, -0.09971652179956436], [0.30309590697288513, -0.015875495970249176, 0.006638210732489824], [0.5001485347747803, 0.028505999594926834, -0.0521492138504982], [0.5406581163406372, -0.01033060997724533, 0.04325897619128227], [0.08827119320631027, -0.0013112612068653107, -0.001713098376058042], [-0.14465126395225525, 0.10478942841291428, -0.04392949864268303], [-0.10687962174415588, -0.09141506999731064, 0.04220602661371231], [-0.071157306432724, -0.018903305754065514, -0.0008809874416328967], [0.004040365573018789, -0.003332084510475397, -0.004943240433931351], [0.01118188351392746, -0.0077599105425179005, 0.0040662032552063465], [0.25141623616218567, 0.011486198753118515, 0.015456467866897583], [-0.06132470816373825, -0.3049810230731964, -0.042056553065776825], [0.09426631778478622, 0.10065821558237076, -0.01752306893467903], [-0.30276376008987427, 0.08959386497735977, -0.11493807286024094], [0.01530425250530243, -0.3908085525035858, -0.8946863412857056], [0.2233990579843521, 0.17068369686603546, 1.164094090461731], [0.07677993923425674, 4.257346153259277, -0.9896277785301208], [0.13420574367046356, 1.6158806085586548, -0.3445102572441101], [-0.9067148566246033, -0.013195564039051533, 0.06626157462596893], [-0.5055514574050903, 0.166757732629776, -0.4897588789463043]], "jaw_pose": [0.04591909050941467, -0.026896579191088676, 0.00230957567691803], "leye_pose": [0.0, 0.0, 0.0], "reye_pose": [0.0, 0.0, 0.0], "lhand_pose": [[0.048480644822120667, 0.32155129313468933, -0.7014951109886169], [0.17024387419223785, -0.09916167706251144, -1.012421727180481], [-0.07689742743968964, -0.13032545149326324, -0.2999727725982666], [-0.29286760091781616, 0.21917930245399475, -1.2572880983352661], [-0.12348515540361404, 0.03171451762318611, -0.9106571674346924], [-0.04156045615673065, -0.14205646514892578, -0.5363622307777405], [-0.7952162623405457, -0.38118770718574524, -1.0698708295822144], [-0.23835444450378418, -0.07495526224374771, -0.7074446082115173], [-0.5376529097557068, -0.025428658351302147, -0.33552923798561096], [-0.26668989658355713, -0.08839476108551025, -1.3322654962539673], [-0.412351131439209, -0.09399653226137161, -0.8398466110229492], [-0.27389955520629883, -0.09277555346488953, -0.562559962272644], [0.9655612707138062, 0.3882331848144531, -0.00991271436214447], [-0.5439372658729553, 0.04581742733716965, -0.17333824932575226], [0.672877848148346, 0.2345971316099167, -0.18915440142154694]], "rhand_pose": [[0.024635404348373413, -0.3259787857532501, 0.6913041472434998], [0.16233375668525696, 0.0664232075214386, 0.9530470967292786], [-0.08069693297147751, 0.12119577080011368, 0.28129100799560547], [-0.3162836730480194, -0.14884378015995026, 1.009935736656189], [-0.11887058615684509, -0.024958955124020576, 0.851728081703186], [-0.035671036690473557, 0.10135617107152939, 0.4881412386894226], [-0.7976287603378296, 0.5873373746871948, 0.9195874333381653], [-0.23116371035575867, 0.05847397446632385, 0.5925065875053406], [-0.47891348600387573, 0.014794791117310524, 0.2850421369075775], [-0.27000892162323, 0.2229258120059967, 1.0849754810333252], [-0.4067767262458801, 0.12606588006019592, 0.7607401609420776], [-0.24320250749588013, 0.07246436923742294, 0.533309280872345], [0.896237850189209, -0.44445088505744934, -0.0636545792222023], [-0.527173638343811, -0.043349236249923706, 0.15445610880851746], [0.6683093905448914, -0.2102789580821991, 0.13931772112846375]], "trans": [-0.2509656846523285, 0.7507724761962891, 1.648386836051941], "focal": [1177.7945556640625, 1177.7945556640625], "princpt": [680.0, 384.0], "img_size_wh": [1360, 768], "pad_ratio": 0.0}