{"betas": [-0.37186571955680847, 0.12133900076150894, 0.24022044241428375, 0.15071919560432434, -0.13449034094810486, -0.27962586283683777, -0.04325559735298157, 0.06176760047674179, -0.27576518058776855, 0.019964993000030518], "root_pose": [3.089607000350952, -0.045473016798496246, 0.13577692210674286], "body_pose": [[-0.17831750214099884, 0.019451836124062538, 0.09847118705511093], [-0.17852093279361725, -0.012954894453287125, -0.09950879961252213], [0.3023439943790436, -0.0024905013851821423, 0.0028240978717803955], [0.5001821517944336, 0.038028545677661896, -0.06332089006900787], [0.5208287835121155, -0.026953835040330887, 0.05383583530783653], [0.04631463438272476, 0.00521821528673172, -0.014568268321454525], [-0.12177038937807083, 0.10326406359672546, -0.04947869852185249], [-0.0982210636138916, -0.09754703938961029, 0.029266687110066414], [-0.10096684098243713, -0.0014090093318372965, -0.015848597511649132], [0.0013512505684047937, -0.005772195290774107, -0.0004860127519350499], [0.012243936769664288, -0.0056793829426169395, 0.0074884709902107716], [0.2504641115665436, 0.007207363843917847, 0.02295190468430519], [-0.06847769767045975, -0.3054564595222473, -0.0915711373090744], [0.05652594566345215, 0.18192064762115479, -0.02191697247326374], [-0.26935750246047974, 0.06278831511735916, -0.04994465783238411], [0.024251721799373627, -0.3662383556365967, -0.9321666955947876], [0.20984002947807312, 0.2589583098888397, 1.1804442405700684], [0.1770910620689392, 4.437415599822998, -1.0761983394622803], [0.14143113791942596, 1.5800968408584595, -0.3158722519874573], [-0.9335222840309143, -0.08337417989969254, 0.1537628173828125], [-0.7331392168998718, 0.167698472738266, -0.48922455310821533]], "jaw_pose": [0.05217966437339783, -0.0187496617436409, 0.010690967552363873], "leye_pose": [0.0, 0.0, 0.0], "reye_pose": [0.0, 0.0, 0.0], "lhand_pose": [[0.04477713629603386, 0.32784849405288696, -0.6776451468467712], [0.17434324324131012, -0.09100416302680969, -0.9405353665351868], [-0.08607352524995804, -0.13619758188724518, -0.26327985525131226], [-0.30012840032577515, 0.2138214409351349, -1.2677853107452393], [-0.12219621986150742, 0.03253825008869171, -0.8745594024658203], [-0.038546424359083176, -0.13738438487052917, -0.5135719776153564], [-0.7430353164672852, -0.4828539490699768, -1.0001628398895264], [-0.24310997128486633, -0.07099133729934692, -0.6592212915420532], [-0.5196548104286194, -0.0391613133251667, -0.2974511384963989], [-0.26003241539001465, -0.12992917001247406, -1.3208229541778564], [-0.4161125421524048, -0.1195710301399231, -0.7755535840988159], [-0.2589999735355377, -0.07850794494152069, -0.5430346727371216], [0.9380761981010437, 0.4737567603588104, -0.0001076407206710428], [-0.53215491771698, 0.041370172053575516, -0.1698647141456604], [0.6452118158340454, 0.2331741750240326, -0.16961359977722168]], "rhand_pose": [[0.025369232520461082, -0.364709734916687, 0.6799566149711609], [0.17865964770317078, 0.06619484722614288, 0.9291635751724243], [-0.09666283428668976, 0.12067566066980362, 0.24850915372371674], [-0.3236801326274872, -0.18109476566314697, 1.0434426069259644], [-0.11722207069396973, -0.03198947012424469, 0.8263800144195557], [-0.03335699439048767, 0.11171481013298035, 0.4901838004589081], [-0.8483306169509888, 0.6012668609619141, 1.021378993988037], [-0.20977769792079926, 0.06889147311449051, 0.5748735070228577], [-0.48823052644729614, 0.0162992961704731, 0.2613564133644104], [-0.29087477922439575, 0.22046414017677307, 1.1715718507766724], [-0.4101714491844177, 0.1446675807237625, 0.705682635307312], [-0.23829761147499084, 0.07796596735715866, 0.5206747055053711], [0.893342912197113, -0.4727135896682739, -0.04686036333441734], [-0.5165113806724548, -0.04165440797805786, 0.14873568713665009], [0.6487252712249756, -0.2099437564611435, 0.147625133395195]], "trans": [-0.2462727129459381, 0.80307936668396, 1.6902979612350464], "focal": [1177.7945556640625, 1177.7945556640625], "princpt": [680.0, 384.0], "img_size_wh": [1360, 768], "pad_ratio": 0.0}