{"betas": [-0.3718041479587555, 0.12141862511634827, 0.2403060644865036, 0.15070600807666779, -0.1345212608575821, -0.2796229124069214, -0.04325717315077782, 0.06176307052373886, -0.27570363879203796, 0.02000029943883419], "root_pose": [3.1383471488952637, -0.04153887555003166, 0.10060800611972809], "body_pose": [[-0.19009797275066376, 0.010896210558712482, 0.0882982537150383], [-0.17585018277168274, -0.0002763164811767638, -0.09021620452404022], [0.2898768484592438, 0.01791156642138958, 0.0035084031987935305], [0.5220018029212952, 0.036329515278339386, -0.06341240555047989], [0.5151251554489136, -0.019478758797049522, 0.050219692289829254], [0.01110987551510334, 0.02192053012549877, -0.027888117358088493], [-0.13426125049591064, 0.1130625531077385, -0.04499601200222969], [-0.11733503639698029, -0.11117418855428696, 0.021158725023269653], [-0.1190372183918953, 0.026387082412838936, -0.033944934606552124], [0.0020142141729593277, -0.006016555707901716, -0.0023612312506884336], [0.012254034169018269, -0.0018975702114403248, 0.006812497042119503], [0.2595464885234833, -0.010230927728116512, -0.0015451123472303152], [0.024929242208600044, -0.1946096122264862, -0.03468869999051094], [-0.0212539229542017, 0.2960337698459625, -0.008660009130835533], [-0.25954610109329224, 0.038423340767621994, 0.014784889295697212], [0.18042495846748352, -0.22600676119327545, -1.0736955404281616], [0.12046299129724503, 0.4043700695037842, 1.1126431226730347], [0.009703713469207287, 4.563151836395264, -0.9722059369087219], [0.10821764916181564, 1.564198613166809, -0.29443636536598206], [-0.9922187924385071, -0.046378735452890396, 0.32228216528892517], [-0.8191453814506531, 0.22183671593666077, -0.4935795068740845]], "jaw_pose": [0.045353882014751434, 0.0066922917030751705, -0.08849858492612839], "leye_pose": [0.0, 0.0, 0.0], "reye_pose": [0.0, 0.0, 0.0], "lhand_pose": [[0.02919793874025345, 0.3617640435695648, -0.8114745020866394], [0.18422508239746094, -0.09998325258493423, -1.1270266771316528], [-0.08704190701246262, -0.14624734222888947, -0.31575220823287964], [-0.31115758419036865, 0.23239518702030182, -1.3396707773208618], [-0.12995758652687073, 0.013983466662466526, -0.9388601183891296], [-0.04060739651322365, -0.13763587176799774, -0.6174175143241882], [-0.7952596545219421, -0.5002941489219666, -1.1185272932052612], [-0.31514689326286316, -0.08411279320716858, -0.7745400667190552], [-0.5257632732391357, -0.05124564841389656, -0.4073077440261841], [-0.2796459496021271, -0.1747821420431137, -1.3990143537521362], [-0.4447231590747833, -0.12950974702835083, -0.8830811381340027], [-0.27082186937332153, -0.07107174396514893, -0.636976420879364], [0.9212073683738708, 0.44273293018341064, 0.059563975781202316], [-0.536893904209137, 0.04699600860476494, -0.1921343207359314], [0.6414047479629517, 0.25447171926498413, -0.16547046601772308]], "rhand_pose": [[0.014392426237463951, -0.3437454402446747, 0.6783472299575806], [0.17289194464683533, 0.0752381756901741, 1.0032492876052856], [-0.09951683133840561, 0.12426826357841492, 0.28553521633148193], [-0.3382066786289215, -0.17515839636325836, 1.1212996244430542], [-0.12818942964076996, -0.029453586786985397, 0.9193362593650818], [-0.037027083337306976, 0.11912890523672104, 0.5463741421699524], [-0.8397929072380066, 0.5872957110404968, 1.065359115600586], [-0.24398399889469147, 0.0810360237956047, 0.6478091478347778], [-0.49541109800338745, 0.02327883429825306, 0.31661269068717957], [-0.30196326971054077, 0.21841926872730255, 1.2372007369995117], [-0.42896661162376404, 0.1458924263715744, 0.8154792189598083], [-0.24627745151519775, 0.08303871750831604, 0.5565407872200012], [0.8966296315193176, -0.4697302281856537, -0.043501634150743484], [-0.5140595436096191, -0.047515127807855606, 0.1728164702653885], [0.6664541959762573, -0.23452404141426086, 0.15921446681022644]], "trans": [-0.23929262161254883, 0.8184705972671509, 1.7135672569274902], "focal": [1177.7945556640625, 1177.7945556640625], "princpt": [680.0, 384.0], "img_size_wh": [1360, 768], "pad_ratio": 0.0}