{"betas": [-0.37190231680870056, 0.12131459265947342, 0.24039991199970245, 0.15064100921154022, -0.13467060029506683, -0.279556542634964, -0.04311596602201462, 0.061687346547842026, -0.27550962567329407, 0.020007122308015823], "root_pose": [2.997080087661743, 0.004261939320713282, 0.15037597715854645], "body_pose": [[-0.18506257236003876, 0.008877046406269073, 0.08185119181871414], [-0.1750468909740448, -0.01140656229108572, -0.09619283676147461], [0.29815658926963806, -0.021237529814243317, 0.021819962188601494], [0.5289485454559326, 0.028597380965948105, -0.05452577397227287], [0.5128582715988159, -0.01734037511050701, 0.047949206084012985], [0.09404408931732178, -0.007440982386469841, 0.019005607813596725], [-0.1678375005722046, 0.10030367225408554, -0.03809456154704094], [-0.10492316633462906, -0.10580285638570786, 0.04038437455892563], [-0.0672917366027832, -0.021206209436058998, 0.022243909537792206], [0.005034839268773794, -0.0044601005502045155, -0.009690949693322182], [0.011340484954416752, -0.008641848340630531, 0.005501073785126209], [0.30183300375938416, 0.009153865277767181, -0.005000807344913483], [-0.05008532479405403, -0.33983609080314636, 0.008005522191524506], [0.0588112398982048, 0.08214814215898514, -0.0049417768605053425], [-0.2900391221046448, 0.09710661321878433, -0.16913269460201263], [0.07384111732244492, -0.4255445897579193, -0.9452832937240601], [0.15629228949546814, 0.13389328122138977, 1.1139297485351562], [-0.08577164262533188, 4.416557788848877, -0.8165467381477356], [0.006830868311226368, 1.4994570016860962, -0.3478813171386719], [-0.8687316179275513, -0.21808090806007385, 0.14792722463607788], [-0.60787433385849, 0.1057693287730217, -0.264018177986145]], "jaw_pose": [0.04939962923526764, -0.026074953377246857, -0.0011678944574669003], "leye_pose": [0.0, 0.0, 0.0], "reye_pose": [0.0, 0.0, 0.0], "lhand_pose": [[0.04090164974331856, 0.3832186460494995, -0.6792778968811035], [0.1746029257774353, -0.1067010760307312, -1.0396384000778198], [-0.08406943827867508, -0.13507415354251862, -0.3072631061077118], [-0.2997271418571472, 0.22549934685230255, -1.248405933380127], [-0.12323404103517532, 0.022199751809239388, -0.8970471620559692], [-0.04294171929359436, -0.14264050126075745, -0.533999502658844], [-0.7834516763687134, -0.47700271010398865, -1.0232065916061401], [-0.24198859930038452, -0.06733293831348419, -0.6836592555046082], [-0.5401418805122375, -0.034578029066324234, -0.3168162703514099], [-0.27906835079193115, -0.12069414556026459, -1.2976388931274414], [-0.4117645025253296, -0.09907827526330948, -0.8061256408691406], [-0.27624577283859253, -0.09396194666624069, -0.5511226654052734], [0.9345517754554749, 0.3979746997356415, 0.04866056144237518], [-0.5683726072311401, 0.048018284142017365, -0.1762809157371521], [0.6809337735176086, 0.22841006517410278, -0.18415026366710663]], "rhand_pose": [[0.020831529051065445, -0.4361342191696167, 0.7612795829772949], [0.18924640119075775, 0.060846053063869476, 0.8383697271347046], [-0.10156863927841187, 0.12389953434467316, 0.21408407390117645], [-0.31268540024757385, -0.1716807633638382, 1.0585459470748901], [-0.11837875097990036, -0.044083599001169205, 0.7171801328659058], [-0.0319405198097229, 0.1108582615852356, 0.40952643752098083], [-0.8347648978233337, 0.6554153561592102, 0.8997466564178467], [-0.18431372940540314, 0.050979457795619965, 0.5237825512886047], [-0.4745781719684601, 0.010004216805100441, 0.20578236877918243], [-0.2774658203125, 0.24887076020240784, 1.0952926874160767], [-0.4091084897518158, 0.1289355605840683, 0.6184992790222168], [-0.23725862801074982, 0.07222416996955872, 0.4654560983181], [0.8986947536468506, -0.6490734815597534, -0.040579795837402344], [-0.5476968288421631, -0.0366738885641098, 0.15833528339862823], [0.6796451210975647, -0.20066985487937927, 0.14129838347434998]], "trans": [-0.25552505254745483, 0.7532527446746826, 1.6393218040466309], "focal": [1177.7945556640625, 1177.7945556640625], "princpt": [680.0, 384.0], "img_size_wh": [1360, 768], "pad_ratio": 0.0}