{"betas": [-0.3718743622303009, 0.12137013673782349, 0.24043646454811096, 0.15060214698314667, -0.13468170166015625, -0.2796162962913513, -0.04299008473753929, 0.06166063994169235, -0.27552706003189087, 0.02000885084271431], "root_pose": [3.0920019149780273, -0.0069898320361971855, 0.18435603380203247], "body_pose": [[-0.17759902775287628, 0.006800339091569185, 0.0922694057226181], [-0.1664215624332428, -0.021558718755841255, -0.09075150638818741], [0.3039291799068451, -0.009409287944436073, 0.02027478627860546], [0.5009544491767883, 0.0330408476293087, -0.05718550458550453], [0.4816703796386719, -0.032220903784036636, 0.054228365421295166], [0.05224768817424774, -0.00134297925978899, 0.014323052950203419], [-0.13214923441410065, 0.10460298508405685, -0.043930523097515106], [-0.07422959804534912, -0.11403103172779083, 0.036035746335983276], [-0.09996552765369415, -0.006578694563359022, 0.015927940607070923], [0.0022376037668436766, -0.00561123201623559, -0.003828475484624505], [0.010851225815713406, -0.004020532593131065, 0.010804444551467896], [0.2976916432380676, 0.004454283509403467, 0.0028686050791293383], [-0.017400940880179405, -0.3549356758594513, -0.02511996030807495], [0.01391267403960228, 0.1831630915403366, -0.023444073274731636], [-0.27128514647483826, 0.08344537764787674, -0.17131692171096802], [0.13088904321193695, -0.4014004170894623, -1.020806074142456], [0.11160530894994736, 0.25090712308883667, 1.133234977722168], [0.09368264675140381, -1.505789041519165, 0.25341883301734924], [0.03671368956565857, 1.3981555700302124, -0.3376888334751129], [-0.7890570759773254, -0.28291141986846924, 0.3937586545944214], [-0.5679978728294373, 0.10576260834932327, -0.4306393265724182]], "jaw_pose": [0.05099066346883774, -0.021024061366915703, -0.004405475687235594], "leye_pose": [0.0, 0.0, 0.0], "reye_pose": [0.0, 0.0, 0.0], "lhand_pose": [[0.033979982137680054, 0.429084837436676, -0.6429460048675537], [0.18050262331962585, -0.09968205541372299, -0.9846665859222412], [-0.09153053909540176, -0.142231285572052, -0.28194406628608704], [-0.3096034824848175, 0.23437164723873138, -1.2592418193817139], [-0.1233091875910759, 0.014995699748396873, -0.8312420845031738], [-0.037667252123355865, -0.14255273342132568, -0.5316170454025269], [-0.7815571427345276, -0.590857207775116, -0.979904294013977], [-0.25476545095443726, -0.07373246550559998, -0.6501291990280151], [-0.5088820457458496, -0.04609542712569237, -0.3059707283973694], [-0.2801241874694824, -0.18813550472259521, -1.2860499620437622], [-0.41201576590538025, -0.12925247848033905, -0.728290855884552], [-0.25772765278816223, -0.08284726738929749, -0.5496410131454468], [0.9145631790161133, 0.47014355659484863, 0.05349228158593178], [-0.544300377368927, 0.046239808201789856, -0.15965549647808075], [0.6517022252082825, 0.23333697021007538, -0.18455809354782104]], "rhand_pose": [[0.038068924099206924, -0.4726558327674866, 0.7355316877365112], [0.18986903131008148, 0.0713803693652153, 0.8479692935943604], [-0.11412212252616882, 0.13238944113254547, 0.19958215951919556], [-0.3257391154766083, -0.20960266888141632, 1.0956593751907349], [-0.12065137177705765, -0.050263501703739166, 0.7230704426765442], [-0.029116524383425713, 0.11931348592042923, 0.4423437714576721], [-0.8923338055610657, 0.6774158477783203, 1.0227824449539185], [-0.18300992250442505, 0.06840594857931137, 0.5420030355453491], [-0.4794754087924957, 0.014426137320697308, 0.21669912338256836], [-0.3042818605899811, 0.24868391454219818, 1.1891525983810425], [-0.420147180557251, 0.14611700177192688, 0.6223467588424683], [-0.2326880842447281, 0.07245101034641266, 0.4883688986301422], [0.8852284550666809, -0.6497267484664917, -0.011288928799331188], [-0.5200456976890564, -0.032825104892253876, 0.13601477444171906], [0.6642099022865295, -0.20841966569423676, 0.1673722118139267]], "trans": [-0.28090357780456543, 0.800838053226471, 1.6575895547866821], "focal": [1177.7945556640625, 1177.7945556640625], "princpt": [680.0, 384.0], "img_size_wh": [1360, 768], "pad_ratio": 0.0}