{"betas": [-0.37190547585487366, 0.12137316167354584, 0.24038481712341309, 0.15060687065124512, -0.1346699595451355, -0.27960166335105896, -0.0430338978767395, 0.061662089079618454, -0.27551406621932983, 0.019978417083621025], "root_pose": [3.0470521450042725, 9.900920849759132e-05, 0.17114192247390747], "body_pose": [[-0.18896415829658508, 0.006412757094949484, 0.08991941809654236], [-0.17453040182590485, -0.020358683541417122, -0.09240429848432541], [0.30439600348472595, -0.014181233942508698, 0.02125176414847374], [0.5243728756904602, 0.029660917818546295, -0.05808519199490547], [0.5052481293678284, -0.030072910711169243, 0.05354563891887665], [0.07531557232141495, -0.006004119757562876, 0.019227435812354088], [-0.15527908504009247, 0.10361389815807343, -0.04089454934000969], [-0.09208852052688599, -0.10923659801483154, 0.03699115291237831], [-0.08208124339580536, -0.012067876756191254, 0.02122166007757187], [0.0037415027618408203, -0.00492127425968647, -0.00622036587446928], [0.011175282299518585, -0.0059623923152685165, 0.008803392760455608], [0.2994008958339691, 0.004202294163405895, -0.0015142548363655806], [-0.03940297290682793, -0.3554767072200775, -0.008853415958583355], [0.03625904396176338, 0.13080893456935883, -0.011996363289654255], [-0.279426634311676, 0.0889751985669136, -0.16888657212257385], [0.09980175644159317, -0.42640507221221924, -0.9769681692123413], [0.1331760734319687, 0.18377959728240967, 1.1198242902755737], [-0.1935909539461136, 4.566479682922363, -0.7716730237007141], [0.01205019373446703, 1.4391584396362305, -0.3419305980205536], [-0.8422613143920898, -0.29438433051109314, 0.29887643456459045], [-0.5847285389900208, 0.08283815532922745, -0.3479864001274109]], "jaw_pose": [0.05339173600077629, -0.026374077424407005, 0.003078932175412774], "leye_pose": [0.0, 0.0, 0.0], "reye_pose": [0.0, 0.0, 0.0], "lhand_pose": [[0.03765726089477539, 0.39542579650878906, -0.6335649490356445], [0.17714838683605194, -0.10337985306978226, -1.006169080734253], [-0.08933890610933304, -0.13763177394866943, -0.2935023009777069], [-0.3045450747013092, 0.22806039452552795, -1.2516939640045166], [-0.12349583208560944, 0.017576100304722786, -0.8645687103271484], [-0.041342705488204956, -0.14320459961891174, -0.5285636186599731], [-0.7609342932701111, -0.5477141737937927, -0.9660983085632324], [-0.248225137591362, -0.06770281493663788, -0.6584165692329407], [-0.5245610475540161, -0.0424991250038147, -0.30381956696510315], [-0.2769458591938019, -0.15685254335403442, -1.2833106517791748], [-0.4115546941757202, -0.11547854542732239, -0.7603613138198853], [-0.266613245010376, -0.08868637681007385, -0.5446223020553589], [0.9212589859962463, 0.43547409772872925, 0.05353793129324913], [-0.5619298815727234, 0.047653667628765106, -0.16541050374507904], [0.6654670238494873, 0.22756296396255493, -0.18565936386585236]], "rhand_pose": [[0.032871901988983154, -0.470734566450119, 0.759579598903656], [0.19346317648887634, 0.06473062187433243, 0.8293697237968445], [-0.11018891632556915, 0.1276250034570694, 0.19759471714496613], [-0.3177403211593628, -0.193442240357399, 1.08119535446167], [-0.11933626979589462, -0.05042973533272743, 0.7041832208633423], [-0.03038976341485977, 0.11716082692146301, 0.41565823554992676], [-0.8716713786125183, 0.6780538558959961, 0.9566020965576172], [-0.17758360505104065, 0.059103548526763916, 0.52558434009552], [-0.47813352942466736, 0.01115142647176981, 0.20148998498916626], [-0.29405662417411804, 0.25339770317077637, 1.142781138420105], [-0.41568851470947266, 0.13780580461025238, 0.6032816171646118], [-0.23444350063800812, 0.0715595930814743, 0.46869170665740967], [0.8930231332778931, -0.6818757057189941, -0.018599532544612885], [-0.534950315952301, -0.034174904227256775, 0.14316247403621674], [0.6729904413223267, -0.20188337564468384, 0.15770575404167175]], "trans": [-0.26841023564338684, 0.7774679660797119, 1.652980089187622], "focal": [1177.7945556640625, 1177.7945556640625], "princpt": [680.0, 384.0], "img_size_wh": [1360, 768], "pad_ratio": 0.0}