{"betas": [-0.37180548906326294, 0.12139030545949936, 0.24038922786712646, 0.1506572961807251, -0.1347222775220871, -0.27971529960632324, -0.04289183020591736, 0.06157597154378891, -0.27552512288093567, 0.020074011757969856], "root_pose": [3.0724713802337646, -0.05492265895009041, 0.12877771258354187], "body_pose": [[-0.21446001529693604, -0.007286662235856056, 0.0495024137198925], [-0.1081959530711174, 0.011618053540587425, -0.08306862413883209], [0.298339307308197, 0.024390799924731255, 0.011867948807775974], [0.5469815135002136, 0.03528585284948349, -0.05478493869304657], [0.5530164837837219, 0.00898982584476471, 0.04071052372455597], [0.04787294939160347, 0.032665103673934937, -0.03234732523560524], [-0.1384643316268921, 0.11717503517866135, -0.04823235422372818], [-0.13104692101478577, -0.12527872622013092, 0.03392739221453667], [-0.08411683887243271, 0.03324056416749954, -0.03436870500445366], [0.0059204078279435635, -0.0028539772611111403, -0.006975802592933178], [0.012598355300724506, -0.00230969674885273, -1.5236895706038922e-05], [0.2606857120990753, -0.015471852384507656, -0.022301966324448586], [0.0862373635172844, -0.15068916976451874, -0.01683715544641018], [-0.05542728677392006, 0.34462109208106995, 0.010394183918833733], [-0.3115048408508301, 0.048028696328401566, -0.0387611947953701], [0.29443204402923584, -0.12089550495147705, -1.0734230279922485], [0.05508909747004509, 0.4845012128353119, 0.9888600707054138], [-0.3458857238292694, 4.558923721313477, -0.8277778029441833], [0.10475818067789078, 1.6730235815048218, -0.2752388119697571], [-0.8462896943092346, -0.13277468085289001, 0.21072213351726532], [-0.7288375496864319, 0.1423843502998352, -0.42486491799354553]], "jaw_pose": [0.04240340739488602, 0.007009859196841717, -0.13593554496765137], "leye_pose": [0.0, 0.0, 0.0], "reye_pose": [0.0, 0.0, 0.0], "lhand_pose": [[0.03420485183596611, 0.44663384556770325, -0.7210148572921753], [0.1725820153951645, -0.09542769938707352, -1.078376054763794], [-0.08982336521148682, -0.1299358457326889, -0.2849159836769104], [-0.2947033643722534, 0.22987590730190277, -1.1990679502487183], [-0.12044265121221542, 0.019106658175587654, -0.8874884843826294], [-0.042806584388017654, -0.15247569978237152, -0.5378174781799316], [-0.8562247157096863, -0.5371692776679993, -1.0152983665466309], [-0.23752616345882416, -0.05159273371100426, -0.680938184261322], [-0.517805814743042, -0.01824244111776352, -0.31927889585494995], [-0.28632086515426636, -0.16354703903198242, -1.248045563697815], [-0.40785837173461914, -0.09103144705295563, -0.7896231412887573], [-0.26837819814682007, -0.09595184028148651, -0.5468675494194031], [0.9428181052207947, 0.5146697759628296, 0.07125990092754364], [-0.5810253024101257, 0.06297735124826431, -0.16809137165546417], [0.6630162596702576, 0.23411943018436432, -0.18354704976081848]], "rhand_pose": [[0.013958118855953217, -0.3078742027282715, 0.7723841071128845], [0.16671320796012878, 0.07796359807252884, 1.1599600315093994], [-0.08514717221260071, 0.14565187692642212, 0.36579927802085876], [-0.33248206973075867, -0.184806689620018, 1.2048900127410889], [-0.13042619824409485, -0.02768639661371708, 1.0395750999450684], [-0.037913817912340164, 0.12378387898206711, 0.6388444900512695], [-0.8774026036262512, 0.46767494082450867, 1.1957728862762451], [-0.3092871904373169, 0.10304243862628937, 0.7540102601051331], [-0.5124625563621521, 0.029291518032550812, 0.42309966683387756], [-0.3295013904571533, 0.19890135526657104, 1.3150246143341064], [-0.43542975187301636, 0.11293534189462662, 0.973034143447876], [-0.2668558657169342, 0.09072795510292053, 0.6422623991966248], [0.925123393535614, -0.47087812423706055, -0.012934084981679916], [-0.5181615948677063, -0.04241758957505226, 0.17150627076625824], [0.690855860710144, -0.26394155621528625, 0.17651069164276123]], "trans": [-0.2663496434688568, 0.7414146661758423, 1.6092146635055542], "focal": [1177.7945556640625, 1177.7945556640625], "princpt": [680.0, 384.0], "img_size_wh": [1360, 768], "pad_ratio": 0.0}