{"betas": [-0.3718370497226715, 0.12141101807355881, 0.24039113521575928, 0.1505896896123886, -0.13471382856369019, -0.279659628868103, -0.04297922924160957, 0.061586786061525345, -0.27548325061798096, 0.02003549039363861], "root_pose": [3.127169609069824, -0.026942621916532516, 0.17490354180335999], "body_pose": [[-0.16511400043964386, 0.006748567800968885, 0.08661438524723053], [-0.14935897290706635, -0.010388425551354885, -0.0900304988026619], [0.2975020706653595, 0.0015467427438125014, 0.018748018890619278], [0.4864329397678375, 0.0381576307117939, -0.057136762887239456], [0.47383788228034973, -0.023444171994924545, 0.05242122709751129], [0.028472334146499634, 0.012818718329071999, -0.004791450686752796], [-0.11836342513561249, 0.09991466999053955, -0.04692438244819641], [-0.08064831793308258, -0.1285053938627243, 0.03200237452983856], [-0.1169317364692688, 0.005484137684106827, -0.0018538343720138073], [0.002059024991467595, -0.007162826601415873, -0.004472918808460236], [0.012686985544860363, -0.0022969467099756002, 0.007457396015524864], [0.28136470913887024, -0.001717022736556828, -0.0030429258476942778], [0.02728130854666233, -0.28919515013694763, -0.03276892378926277], [-0.02487526834011078, 0.268552303314209, -0.027516745030879974], [-0.2725754976272583, 0.06577441841363907, -0.14335621893405914], [0.19304250180721283, -0.29559126496315, -1.093677043914795], [0.08061303943395615, 0.3732592761516571, 1.102169156074524], [0.12152798473834991, -1.445021152496338, 0.2859368622303009], [0.08234593272209167, 1.4470696449279785, -0.3174038231372833], [-0.7318946123123169, -0.18779680132865906, 0.3077901601791382], [-0.6698354482650757, 0.2133379876613617, -0.419587105512619]], "jaw_pose": [0.047801241278648376, -0.0011697697918862104, -0.06497906148433685], "leye_pose": [0.0, 0.0, 0.0], "reye_pose": [0.0, 0.0, 0.0], "lhand_pose": [[0.03091292455792427, 0.4885517954826355, -0.7950654625892639], [0.19338387250900269, -0.0937366634607315, -1.0183806419372559], [-0.09367120265960693, -0.15186378359794617, -0.26258978247642517], [-0.31558576226234436, 0.2506735324859619, -1.2949799299240112], [-0.12161935120820999, 0.018944231793284416, -0.8174743056297302], [-0.03390927612781525, -0.1460016518831253, -0.5423114895820618], [-0.858767032623291, -0.5923336148262024, -1.082025408744812], [-0.2548207640647888, -0.08033660799264908, -0.6632888913154602], [-0.5023884773254395, -0.04160560294985771, -0.3152614235877991], [-0.29311907291412354, -0.21715018153190613, -1.35505211353302], [-0.41461828351020813, -0.13185803592205048, -0.7225281596183777], [-0.2532006502151489, -0.08148322999477386, -0.5582770705223083], [0.9212300777435303, 0.5257265567779541, 0.04425034299492836], [-0.5209472179412842, 0.049224868416786194, -0.16681846976280212], [0.6425124406814575, 0.24438685178756714, -0.1855332851409912]], "rhand_pose": [[0.03189250826835632, -0.3797650933265686, 0.6250389218330383], [0.17401933670043945, 0.07185349613428116, 0.9044788479804993], [-0.10602375119924545, 0.12952302396297455, 0.24168291687965393], [-0.32364416122436523, -0.19109736382961273, 1.0503416061401367], [-0.12364386767148972, -0.03649572283029556, 0.7976989150047302], [-0.03156857192516327, 0.11644487082958221, 0.49215075373649597], [-0.8509323000907898, 0.6021289825439453, 1.0326424837112427], [-0.2038215696811676, 0.07573258131742477, 0.5732094049453735], [-0.4777182936668396, 0.02117116190493107, 0.25462162494659424], [-0.29819533228874207, 0.2238137274980545, 1.1778836250305176], [-0.4170222878456116, 0.14728714525699615, 0.680413544178009], [-0.23723141849040985, 0.07926242798566818, 0.5150638818740845], [0.8782031536102295, -0.5333737134933472, -0.03567706048488617], [-0.5085341334342957, -0.03422607108950615, 0.15412652492523193], [0.6558844447135925, -0.21795018017292023, 0.15686778724193573]], "trans": [-0.2833750545978546, 0.8068791627883911, 1.6459041833877563], "focal": [1177.7945556640625, 1177.7945556640625], "princpt": [680.0, 384.0], "img_size_wh": [1360, 768], "pad_ratio": 0.0}