{"betas": [-0.37179359793663025, 0.1213795468211174, 0.24042470753192902, 0.15065179765224457, -0.13473442196846008, -0.27973124384880066, -0.04292242228984833, 0.061550937592983246, -0.2755168080329895, 0.02004956640303135], "root_pose": [3.0921294689178467, -0.04689774289727211, 0.1402827799320221], "body_pose": [[-0.1964055895805359, -0.00026687263743951917, 0.06653565168380737], [-0.13733947277069092, 0.005042668431997299, -0.08387493342161179], [0.2979911267757416, 0.01638941653072834, 0.014416348189115524], [0.5304068326950073, 0.034788139164447784, -0.05710487440228462], [0.5333133935928345, -0.004706999287009239, 0.047428932040929794], [0.03922730311751366, 0.026486404240131378, -0.024960117414593697], [-0.13571695983409882, 0.10785604268312454, -0.048633355647325516], [-0.12132773548364639, -0.1297578513622284, 0.030542900785803795], [-0.09623967111110687, 0.02350134216248989, -0.024922186508774757], [0.004776351619511843, -0.005555289331823587, -0.006732492707669735], [0.013299272395670414, -0.0017359672347083688, 0.0015138359740376472], [0.25895923376083374, -0.01395342405885458, -0.01748090609908104], [0.06865424662828445, -0.19029146432876587, -0.020393572747707367], [-0.05155085772275925, 0.33041873574256897, 0.004927312955260277], [-0.30175623297691345, 0.053849637508392334, -0.07395683974027634], [0.2676748037338257, -0.1710464060306549, -1.0944150686264038], [0.057149313390254974, 0.4576044976711273, 1.0095195770263672], [-0.3756323456764221, 4.582071304321289, -0.8741997480392456], [0.1006024107336998, 1.5991573333740234, -0.2882597744464874], [-0.7954087257385254, -0.11921397596597672, 0.2189079225063324], [-0.7163626551628113, 0.18053972721099854, -0.41063979268074036]], "jaw_pose": [0.04549014940857887, 0.00788115430623293, -0.1248665526509285], "leye_pose": [0.0, 0.0, 0.0], "reye_pose": [0.0, 0.0, 0.0], "lhand_pose": [[0.03465591371059418, 0.45433467626571655, -0.7650837302207947], [0.17868417501449585, -0.09340905398130417, -1.0695948600769043], [-0.08870967477560043, -0.13628318905830383, -0.28441715240478516], [-0.29645177721977234, 0.24158300459384918, -1.2422271966934204], [-0.12189040333032608, 0.01764463260769844, -0.8861513137817383], [-0.04111311584711075, -0.15020646154880524, -0.550216555595398], [-0.8638842105865479, -0.5368046760559082, -1.0621918439865112], [-0.24851222336292267, -0.06454657018184662, -0.6927697062492371], [-0.5167865753173828, -0.025770176202058792, -0.33025169372558594], [-0.2886508107185364, -0.17317427694797516, -1.3093879222869873], [-0.4121144115924835, -0.10145431011915207, -0.7951662540435791], [-0.2646363079547882, -0.09148506075143814, -0.5607520341873169], [0.9377676248550415, 0.5108562111854553, 0.051658403128385544], [-0.5531979203224182, 0.060732338577508926, -0.16945739090442657], [0.654252290725708, 0.2410343885421753, -0.18579614162445068]], "rhand_pose": [[0.02082265540957451, -0.32114458084106445, 0.6768683791160583], [0.1654837280511856, 0.0727061927318573, 1.0779191255569458], [-0.08970898389816284, 0.13641440868377686, 0.32902592420578003], [-0.3266562223434448, -0.18388551473617554, 1.1388300657272339], [-0.12905417382717133, -0.0272398442029953, 0.9765790700912476], [-0.036655180156230927, 0.11969194561243057, 0.5888656377792358], [-0.8598111867904663, 0.5111908316612244, 1.1262426376342773], [-0.2739800810813904, 0.09350267052650452, 0.6929524540901184], [-0.4991518259048462, 0.025965102016925812, 0.3641718626022339], [-0.3186717629432678, 0.20588570833206177, 1.2562177181243896], [-0.42985135316848755, 0.12470012903213501, 0.8879795670509338], [-0.2570478320121765, 0.08772388845682144, 0.5972366333007812], [0.9053822159767151, -0.4740232229232788, -0.023992154747247696], [-0.5112260580062866, -0.04184439033269882, 0.1695801317691803], [0.6793116331100464, -0.2477646768093109, 0.16186577081680298]], "trans": [-0.2732432186603546, 0.7642310261726379, 1.619731068611145], "focal": [1177.7945556640625, 1177.7945556640625], "princpt": [680.0, 384.0], "img_size_wh": [1360, 768], "pad_ratio": 0.0}