{"betas": [-0.37182459235191345, 0.1213923990726471, 0.24042096734046936, 0.15060918033123016, -0.13468150794506073, -0.27971601486206055, -0.04295724257826805, 0.061567336320877075, -0.27542051672935486, 0.0200385432690382], "root_pose": [3.11381459236145, -0.03720346838235855, 0.15725649893283844], "body_pose": [[-0.1775897890329361, 0.004715293645858765, 0.07998522371053696], [-0.1513356864452362, -0.0023879860527813435, -0.08634165674448013], [0.29799526929855347, 0.00858817994594574, 0.016792617738246918], [0.507249653339386, 0.03641746938228607, -0.05807124078273773], [0.5031498074531555, -0.016634661704301834, 0.05160059407353401], [0.0318681038916111, 0.019875207915902138, -0.015435799956321716], [-0.12885379791259766, 0.10158384591341019, -0.04780787229537964], [-0.10147760808467865, -0.1316426694393158, 0.030322423204779625], [-0.10909654945135117, 0.013991903513669968, -0.013332552276551723], [0.003202456049621105, -0.0071892086416482925, -0.00595475547015667], [0.013525663875043392, -0.0017734796274453402, 0.0040368312038481236], [0.26658907532691956, -0.009002177976071835, -0.010851461440324783], [0.04725583642721176, -0.23934027552604675, -0.027361063286662102], [-0.041188448667526245, 0.30436262488365173, -0.00907475408166647], [-0.2857680320739746, 0.0590459480881691, -0.10935009270906448], [0.22971922159194946, -0.23270335793495178, -1.1054354906082153], [0.06697745621204376, 0.4200698733329773, 1.049365758895874], [0.1272173821926117, -1.5059759616851807, 0.2997564375400543], [0.09485985338687897, 1.5176541805267334, -0.3028149902820587], [-0.761017382144928, -0.13528907299041748, 0.25089114904403687], [-0.7028713822364807, 0.215227410197258, -0.40514707565307617]], "jaw_pose": [0.048696327954530716, 0.006421912927180529, -0.10309228301048279], "leye_pose": [0.0, 0.0, 0.0], "reye_pose": [0.0, 0.0, 0.0], "lhand_pose": [[0.03245103731751442, 0.4762013256549835, -0.8090511560440063], [0.18927738070487976, -0.09244067221879959, -1.0542484521865845], [-0.09101974219083786, -0.14583511650562286, -0.273728609085083], [-0.3073711395263672, 0.2511310279369354, -1.2878795862197876], [-0.1220640018582344, 0.018389182165265083, -0.8576416373252869], [-0.037493746727705, -0.14797118306159973, -0.5537192821502686], [-0.8675983548164368, -0.5582380890846252, -1.0975477695465088], [-0.2552160918712616, -0.07647369056940079, -0.6881494522094727], [-0.5125859379768372, -0.03474210202693939, -0.32941728830337524], [-0.29242992401123047, -0.19636942446231842, -1.3610371351242065], [-0.41606900095939636, -0.1196589469909668, -0.7682464122772217], [-0.25901222229003906, -0.08502992987632751, -0.5657879114151001], [0.9297918081283569, 0.5214200019836426, 0.04274771735072136], [-0.5311442017555237, 0.055158548057079315, -0.17001022398471832], [0.6455159187316895, 0.2457626461982727, -0.18518859148025513]], "rhand_pose": [[0.026963604614138603, -0.34434351325035095, 0.6207104921340942], [0.16769996285438538, 0.07031995803117752, 0.9870449900627136], [-0.09698909521102905, 0.129842609167099, 0.28361812233924866], [-0.3236151337623596, -0.1840134710073471, 1.079126238822937], [-0.12695947289466858, -0.02967126853764057, 0.8894479870796204], [-0.034829281270504, 0.11704859137535095, 0.5354896783828735], [-0.8458207249641418, 0.5568408370018005, 1.0642868280410767], [-0.23479437828063965, 0.08375269174575806, 0.6271306872367859], [-0.4877396821975708, 0.023314673453569412, 0.3022947609424591], [-0.3050590753555298, 0.21302947402000427, 1.2036731243133545], [-0.42326027154922485, 0.1392422616481781, 0.7770176529884338], [-0.24645781517028809, 0.08307712525129318, 0.5506411194801331], [0.8882615566253662, -0.4953015148639679, -0.035509683191776276], [-0.5079718828201294, -0.039131857454776764, 0.16486050188541412], [0.6650561690330505, -0.23175986111164093, 0.15314318239688873]], "trans": [-0.2786271572113037, 0.7883026599884033, 1.6335017681121826], "focal": [1177.7945556640625, 1177.7945556640625], "princpt": [680.0, 384.0], "img_size_wh": [1360, 768], "pad_ratio": 0.0}