{"betas": [-0.3719210624694824, 0.12130393832921982, 0.24032016098499298, 0.1506616175174713, -0.13463564217090607, -0.27956175804138184, -0.04316069558262825, 0.06173301488161087, -0.2755304276943207, 0.01999060995876789], "root_pose": [2.95683217048645, 0.006982695776969194, 0.1318339854478836], "body_pose": [[-0.17062436044216156, 0.012546357698738575, 0.07561769336462021], [-0.17757205665111542, 0.0004920453066006303, -0.0958157405257225], [0.2928362190723419, -0.027632713317871094, 0.019168313592672348], [0.5148714780807495, 0.027298787608742714, -0.048803407698869705], [0.5153789520263672, -0.0027533944230526686, 0.04152349755167961], [0.10458303242921829, -0.007296359166502953, 0.014341522939503193], [-0.16728073358535767, 0.10178467631340027, -0.03749972581863403], [-0.10856432467699051, -0.09798203408718109, 0.04591462016105652], [-0.05781806260347366, -0.029816213995218277, 0.018089085817337036], [0.0048255580477416515, -0.003889135317876935, -0.012589942663908005], [0.010441215708851814, -0.010598256252706051, 0.0031565334647893906], [0.3031823933124542, 0.016216766089200974, -0.005012762267142534], [-0.05422087386250496, -0.32284513115882874, 0.016468120738863945], [0.0794222503900528, 0.053301457315683365, 0.0031099114567041397], [-0.30289727449417114, 0.10601407289505005, -0.16390642523765564], [0.05323788896203041, -0.41673704981803894, -0.9255897998809814], [0.18074457347393036, 0.10705286264419556, 1.1137217283248901], [-0.005745336879044771, 4.2916035652160645, -0.8643388748168945], [0.02696087770164013, 1.550165057182312, -0.35411956906318665], [-0.8902773857116699, -0.08262456953525543, 0.049376487731933594], [-0.5973864793777466, 0.1331396996974945, -0.25387102365493774]], "jaw_pose": [0.04527225345373154, -0.023875068873167038, -0.007832208648324013], "leye_pose": [0.0, 0.0, 0.0], "reye_pose": [0.0, 0.0, 0.0], "lhand_pose": [[0.04527789726853371, 0.3653094172477722, -0.7146312594413757], [0.1705753058195114, -0.10749974846839905, -1.067103624343872], [-0.07355307042598724, -0.13151784241199493, -0.3253690004348755], [-0.29491937160491943, 0.2249484360218048, -1.2474228143692017], [-0.12261345982551575, 0.02578824572265148, -0.9122968912124634], [-0.04426766186952591, -0.14071667194366455, -0.5479865670204163], [-0.8076093196868896, -0.3772921860218048, -1.092142939567566], [-0.23571352660655975, -0.07276546955108643, -0.7142123579978943], [-0.5543559789657593, -0.024147137999534607, -0.33763396739959717], [-0.27720335125923157, -0.08116143196821213, -1.3039535284042358], [-0.41100239753723145, -0.08914641290903091, -0.8449792265892029], [-0.28341785073280334, -0.09736087173223495, -0.566946804523468], [0.953840434551239, 0.34714871644973755, 0.03570253774523735], [-0.5711964964866638, 0.046647198498249054, -0.18577875196933746], [0.6918766498565674, 0.2337503880262375, -0.1782708764076233]], "rhand_pose": [[0.013600284233689308, -0.38880762457847595, 0.7646867036819458], [0.17792758345603943, 0.06117656081914902, 0.8988130688667297], [-0.08725535124540329, 0.12374451756477356, 0.25147053599357605], [-0.3155897557735443, -0.1573767066001892, 1.0678808689117432], [-0.11918773502111435, -0.033452730625867844, 0.7800612449645996], [-0.03416939452290535, 0.104087233543396, 0.4392813444137573], [-0.808903694152832, 0.6226280927658081, 0.9056549668312073], [-0.21209317445755005, 0.05345359072089195, 0.5595943927764893], [-0.477263480424881, 0.012091303244233131, 0.24091772735118866], [-0.2664317488670349, 0.23922626674175262, 1.0984179973602295], [-0.40975484251976013, 0.12509268522262573, 0.6871044635772705], [-0.2425226867198944, 0.070412777364254, 0.4969596564769745], [0.9050968885421753, -0.5680898427963257, -0.06264372169971466], [-0.5528730750083923, -0.03979046642780304, 0.17263586819171906], [0.6850212812423706, -0.2137915939092636, 0.1279362589120865]], "trans": [-0.25134971737861633, 0.7346057891845703, 1.625429391860962], "focal": [1177.7945556640625, 1177.7945556640625], "princpt": [680.0, 384.0], "img_size_wh": [1360, 768], "pad_ratio": 0.0}