{"betas": [-0.37186431884765625, 0.12138751149177551, 0.24038264155387878, 0.15059725940227509, -0.1347024291753769, -0.27966544032096863, -0.042997218668460846, 0.06160258129239082, -0.2754713296890259, 0.020038705319166183], "root_pose": [3.1207637786865234, -0.016645487397909164, 0.18544375896453857], "body_pose": [[-0.16520622372627258, 0.0074888430535793304, 0.09038183838129044], [-0.15330161154270172, -0.017552239820361137, -0.0916767492890358], [0.2990573048591614, -0.004603921435773373, 0.019845126196742058], [0.4824555218219757, 0.03703140467405319, -0.05638473853468895], [0.463787317276001, -0.028652654960751534, 0.052864912897348404], [0.0341598205268383, 0.005417646374553442, 0.005677154287695885], [-0.11506278812885284, 0.10192448645830154, -0.046039242297410965], [-0.06827262043952942, -0.12187796086072922, 0.03431447222828865], [-0.11389027535915375, -0.0015276516787707806, 0.007964051328599453], [0.0017222028691321611, -0.0064427792094647884, -0.0032456181943416595], [0.011398936621844769, -0.002970712259411812, 0.01030738465487957], [0.2947023808956146, 0.0037635578773915768, 0.0026847633998841047], [0.006973873823881149, -0.3311142325401306, -0.03270674869418144], [-0.006364287808537483, 0.22906334698200226, -0.034397292882204056], [-0.26692265272140503, 0.07472260296344757, -0.16638362407684326], [0.16182026267051697, -0.3538254499435425, -1.0635366439819336], [0.09398475289344788, 0.3177042603492737, 1.1364206075668335], [0.11040614545345306, -1.4385839700698853, 0.26435261964797974], [0.061866678297519684, 1.4007309675216675, -0.32986027002334595], [-0.7360246181488037, -0.2413860261440277, 0.37866178154945374], [-0.6097447872161865, 0.16417904198169708, -0.44591161608695984]], "jaw_pose": [0.04707060381770134, -0.011935137212276459, -0.026990411803126335], "leye_pose": [0.0, 0.0, 0.0], "reye_pose": [0.0, 0.0, 0.0], "lhand_pose": [[0.03181101381778717, 0.4685608148574829, -0.7166561484336853], [0.18743067979812622, -0.09692571312189102, -0.9858285784721375], [-0.09373177587985992, -0.14922656118869781, -0.2668069303035736], [-0.31459417939186096, 0.24307432770729065, -1.275244951248169], [-0.12225425243377686, 0.01688404567539692, -0.8075190782546997], [-0.033784087747335434, -0.14368118345737457, -0.5326932668685913], [-0.8264837265014648, -0.60768723487854, -1.0317572355270386], [-0.2542341649532318, -0.07837685197591782, -0.6480496525764465], [-0.4978102147579193, -0.04524572193622589, -0.3075104355812073], [-0.28743723034858704, -0.21274937689304352, -1.3141562938690186], [-0.41184279322624207, -0.1340760886669159, -0.7081133127212524], [-0.25191929936408997, -0.08070117980241776, -0.5524710416793823], [0.9151567220687866, 0.5052832365036011, 0.049214012920856476], [-0.5258157849311829, 0.04606151953339577, -0.16049188375473022], [0.6449573636054993, 0.23882782459259033, -0.18604661524295807]], "rhand_pose": [[0.03640526905655861, -0.432120680809021, 0.678263783454895], [0.18228457868099213, 0.07432470470666885, 0.8612297773361206], [-0.11296893656253815, 0.1325126588344574, 0.212879478931427], [-0.3262755870819092, -0.20553144812583923, 1.0698513984680176], [-0.1212511956691742, -0.04489430785179138, 0.744088888168335], [-0.028972582891583443, 0.11802852153778076, 0.46456044912338257], [-0.8783969283103943, 0.6481438875198364, 1.0362433195114136], [-0.1884562075138092, 0.07218550890684128, 0.550368070602417], [-0.4757138192653656, 0.018066056072711945, 0.23005051910877228], [-0.30225250124931335, 0.23782025277614594, 1.1883739233016968], [-0.4171512722969055, 0.14926059544086456, 0.6367485523223877], [-0.23241281509399414, 0.0759514570236206, 0.49914297461509705], [0.8783275485038757, -0.5887704491615295, -0.022170772776007652], [-0.5109037160873413, -0.03189828246831894, 0.14046432077884674], [0.6567854881286621, -0.21117553114891052, 0.16612011194229126]], "trans": [-0.2856043577194214, 0.8125605583190918, 1.6540346145629883], "focal": [1177.7945556640625, 1177.7945556640625], "princpt": [680.0, 384.0], "img_size_wh": [1360, 768], "pad_ratio": 0.0}