{"betas": [-0.3718048334121704, 0.12140341103076935, 0.24040377140045166, 0.15065410733222961, -0.13475854694843292, -0.2797132134437561, -0.04283834248781204, 0.06154709681868553, -0.2755536735057831, 0.020074021071195602], "root_pose": [3.0587899684906006, -0.05785249173641205, 0.120109923183918], "body_pose": [[-0.21687981486320496, -0.009525906294584274, 0.04509974271059036], [-0.09866932779550552, 0.013234008103609085, -0.08374777436256409], [0.2993263006210327, 0.030832938849925995, 0.00918693095445633], [0.5463962554931641, 0.03523983433842659, -0.054012052714824677], [0.5545586943626404, 0.010331171564757824, 0.03729405626654625], [0.053516000509262085, 0.037231676280498505, -0.03691565617918968], [-0.13493682444095612, 0.12276937812566757, -0.04777386412024498], [-0.12875330448150635, -0.12493685632944107, 0.03620433062314987], [-0.07721066474914551, 0.04145567864179611, -0.04052206501364708], [0.006252025254070759, -0.0012663982342928648, -0.006688108667731285], [0.01232173666357994, -0.003125187009572983, -0.0003072560648433864], [0.2683609127998352, -0.014643153175711632, -0.024451160803437233], [0.0963742583990097, -0.12580198049545288, -0.013097253628075123], [-0.05635653808712959, 0.3529540002346039, 0.014019360765814781], [-0.30501288175582886, 0.04098985344171524, -0.009104900993406773], [0.3055816888809204, -0.09017733484506607, -1.0659703016281128], [0.05805259570479393, 0.5019267797470093, 0.9834943413734436], [-0.2979843020439148, 4.552319049835205, -0.8113035559654236], [0.11023256927728653, 1.7169570922851562, -0.2642972767353058], [-0.9071586728096008, -0.1274060606956482, 0.2349325567483902], [-0.7517075538635254, 0.12482214719057083, -0.4427768290042877]], "jaw_pose": [0.04352692887187004, 0.009024071507155895, -0.1453726589679718], "leye_pose": [0.0, 0.0, 0.0], "reye_pose": [0.0, 0.0, 0.0], "lhand_pose": [[0.03090471215546131, 0.4526645839214325, -0.7036619186401367], [0.17414727807044983, -0.0965794250369072, -1.078822374343872], [-0.09343583136796951, -0.12832574546337128, -0.2776220738887787], [-0.29773569107055664, 0.22567978501319885, -1.1859382390975952], [-0.11989865452051163, 0.022443164139986038, -0.8733974099159241], [-0.04265160113573074, -0.15412510931491852, -0.5280179381370544], [-0.8421521186828613, -0.5474437475204468, -0.9904531836509705], [-0.22961924970149994, -0.04419209435582161, -0.6702227592468262], [-0.5152007937431335, -0.014966105110943317, -0.31051260232925415], [-0.28153517842292786, -0.16738826036453247, -1.2183995246887207], [-0.40643563866615295, -0.09159854799509048, -0.77601557970047], [-0.268221914768219, -0.0964893028140068, -0.5353045463562012], [0.9416064620018005, 0.5269639492034912, 0.08412081003189087], [-0.6012115478515625, 0.0643296092748642, -0.16658419370651245], [0.6684440970420837, 0.22976358234882355, -0.1822814792394638]], "rhand_pose": [[0.006452752742916346, -0.30173155665397644, 0.8658540844917297], [0.16923968493938446, 0.08570622652769089, 1.2262277603149414], [-0.08335032314062119, 0.15332067012786865, 0.38999730348587036], [-0.34101706743240356, -0.18521228432655334, 1.2701424360275269], [-0.13259974122047424, -0.027649711817502975, 1.0855286121368408], [-0.03890131786465645, 0.12845644354820251, 0.6784608960151672], [-0.8959718942642212, 0.4391575753688812, 1.2583363056182861], [-0.3363952934741974, 0.11131560802459717, 0.8064026832580566], [-0.5265777707099915, 0.032634519040584564, 0.4681827425956726], [-0.33876511454582214, 0.19495080411434174, 1.3757765293121338], [-0.4431629776954651, 0.11030491441488266, 1.0276868343353271], [-0.2753019630908966, 0.09056414663791656, 0.6799575090408325], [0.939042866230011, -0.47316449880599976, -0.00894853938370943], [-0.5209743976593018, -0.04336480796337128, 0.17490063607692719], [0.6966817378997803, -0.2768751084804535, 0.19222111999988556]], "trans": [-0.25704288482666016, 0.7275972366333008, 1.601913571357727], "focal": [1177.7945556640625, 1177.7945556640625], "princpt": [680.0, 384.0], "img_size_wh": [1360, 768], "pad_ratio": 0.0}