{"betas": [-0.37183982133865356, 0.12138139456510544, 0.24047093093395233, 0.15090949833393097, -0.13476066291332245, -0.2796478867530823, -0.04301049932837486, 0.061680085957050323, -0.27574506402015686, 0.0201555285602808], "root_pose": [3.1119368076324463, -0.03130626305937767, 0.0584588460624218], "body_pose": [[-0.18395072221755981, 0.011666545644402504, 0.09895085543394089], [-0.16277991235256195, -0.009817776270210743, -0.08847454935312271], [0.314120888710022, 0.015486313961446285, 0.004552857950329781], [0.4903319478034973, 0.032267164438962936, -0.06311073899269104], [0.4818773567676544, -0.03013928234577179, 0.052778344601392746], [0.03766734153032303, 0.012129650451242924, -0.01764826662838459], [-0.10364702343940735, 0.11035880446434021, -0.05663353204727173], [-0.0988166481256485, -0.09722501784563065, 0.02854538895189762], [-0.11806047707796097, 0.02325613610446453, -0.02327822335064411], [0.0031099668703973293, -0.003514679614454508, -0.002539694309234619], [0.01306823082268238, -0.002584615722298622, 0.009648493491113186], [0.25289133191108704, 0.006545480340719223, -0.01654706709086895], [-0.024829693138599396, -0.24185962975025177, -0.025156037881970406], [0.04311608895659447, 0.2836238741874695, 0.04074198007583618], [-0.3157768249511719, 0.06126644089818001, 0.034601226449012756], [0.1063465103507042, -0.30227571725845337, -1.0152151584625244], [0.20508502423763275, 0.3384484052658081, 1.1426492929458618], [-0.029566211625933647, -1.5408134460449219, 0.34152913093566895], [0.1658090502023697, 1.5644460916519165, -0.25875821709632874], [-0.9117196202278137, -0.10891993343830109, 0.34708070755004883], [-0.7896886467933655, 0.19328199326992035, -0.48376089334487915]], "jaw_pose": [0.06331916153430939, -0.0010993366595357656, -0.08136613667011261], "leye_pose": [0.0, 0.0, 0.0], "reye_pose": [0.0, 0.0, 0.0], "lhand_pose": [[0.03666391596198082, 0.3979056179523468, -0.7036850452423096], [0.1872546225786209, -0.09556229412555695, -1.0079004764556885], [-0.09227440506219864, -0.14735648036003113, -0.2599695026874542], [-0.3017883896827698, 0.23407842218875885, -1.2793664932250977], [-0.1293719857931137, 0.020427102223038673, -0.8483081459999084], [-0.038560900837183, -0.13941103219985962, -0.5321761965751648], [-0.7371464371681213, -0.5472690463066101, -0.9835155606269836], [-0.26205217838287354, -0.06762614846229553, -0.660572350025177], [-0.5048561692237854, -0.04734772443771362, -0.30907756090164185], [-0.2579602301120758, -0.18587136268615723, -1.303609848022461], [-0.42943453788757324, -0.13787777721881866, -0.7694277763366699], [-0.25969749689102173, -0.082000233232975, -0.5465299487113953], [0.903624951839447, 0.49130627512931824, 0.06518174707889557], [-0.5381631255149841, 0.04849455505609512, -0.16883082687854767], [0.6421827673912048, 0.23179933428764343, -0.1684076488018036]], "rhand_pose": [[-0.0035616066306829453, -0.4673231542110443, 0.7565696835517883], [0.19023527204990387, 0.06907901912927628, 0.9619179368019104], [-0.10689890384674072, 0.1253989338874817, 0.24299941956996918], [-0.33246639370918274, -0.2084921896457672, 1.1119027137756348], [-0.12348460406064987, -0.029569188132882118, 0.8469445109367371], [-0.033864740282297134, 0.12327124923467636, 0.49811816215515137], [-0.867139995098114, 0.6645798087120056, 1.041013240814209], [-0.21893954277038574, 0.0755763053894043, 0.5920175909996033], [-0.48964300751686096, 0.02050813101232052, 0.26435789465904236], [-0.2988603115081787, 0.25195568799972534, 1.227347731590271], [-0.4201231002807617, 0.16011154651641846, 0.7277624011039734], [-0.24299542605876923, 0.08508507162332535, 0.5123056769371033], [0.9007838368415833, -0.5534178018569946, -0.042067065834999084], [-0.5159269571304321, -0.05371608957648277, 0.15177413821220398], [0.6569889187812805, -0.2216569185256958, 0.17158228158950806]], "trans": [-0.16672950983047485, 0.7855947017669678, 1.617599368095398], "focal": [1177.7945556640625, 1177.7945556640625], "princpt": [680.0, 384.0], "img_size_wh": [1360, 768], "pad_ratio": 0.0}