{"betas": [-0.3718586266040802, 0.12137843668460846, 0.24049170315265656, 0.1508793979883194, -0.13476429879665375, -0.27969643473625183, -0.04298125579953194, 0.06166304275393486, -0.2757369577884674, 0.020193058997392654], "root_pose": [3.0681707859039307, -0.02100275456905365, 0.06460712850093842], "body_pose": [[-0.1829191893339157, 0.011716965585947037, 0.09734203666448593], [-0.1703939139842987, -0.01094883494079113, -0.08969741314649582], [0.3150438368320465, 0.010207290761172771, 0.0026008894201368093], [0.4929928779602051, 0.02716594934463501, -0.06135517731308937], [0.4991326630115509, -0.027818549424409866, 0.05076361820101738], [0.056509263813495636, 0.009410482831299305, -0.013811653479933739], [-0.10925528407096863, 0.10925900936126709, -0.056744977831840515], [-0.0980418473482132, -0.09670021384954453, 0.030185546725988388], [-0.09578843414783478, 0.01458965428173542, -0.015415948815643787], [0.0036639594472944736, -0.0028268801979720592, -0.0018718576757237315], [0.013348347507417202, -0.003331013722345233, 0.008723193779587746], [0.2539348006248474, 0.009463316760957241, -0.005282652098685503], [-0.05397535115480423, -0.27834975719451904, -0.019739415496587753], [0.05816059187054634, 0.24472832679748535, 0.026696495711803436], [-0.32428115606307983, 0.07220904529094696, 0.0004976341733708978], [0.05519237741827965, -0.34593525528907776, -0.955333411693573], [0.22427523136138916, 0.2920907139778137, 1.1384910345077515], [0.15148408710956573, 4.539067268371582, -1.0195058584213257], [0.14993031322956085, 1.5867156982421875, -0.2542758285999298], [-0.8825531601905823, -0.10246119648218155, 0.27167564630508423], [-0.7823647260665894, 0.17871123552322388, -0.45898765325546265]], "jaw_pose": [0.0582829974591732, -0.01144843827933073, -0.054847586899995804], "leye_pose": [0.0, 0.0, 0.0], "reye_pose": [0.0, 0.0, 0.0], "lhand_pose": [[0.05165954306721687, 0.37560686469078064, -0.6239358186721802], [0.17654705047607422, -0.09033405035734177, -0.9195185899734497], [-0.0885201171040535, -0.13713966310024261, -0.24940542876720428], [-0.2910265624523163, 0.23456978797912598, -1.2721048593521118], [-0.12721779942512512, 0.030418021604418755, -0.856879472732544], [-0.038283828645944595, -0.13961561024188995, -0.4899370074272156], [-0.7261688709259033, -0.5280912518501282, -0.9437656998634338], [-0.21544401347637177, -0.059469074010849, -0.6168403625488281], [-0.5061891078948975, -0.03495609015226364, -0.2629786729812622], [-0.261709600687027, -0.15837202966213226, -1.2695392370224], [-0.42432209849357605, -0.12383285164833069, -0.7810841798782349], [-0.25589919090270996, -0.09095724672079086, -0.5055099129676819], [0.9153711795806885, 0.47809112071990967, 0.049509625881910324], [-0.5487544536590576, 0.04866282641887665, -0.15972033143043518], [0.6540213227272034, 0.22012193500995636, -0.17303697764873505]], "rhand_pose": [[0.017351463437080383, -0.4455292224884033, 0.7085826396942139], [0.1821378916501999, 0.0646904706954956, 0.9292097091674805], [-0.1015164703130722, 0.12216530740261078, 0.24492983520030975], [-0.32114848494529724, -0.20420779287815094, 1.052304983139038], [-0.12137238681316376, -0.03157734498381615, 0.8309357166290283], [-0.033210959285497665, 0.12009116262197495, 0.48341265320777893], [-0.8743958473205566, 0.6355101466178894, 1.0440531969070435], [-0.1983291059732437, 0.07169996947050095, 0.5771864652633667], [-0.49217233061790466, 0.01147280354052782, 0.24316981434822083], [-0.3008708655834198, 0.23502540588378906, 1.1952242851257324], [-0.41108641028404236, 0.1427876502275467, 0.7172682881355286], [-0.2432694286108017, 0.08792861551046371, 0.5064055323600769], [0.9115834832191467, -0.5564250349998474, -0.03258698061108589], [-0.5226449370384216, -0.048986587673425674, 0.14678888022899628], [0.6644006371498108, -0.21324734389781952, 0.16381965577602386]], "trans": [-0.158914715051651, 0.7625322937965393, 1.6068578958511353], "focal": [1177.7945556640625, 1177.7945556640625], "princpt": [680.0, 384.0], "img_size_wh": [1360, 768], "pad_ratio": 0.0}