{"betas": [-0.3718310594558716, 0.12138716131448746, 0.24040567874908447, 0.15090349316596985, -0.1347983479499817, -0.27967995405197144, -0.04294251278042793, 0.06157949939370155, -0.27565744519233704, 0.020180873572826385], "root_pose": [3.1217048168182373, -0.03786184638738632, 0.06067797169089317], "body_pose": [[-0.1809355616569519, 0.009596728719770908, 0.08574967086315155], [-0.1564003974199295, 0.001280187163501978, -0.08703244477510452], [0.3101879060268402, 0.025004614144563675, 0.007003608159720898], [0.5076640844345093, 0.03551261126995087, -0.06136336922645569], [0.4977003037929535, -0.01877802051603794, 0.04886211082339287], [0.035399340093135834, 0.02653994783759117, -0.028380265459418297], [-0.1151122972369194, 0.11431645601987839, -0.05280163139104843], [-0.10023048520088196, -0.11342928558588028, 0.029444243758916855], [-0.1227860376238823, 0.03895110264420509, -0.03742164000868797], [0.003996311686933041, -0.0042513106018304825, -0.004345966037362814], [0.014219545759260654, -0.002958470256999135, 0.006183192133903503], [0.25280332565307617, -0.008605392649769783, -0.023028584197163582], [0.04469804838299751, -0.16229425370693207, -0.020108593627810478], [-0.006736110895872116, 0.35000818967819214, 0.047551508992910385], [-0.2918616235256195, 0.0491788424551487, 0.04747408255934715], [0.204881489276886, -0.1806883066892624, -1.112498164176941], [0.1430293768644333, 0.4437866508960724, 1.0852749347686768], [0.005540205165743828, -1.5509066581726074, 0.33493873476982117], [0.1877184957265854, 1.5944852828979492, -0.24938666820526123], [-0.96132493019104, -0.014299272559583187, 0.4142090082168579], [-0.7864114046096802, 0.28505468368530273, -0.45358508825302124]], "jaw_pose": [0.06245870888233185, 0.01385438721626997, -0.14564810693264008], "leye_pose": [0.0, 0.0, 0.0], "reye_pose": [0.0, 0.0, 0.0], "lhand_pose": [[0.02304159104824066, 0.4357076585292816, -0.7446087002754211], [0.19204841554164886, -0.09258578717708588, -1.0126430988311768], [-0.09954117983579636, -0.1435018628835678, -0.24662497639656067], [-0.29974138736724854, 0.2302677035331726, -1.2244998216629028], [-0.12888553738594055, 0.020295660942792892, -0.8037557005882263], [-0.0383613184094429, -0.14356771111488342, -0.5244185328483582], [-0.7364400029182434, -0.5750964879989624, -0.9381800889968872], [-0.2707971930503845, -0.058932092040777206, -0.6605086922645569], [-0.49568837881088257, -0.045138295739889145, -0.31497928500175476], [-0.24814775586128235, -0.20186223089694977, -1.243331789970398], [-0.4215698540210724, -0.12936288118362427, -0.7205811142921448], [-0.2586008310317993, -0.07939749956130981, -0.5387868881225586], [0.8897842168807983, 0.5383787751197815, 0.058926060795784], [-0.5447545647621155, 0.05649683624505997, -0.16850882768630981], [0.6450309753417969, 0.22741207480430603, -0.17433366179466248]], "rhand_pose": [[-0.027761919423937798, -0.3767867684364319, 0.7952562570571899], [0.1837458610534668, 0.0837077721953392, 1.112550973892212], [-0.10109496861696243, 0.13069090247154236, 0.2958625555038452], [-0.3470800220966339, -0.18972942233085632, 1.2038004398345947], [-0.13090696930885315, -0.02567369118332863, 0.9712654948234558], [-0.03722473233938217, 0.12248127162456512, 0.5593481063842773], [-0.8274933695793152, 0.6397994756698608, 1.0545107126235962], [-0.2878875434398651, 0.08399456739425659, 0.6595550775527954], [-0.4876125752925873, 0.04044157639145851, 0.346244752407074], [-0.30942249298095703, 0.25253522396087646, 1.2877904176712036], [-0.43597254157066345, 0.15118999779224396, 0.8586403131484985], [-0.25578969717025757, 0.08474356681108475, 0.5593622922897339], [0.8803728818893433, -0.4777471721172333, -0.05349653959274292], [-0.5109773278236389, -0.05692088231444359, 0.16915398836135864], [0.6632155776023865, -0.23624199628829956, 0.1809723824262619]], "trans": [-0.19156205654144287, 0.7829835414886475, 1.6187525987625122], "focal": [1177.7945556640625, 1177.7945556640625], "princpt": [680.0, 384.0], "img_size_wh": [1360, 768], "pad_ratio": 0.0}