{"betas": [-0.37186920642852783, 0.12136431038379669, 0.2404867708683014, 0.1508447229862213, -0.13476154208183289, -0.27971571683883667, -0.04303084313869476, 0.06168770417571068, -0.2757420539855957, 0.02017161063849926], "root_pose": [3.017409563064575, -0.010302693583071232, 0.06490558385848999], "body_pose": [[-0.18504561483860016, 0.010524727404117584, 0.08870439231395721], [-0.17192474007606506, -0.007226012647151947, -0.08779321610927582], [0.3173297643661499, 0.00463670352473855, 0.0041348920203745365], [0.5034245252609253, 0.025185121223330498, -0.057271093130111694], [0.5111410021781921, -0.017436137422919273, 0.04637709632515907], [0.08054812252521515, 0.010452093556523323, -0.009781405329704285], [-0.12128457427024841, 0.10759323090314865, -0.05364549905061722], [-0.10046698898077011, -0.09646103531122208, 0.03540235385298729], [-0.07502617686986923, 0.0070988270454108715, -0.00832387525588274], [0.0039808484725654125, -0.002286002039909363, -0.002525097457692027], [0.012992041185498238, -0.004749455954879522, 0.005927633494138718], [0.24794654548168182, 0.007324686273932457, 0.0020146064925938845], [-0.07105251401662827, -0.2991520166397095, 0.0004800620663445443], [0.06808573007583618, 0.20984257757663727, 0.012505651451647282], [-0.3235626220703125, 0.07900502532720566, -0.036950040608644485], [0.0223432295024395, -0.3745821416378021, -0.9191544055938721], [0.23437225818634033, 0.25386616587638855, 1.1054376363754272], [0.17981846630573273, 4.452687740325928, -1.0229687690734863], [0.13934406638145447, 1.6065109968185425, -0.24568936228752136], [-0.8576824069023132, -0.05800209566950798, 0.17726096510887146], [-0.752668023109436, 0.18117383122444153, -0.42303338646888733]], "jaw_pose": [0.05356445536017418, -0.018981337547302246, -0.04787947237491608], "leye_pose": [0.0, 0.0, 0.0], "reye_pose": [0.0, 0.0, 0.0], "lhand_pose": [[0.05752096697688103, 0.36291417479515076, -0.5980133414268494], [0.16963165998458862, -0.08584810793399811, -0.8971560001373291], [-0.08398062735795975, -0.1308138221502304, -0.2573377192020416], [-0.2831999361515045, 0.2339092344045639, -1.271904468536377], [-0.12548093497753143, 0.03764400631189346, -0.8640843033790588], [-0.03850637003779411, -0.13837961852550507, -0.47595641016960144], [-0.7222207188606262, -0.5071067214012146, -0.9351155161857605], [-0.20545300841331482, -0.05844132602214813, -0.6134568452835083], [-0.5097572207450867, -0.026815608143806458, -0.26128339767456055], [-0.2667897939682007, -0.1340850293636322, -1.256677508354187], [-0.4192402958869934, -0.10744510591030121, -0.7977946400642395], [-0.25720998644828796, -0.09708065539598465, -0.49410316348075867], [0.926281213760376, 0.46011003851890564, 0.03345673158764839], [-0.5546675324440002, 0.050307583063840866, -0.15857121348381042], [0.6674032807350159, 0.21606023609638214, -0.17871788144111633]], "rhand_pose": [[0.027381477877497673, -0.3960306644439697, 0.6559540629386902], [0.16833385825157166, 0.06058577448129654, 0.9241976737976074], [-0.09141115844249725, 0.1176687702536583, 0.26232966780662537], [-0.3140455484390259, -0.1852918416261673, 0.9900189638137817], [-0.1222255676984787, -0.028258582577109337, 0.8473336100578308], [-0.03418480232357979, 0.11372444778680801, 0.48102274537086487], [-0.8461694121360779, 0.6117972135543823, 1.0019663572311401], [-0.20633564889431, 0.06851264834403992, 0.5804664492607117], [-0.49029842019081116, 0.010362280532717705, 0.25015953183174133], [-0.2905403971672058, 0.21776050329208374, 1.1375380754470825], [-0.40493857860565186, 0.12809103727340698, 0.7437410950660706], [-0.24585480988025665, 0.09017429500818253, 0.5109304189682007], [0.9147465229034424, -0.5336214900016785, -0.03423956781625748], [-0.5323276519775391, -0.048871397972106934, 0.1500837653875351], [0.6694387197494507, -0.20816588401794434, 0.15219029784202576]], "trans": [-0.14949332177639008, 0.7305811047554016, 1.593345284461975], "focal": [1177.7945556640625, 1177.7945556640625], "princpt": [680.0, 384.0], "img_size_wh": [1360, 768], "pad_ratio": 0.0}