{"betas": [-0.37180495262145996, 0.12137417495250702, 0.24041849374771118, 0.1508842408657074, -0.13481350243091583, -0.27969110012054443, -0.0429183654487133, 0.061537738889455795, -0.2756229043006897, 0.02015809901058674], "root_pose": [3.0671489238739014, -0.04499240219593048, 0.09381839632987976], "body_pose": [[-0.18420551717281342, 0.0036169530358165503, 0.06514082103967667], [-0.14362196624279022, 0.007218649610877037, -0.08869369328022003], [0.3025982677936554, 0.03265434131026268, 0.004976548254489899], [0.5223073959350586, 0.031527262181043625, -0.0569537878036499], [0.522915244102478, -0.006960034370422363, 0.041377075016498566], [0.047964222729206085, 0.037247009575366974, -0.038015563040971756], [-0.122404083609581, 0.1187874972820282, -0.04962082952260971], [-0.10800426453351974, -0.12871153652668, 0.03333767130970955], [-0.0889890119433403, 0.04627577215433121, -0.04510658234357834], [0.005705003160983324, -0.0025378470309078693, -0.006981902290135622], [0.01383342407643795, -0.003184523666277528, 0.0020623081363737583], [0.26773443818092346, -0.014509420841932297, -0.02031506597995758], [0.09126276522874832, -0.11557730287313461, -0.010375315323472023], [-0.05056382343173027, 0.3637067973613739, 0.032454218715429306], [-0.28462734818458557, 0.041841816157102585, 0.021878285333514214], [0.2833458483219147, -0.09257639199495316, -1.0955400466918945], [0.07671196013689041, 0.5064753293991089, 1.0104881525039673], [-0.15524940192699432, 4.554282188415527, -0.8637009263038635], [0.13895563781261444, 1.6916521787643433, -0.24650779366493225], [-0.9754319787025452, -0.042567092925310135, 0.3321765959262848], [-0.811284065246582, 0.21843752264976501, -0.4398624897003174]], "jaw_pose": [0.04982784762978554, 0.013787860982120037, -0.16252189874649048], "leye_pose": [0.0, 0.0, 0.0], "reye_pose": [0.0, 0.0, 0.0], "lhand_pose": [[0.026847638189792633, 0.461093932390213, -0.7178301811218262], [0.18482711911201477, -0.09226817637681961, -1.0278990268707275], [-0.10236949473619461, -0.12980546057224274, -0.253763884305954], [-0.29477471113204956, 0.22769325971603394, -1.193145990371704], [-0.12223315238952637, 0.02718748338520527, -0.8306738138198853], [-0.040596719831228256, -0.15272729098796844, -0.5110011100769043], [-0.7853516340255737, -0.5726690888404846, -0.93938148021698], [-0.23166757822036743, -0.04310694336891174, -0.6522235870361328], [-0.5022949576377869, -0.02082940936088562, -0.3000871539115906], [-0.2617027163505554, -0.18750441074371338, -1.209685206413269], [-0.4081368148326874, -0.10485951602458954, -0.7427935004234314], [-0.26140812039375305, -0.0908730998635292, -0.5176638960838318], [0.9105162620544434, 0.551322340965271, 0.07148247212171555], [-0.5902498364448547, 0.0667816549539566, -0.16367177665233612], [0.665930449962616, 0.22234125435352325, -0.18149016797542572]], "rhand_pose": [[-0.014403624460101128, -0.3211063742637634, 0.9444822072982788], [0.1780932992696762, 0.09739641100168228, 1.2894009351730347], [-0.09108307957649231, 0.1574801504611969, 0.3883219063282013], [-0.35784634947776794, -0.18632419407367706, 1.3361101150512695], [-0.1360355019569397, -0.0232075247913599, 1.1207480430603027], [-0.038762085139751434, 0.12993136048316956, 0.6872755885124207], [-0.9026397466659546, 0.4927925765514374, 1.2610864639282227], [-0.3543907701969147, 0.10685774683952332, 0.814553439617157], [-0.5279498100280762, 0.041325293481349945, 0.4794173240661621], [-0.3524572253227234, 0.2168271392583847, 1.4309532642364502], [-0.45790183544158936, 0.12002696841955185, 1.051508903503418], [-0.2794978618621826, 0.08560031652450562, 0.6826064586639404], [0.9156618118286133, -0.46331340074539185, -0.030586225911974907], [-0.5090461373329163, -0.048693858087062836, 0.18462234735488892], [0.6927438974380493, -0.27402839064598083, 0.19832603633403778]], "trans": [-0.2319967895746231, 0.7420907020568848, 1.5988752841949463], "focal": [1177.7945556640625, 1177.7945556640625], "princpt": [680.0, 384.0], "img_size_wh": [1360, 768], "pad_ratio": 0.0}