{"betas": [-0.3718128502368927, 0.12139756232500076, 0.2404003143310547, 0.1507015824317932, -0.13480117917060852, -0.27970170974731445, -0.04290423542261124, 0.06157185882329941, -0.27556905150413513, 0.020132360979914665], "root_pose": [3.0549399852752686, -0.05333339422941208, 0.10943346470594406], "body_pose": [[-0.19916601479053497, -0.002942511346191168, 0.05519823357462883], [-0.12007426470518112, 0.009409544058144093, -0.0868796780705452], [0.3004760444164276, 0.03377646952867508, 0.00655518751591444], [0.5305137038230896, 0.03308146819472313, -0.054861947894096375], [0.5358830094337463, 0.0006263951072469354, 0.03880150616168976], [0.05285555124282837, 0.03889093175530434, -0.03874388337135315], [-0.12720222771167755, 0.12201529741287231, -0.04841024428606033], [-0.11936074495315552, -0.12807638943195343, 0.03519296646118164], [-0.0785902589559555, 0.04615244269371033, -0.04399046674370766], [0.006121918559074402, -0.0015502712922170758, -0.006868929136544466], [0.012743381783366203, -0.0034270973410457373, 0.0004937247140333056], [0.27166691422462463, -0.014129980467259884, -0.022857755422592163], [0.09877204895019531, -0.11407262831926346, -0.00920791458338499], [-0.056059788912534714, 0.35950160026550293, 0.021674586459994316], [-0.2903611958026886, 0.038104068487882614, 0.009742260910570621], [0.30267876386642456, -0.08089298009872437, -1.0773630142211914], [0.06380479782819748, 0.5103904008865356, 0.9912091493606567], [-0.23539966344833374, 4.5497589111328125, -0.8245595693588257], [0.12035643309354782, 1.7211942672729492, -0.25403061509132385], [-0.9525119066238403, -0.08769652992486954, 0.282866507768631], [-0.7835336923599243, 0.14739879965782166, -0.45536699891090393]], "jaw_pose": [0.04668783023953438, 0.01264787744730711, -0.15492619574069977], "leye_pose": [0.0, 0.0, 0.0], "reye_pose": [0.0, 0.0, 0.0], "lhand_pose": [[0.027353283017873764, 0.46352365612983704, -0.710791826248169], [0.1798938661813736, -0.09496825188398361, -1.063991904258728], [-0.09838748723268509, -0.12892435491085052, -0.2675376534461975], [-0.29764506220817566, 0.22786620259284973, -1.193938136100769], [-0.12099801748991013, 0.025727350264787674, -0.8574243783950806], [-0.041749585419893265, -0.15454022586345673, -0.5220140814781189], [-0.8190923929214478, -0.5626565217971802, -0.972703218460083], [-0.23005445301532745, -0.04247885197401047, -0.6640032529830933], [-0.5088734030723572, -0.016132310032844543, -0.30839598178863525], [-0.2733439803123474, -0.17964375019073486, -1.215744972229004], [-0.4072537124156952, -0.09720291942358017, -0.7674024701118469], [-0.2652888596057892, -0.09482145309448242, -0.5273942351341248], [0.928963303565979, 0.5398763418197632, 0.08307868987321854], [-0.6027171015739441, 0.06702186167240143, -0.16580797731876373], [0.669593095779419, 0.22758646309375763, -0.18257838487625122]], "rhand_pose": [[-0.0034201813396066427, -0.305768221616745, 0.9353062510490417], [0.17308984696865082, 0.09413303434848785, 1.280008316040039], [-0.08495675772428513, 0.159067302942276, 0.40432286262512207], [-0.3517167270183563, -0.18563774228096008, 1.3244249820709229], [-0.1353684663772583, -0.024599755182862282, 1.1223710775375366], [-0.039126403629779816, 0.13107754290103912, 0.7064074277877808], [-0.9120163917541504, 0.4418935775756836, 1.2957686185836792], [-0.35772237181663513, 0.11473607271909714, 0.8403592109680176], [-0.5346232652664185, 0.038095735013484955, 0.4986204504966736], [-0.3501037359237671, 0.20059148967266083, 1.4276379346847534], [-0.45401662588119507, 0.11225151270627975, 1.0667484998703003], [-0.2813502848148346, 0.08809587359428406, 0.7040513157844543], [0.9352222084999084, -0.46802324056625366, -0.01650307886302471], [-0.5144690275192261, -0.04576081410050392, 0.1822591871023178], [0.6972405910491943, -0.2829477787017822, 0.200712189078331]], "trans": [-0.24593833088874817, 0.7281297445297241, 1.5970344543457031], "focal": [1177.7945556640625, 1177.7945556640625], "princpt": [680.0, 384.0], "img_size_wh": [1360, 768], "pad_ratio": 0.0}