{"betas": [-0.3718394637107849, 0.12138520926237106, 0.24042095243930817, 0.15090185403823853, -0.1347816437482834, -0.27968183159828186, -0.042991455644369125, 0.06156297028064728, -0.275680810213089, 0.020176468417048454], "root_pose": [3.132014036178589, -0.03664053976535797, 0.054498545825481415], "body_pose": [[-0.18285109102725983, 0.011457015760242939, 0.09481818228960037], [-0.1577434092760086, -0.00542635889723897, -0.08740931749343872], [0.313006728887558, 0.020578134804964066, 0.006893446668982506], [0.49530869722366333, 0.03564884141087532, -0.0625700131058693], [0.4790835678577423, -0.025961892679333687, 0.05238664522767067], [0.031786881387233734, 0.018857568502426147, -0.02243649587035179], [-0.10750079900026321, 0.11222942173480988, -0.05487435683608055], [-0.10119045525789261, -0.10185298323631287, 0.028637530282139778], [-0.12894335389137268, 0.03218613192439079, -0.030878257006406784], [0.003312154905870557, -0.004092605318874121, -0.0034151452127844095], [0.013275643810629845, -0.0026831133291125298, 0.008439975790679455], [0.24927695095539093, -0.0012044764589518309, -0.023870369419455528], [0.011131055653095245, -0.19966113567352295, -0.022726532071828842], [0.021173924207687378, 0.3216778635978699, 0.04726254567503929], [-0.3013523817062378, 0.05189356580376625, 0.05140240862965584], [0.1592283546924591, -0.24401365220546722, -1.0790847539901733], [0.1786796748638153, 0.391651451587677, 1.1228594779968262], [-0.00880962423980236, -1.530147671699524, 0.33864104747772217], [0.18492166697978973, 1.5640549659729004, -0.256203293800354], [-0.938694953918457, -0.06442198157310486, 0.401445597410202], [-0.780446469783783, 0.23556825518608093, -0.4883495271205902]], "jaw_pose": [0.06538018584251404, 0.00858267117291689, -0.11638287454843521], "leye_pose": [0.0, 0.0, 0.0], "reye_pose": [0.0, 0.0, 0.0], "lhand_pose": [[0.023626433685421944, 0.4209006130695343, -0.7571587562561035], [0.19372452795505524, -0.09491965919733047, -1.0443828105926514], [-0.0961558148264885, -0.15045319497585297, -0.2595028579235077], [-0.3056659698486328, 0.23216722905635834, -1.2686705589294434], [-0.13064393401145935, 0.016749843955039978, -0.8279749155044556], [-0.03841220960021019, -0.14020833373069763, -0.5470040440559387], [-0.7361189126968384, -0.5685088634490967, -0.9789849519729614], [-0.2894182801246643, -0.06881008297204971, -0.6785440444946289], [-0.49936217069625854, -0.053113292902708054, -0.33451375365257263], [-0.25259876251220703, -0.20421560108661652, -1.2969413995742798], [-0.42968934774398804, -0.14077754318714142, -0.7487196326255798], [-0.26086121797561646, -0.0772363543510437, -0.5613471269607544], [0.8918198943138123, 0.5116457939147949, 0.06892383843660355], [-0.532185971736908, 0.05167310684919357, -0.17351172864437103], [0.6374351382255554, 0.23572860658168793, -0.16891907155513763]], "rhand_pose": [[-0.020739005878567696, -0.4338926672935486, 0.7663981318473816], [0.18852637708187103, 0.0746660977602005, 1.0214524269104004], [-0.10464813560247421, 0.12637610733509064, 0.26371830701828003], [-0.3411031663417816, -0.1988699734210968, 1.1469181776046753], [-0.12750644981861115, -0.02590990625321865, 0.8968166708946228], [-0.035799577832221985, 0.122508704662323, 0.5253482460975647], [-0.835544228553772, 0.6718010902404785, 1.022621989250183], [-0.2563937306404114, 0.07919459789991379, 0.6199348568916321], [-0.48524436354637146, 0.034128278493881226, 0.3052389919757843], [-0.2955581545829773, 0.2574200928211212, 1.239507794380188], [-0.4278571903705597, 0.16297022998332977, 0.7800013422966003], [-0.24748940765857697, 0.08451125770807266, 0.5301852226257324], [0.8858993649482727, -0.5170502066612244, -0.053081512451171875], [-0.5111518502235413, -0.058092519640922546, 0.1603391319513321], [0.6533652544021606, -0.22902770340442657, 0.17528654634952545]], "trans": [-0.17632721364498138, 0.7924847602844238, 1.622612476348877], "focal": [1177.7945556640625, 1177.7945556640625], "princpt": [680.0, 384.0], "img_size_wh": [1360, 768], "pad_ratio": 0.0}