{"betas": [-0.3718166649341583, 0.12139744311571121, 0.24036981165409088, 0.15088804066181183, -0.13479706645011902, -0.27969998121261597, -0.04290680214762688, 0.061560750007629395, -0.27564331889152527, 0.020156215876340866], "root_pose": [3.0937676429748535, -0.039533939212560654, 0.07558126747608185], "body_pose": [[-0.18109890818595886, 0.006552354898303747, 0.07405710965394974], [-0.153950035572052, 0.006224500481039286, -0.08790834993124008], [0.3061833083629608, 0.029050089418888092, 0.005555125884711742], [0.519301176071167, 0.03301411122083664, -0.059455182403326035], [0.5167984366416931, -0.01206423994153738, 0.04441923275589943], [0.041677385568618774, 0.032859377562999725, -0.03423186391592026], [-0.1198575496673584, 0.11614002287387848, -0.05106007680296898], [-0.10054464638233185, -0.12459272891283035, 0.031197872012853622], [-0.10612966120243073, 0.04333195090293884, -0.04264872521162033], [0.004878746345639229, -0.0035749548114836216, -0.005872076842933893], [0.014617501758038998, -0.0030079414136707783, 0.0039168549701571465], [0.2610180079936981, -0.012958958745002747, -0.01985793374478817], [0.07229997217655182, -0.13295340538024902, -0.01579468883574009], [-0.03371259197592735, 0.36249208450317383, 0.0422559417784214], [-0.2876904606819153, 0.047316472977399826, 0.033688969910144806], [0.2475701868534088, -0.12683536112308502, -1.1113262176513672], [0.10429766774177551, 0.48435139656066895, 1.0428345203399658], [-0.07154721021652222, 4.569879055023193, -0.9279005527496338], [0.16627636551856995, 1.643061637878418, -0.24503888189792633], [-0.977669358253479, -0.01078441645950079, 0.3802240192890167], [-0.8098137974739075, 0.28602737188339233, -0.4196943938732147]], "jaw_pose": [0.05541763827204704, 0.014354248531162739, -0.16079668700695038], "leye_pose": [0.0, 0.0, 0.0], "reye_pose": [0.0, 0.0, 0.0], "lhand_pose": [[0.02670748345553875, 0.44843003153800964, -0.7197961211204529], [0.1879022866487503, -0.09139219671487808, -0.9954857230186462], [-0.10229325294494629, -0.13425631821155548, -0.24227488040924072], [-0.2941519618034363, 0.22808721661567688, -1.190824270248413], [-0.12471678107976913, 0.025345182046294212, -0.8018521666526794], [-0.03916336968541145, -0.14855621755123138, -0.5046233534812927], [-0.7539853453636169, -0.573478102684021, -0.9185998439788818], [-0.24014517664909363, -0.04796132445335388, -0.6443755030632019], [-0.4971734285354614, -0.03086114302277565, -0.293830007314682], [-0.25104156136512756, -0.19141265749931335, -1.205876350402832], [-0.4116361141204834, -0.1145501434803009, -0.7129163146018982], [-0.25817567110061646, -0.08502448350191116, -0.5164659023284912], [0.8970992565155029, 0.5540890097618103, 0.05825699493288994], [-0.5700576305389404, 0.06206740811467171, -0.16311123967170715], [0.6576288342475891, 0.21981078386306763, -0.17910847067832947]], "rhand_pose": [[-0.02379826083779335, -0.33936619758605957, 0.8761550188064575], [0.18131917715072632, 0.09297037124633789, 1.2203903198242188], [-0.09806351363658905, 0.1442253142595291, 0.3398801386356354], [-0.35405802726745605, -0.18666552007198334, 1.2845553159713745], [-0.1339171975851059, -0.025392480194568634, 1.0580109357833862], [-0.038078080862760544, 0.1259479820728302, 0.6173569560050964], [-0.8600096702575684, 0.5730791687965393, 1.151896595954895], [-0.3209436237812042, 0.09290421009063721, 0.7300598621368408], [-0.5055911540985107, 0.04076358675956726, 0.4068738520145416], [-0.33510780334472656, 0.23753954470157623, 1.3702625036239624], [-0.4483788311481476, 0.1347949206829071, 0.9609910249710083], [-0.2680501639842987, 0.08468803763389587, 0.6153783202171326], [0.8929290175437927, -0.4627562463283539, -0.04409892112016678], [-0.5107331275939941, -0.05194947496056557, 0.17806272208690643], [0.6808145046234131, -0.25213930010795593, 0.1905190646648407]], "trans": [-0.21228304505348206, 0.7632306814193726, 1.608360767364502], "focal": [1177.7945556640625, 1177.7945556640625], "princpt": [680.0, 384.0], "img_size_wh": [1360, 768], "pad_ratio": 0.0}