{"betas": [-0.371877521276474, 0.12135812640190125, 0.24049964547157288, 0.15080946683883667, -0.13470566272735596, -0.2797487676143646, -0.04302903637290001, 0.06169498711824417, -0.2757120132446289, 0.02017550729215145], "root_pose": [2.9786219596862793, -0.0013274744851514697, 0.05990121141076088], "body_pose": [[-0.19377250969409943, 0.005666140466928482, 0.07918024808168411], [-0.16423319280147552, -0.0002687828673515469, -0.08136839419603348], [0.32063227891921997, -0.001169856870546937, 0.008904162794351578], [0.5204512476921082, 0.02534719742834568, -0.05307351425290108], [0.5126124024391174, -0.005419566761702299, 0.041840918362140656], [0.10298430919647217, 0.012087732553482056, -0.00462306896224618], [-0.1315566897392273, 0.10750579088926315, -0.04847704991698265], [-0.10212655365467072, -0.09553980082273483, 0.042805302888154984], [-0.06025722995400429, -9.73697315203026e-05, -0.001151074655354023], [0.0034344547893851995, -0.0020677950233221054, -0.0048401737585663795], [0.011942696757614613, -0.00610247440636158, 0.0040013412944972515], [0.2446347326040268, 0.004740213043987751, 0.0023481929674744606], [-0.08263597637414932, -0.30754202604293823, 0.0279302466660738], [0.07449506968259811, 0.1813623011112213, 0.011102923192083836], [-0.32049065828323364, 0.08382590860128403, -0.066340371966362], [0.005426995921880007, -0.39534541964530945, -0.8982799649238586], [0.2328680008649826, 0.21749594807624817, 1.0531716346740723], [0.1613623946905136, 4.363546848297119, -1.025225043296814], [0.12190558016300201, 1.609993577003479, -0.24018174409866333], [-0.8244802355766296, -0.0023511669132858515, 0.0804544985294342], [-0.7132866382598877, 0.18867060542106628, -0.3810814321041107]], "jaw_pose": [0.04851934313774109, -0.023037975654006004, -0.052023012191057205], "leye_pose": [0.0, 0.0, 0.0], "reye_pose": [0.0, 0.0, 0.0], "lhand_pose": [[0.06208168715238571, 0.3546762466430664, -0.6336698532104492], [0.16566914319992065, -0.08986092358827591, -0.9553543329238892], [-0.07656454294919968, -0.1314271092414856, -0.2868911027908325], [-0.2793196141719818, 0.23422923684120178, -1.280005693435669], [-0.1236196905374527, 0.03965412825345993, -0.8745577335357666], [-0.040312185883522034, -0.13758951425552368, -0.5031783580780029], [-0.7619745135307312, -0.44386026263237, -1.009106159210205], [-0.21672745048999786, -0.06692780554294586, -0.6608652472496033], [-0.5259698629379272, -0.016216620802879333, -0.2973152995109558], [-0.27299830317497253, -0.10967619717121124, -1.2867494821548462], [-0.41491857171058655, -0.09302197396755219, -0.8213714957237244], [-0.2649174928665161, -0.09797107428312302, -0.5237604975700378], [0.9516243934631348, 0.4357331097126007, 0.009122670628130436], [-0.5621633529663086, 0.04837767407298088, -0.1621100753545761], [0.6855514645576477, 0.22069098055362701, -0.18349315226078033]], "rhand_pose": [[0.030392425134778023, -0.35001420974731445, 0.6277784109115601], [0.15499335527420044, 0.06056823208928108, 0.9258487224578857], [-0.08146790415048599, 0.11357487738132477, 0.27619096636772156], [-0.3113603889942169, -0.16260413825511932, 0.9536837935447693], [-0.12192006409168243, -0.026400255039334297, 0.8652862310409546], [-0.034987401217222214, 0.10758490115404129, 0.47472071647644043], [-0.8163400292396545, 0.589812695980072, 0.9486393332481384], [-0.21294549107551575, 0.06715492904186249, 0.5882118940353394], [-0.4869491755962372, 0.004953532479703426, 0.2580491602420807], [-0.2769773304462433, 0.20609579980373383, 1.084566593170166], [-0.4006854295730591, 0.1227002963423729, 0.7633908987045288], [-0.24528810381889343, 0.0859157145023346, 0.5149063467979431], [0.9170859456062317, -0.5118899345397949, -0.041457608342170715], [-0.5504607558250427, -0.0486360639333725, 0.1544845551252365], [0.6793504357337952, -0.2030847817659378, 0.13883769512176514]], "trans": [-0.13898560404777527, 0.6980905532836914, 1.584736943244934], "focal": [1177.7945556640625, 1177.7945556640625], "princpt": [680.0, 384.0], "img_size_wh": [1360, 768], "pad_ratio": 0.0}