{"betas": [-0.3718811273574829, 0.12134641408920288, 0.24047161638736725, 0.15073536336421967, -0.13471025228500366, -0.27977854013442993, -0.04304538667201996, 0.06171495467424393, -0.27566471695899963, 0.020158428698778152], "root_pose": [2.959470748901367, 0.0066146887838840485, 0.05341044440865517], "body_pose": [[-0.20187434554100037, 5.309752668836154e-05, 0.07454731315374374], [-0.1538182646036148, 0.0028618948999792337, -0.07594739645719528], [0.3212131857872009, -0.0068139382638037205, 0.013936773873865604], [0.5323376655578613, 0.02433999441564083, -0.049694620072841644], [0.505418598651886, 0.0016712406650185585, 0.039797089993953705], [0.11764288693666458, 0.01199999451637268, 0.0011611994123086333], [-0.1348654180765152, 0.10932203382253647, -0.04481733217835426], [-0.09752750396728516, -0.09456915408372879, 0.04899715259671211], [-0.05142867937684059, -0.007760828826576471, 0.006633359007537365], [0.002621412742882967, -0.0024184868671000004, -0.008092819713056087], [0.011034687981009483, -0.007404951844364405, 0.004298617132008076], [0.25684019923210144, 0.0040858737193048, -0.0011939923278987408], [-0.09307745099067688, -0.31459343433380127, 0.05200928449630737], [0.08002817630767822, 0.15889713168144226, 0.01828005537390709], [-0.31646502017974854, 0.08955536782741547, -0.08393380045890808], [-0.0010920640779659152, -0.41462770104408264, -0.8862842321395874], [0.22588826715946198, 0.18227697908878326, 1.0050636529922485], [0.12147582322359085, 4.315609455108643, -1.009386658668518], [0.09650660306215286, 1.5969198942184448, -0.23768886923789978], [-0.7885865569114685, 0.03129734843969345, 0.029810816049575806], [-0.6738481521606445, 0.19401122629642487, -0.3420194387435913]], "jaw_pose": [0.042781006544828415, -0.02540280856192112, -0.055005427449941635], "leye_pose": [0.0, 0.0, 0.0], "reye_pose": [0.0, 0.0, 0.0], "lhand_pose": [[0.07136927545070648, 0.3564867079257965, -0.689341127872467], [0.1657702475786209, -0.09925748407840729, -1.024625301361084], [-0.06972987949848175, -0.13297659158706665, -0.30891725420951843], [-0.27769768238067627, 0.2354821264743805, -1.292022943496704], [-0.12158264964818954, 0.03959834575653076, -0.8778178691864014], [-0.04297947511076927, -0.13888734579086304, -0.5319055914878845], [-0.8128373622894287, -0.3759738504886627, -1.0855926275253296], [-0.21662002801895142, -0.07540543377399445, -0.7044070959091187], [-0.5456162691116333, -0.00230447412468493, -0.323519229888916], [-0.27914929389953613, -0.0941980853676796, -1.3263404369354248], [-0.41033071279525757, -0.08511659502983093, -0.8329007029533386], [-0.2721063792705536, -0.0968029797077179, -0.5545639991760254], [0.9835584759712219, 0.41417667269706726, -0.01823057420551777], [-0.5719242095947266, 0.04385804384946823, -0.1594383269548416], [0.7018865942955017, 0.22264176607131958, -0.18649348616600037]], "rhand_pose": [[0.03256472945213318, -0.3192552626132965, 0.6413203477859497], [0.14732635021209717, 0.0646335780620575, 0.9428417682647705], [-0.07341767102479935, 0.11295875906944275, 0.2852899730205536], [-0.31467217206954956, -0.14290854334831238, 0.9621290564537048], [-0.12016782909631729, -0.02756498008966446, 0.8817322850227356], [-0.035230379551649094, 0.10325068980455399, 0.4742238521575928], [-0.8056564927101135, 0.5661488771438599, 0.9316678047180176], [-0.2165743112564087, 0.07051122933626175, 0.602741003036499], [-0.4899650514125824, -0.00040874016121961176, 0.26886186003685], [-0.2730189859867096, 0.20117996633052826, 1.0765467882156372], [-0.40179750323295593, 0.12459170073270798, 0.7746493220329285], [-0.2439698576927185, 0.07593249529600143, 0.5293488502502441], [0.9200636148452759, -0.4948539733886719, -0.048994507640600204], [-0.5670251846313477, -0.044265586882829666, 0.15265905857086182], [0.6913173198699951, -0.19885165989398956, 0.1282258778810501]], "trans": [-0.12979432940483093, 0.6747258901596069, 1.5829639434814453], "focal": [1177.7945556640625, 1177.7945556640625], "princpt": [680.0, 384.0], "img_size_wh": [1360, 768], "pad_ratio": 0.0}