{"betas": [-0.3718511462211609, 0.12142924964427948, 0.24039749801158905, 0.15064485371112823, -0.13469655811786652, -0.2797238826751709, -0.04300519451498985, 0.06195346266031265, -0.2756832540035248, 0.02003331668674946], "root_pose": [3.0595452785491943, -0.02929435297846794, 0.042733944952487946], "body_pose": [[-0.17054155468940735, 0.004277551546692848, 0.08769159018993378], [-0.11775804311037064, -0.011163993738591671, -0.07515688240528107], [0.3108401298522949, 0.017138713970780373, 0.013648685067892075], [0.496161550283432, 0.025561943650245667, -0.06032532826066017], [0.4693498909473419, -0.02341659553349018, 0.045543599873781204], [0.06746157258749008, 0.014408610761165619, -0.012720891274511814], [-0.12820932269096375, 0.11627259850502014, -0.04739556461572647], [-0.10108517855405807, -0.12939362227916718, 0.027457594871520996], [-0.07058503478765488, 0.02427080273628235, -0.012783871963620186], [0.002520723035559058, -0.005340514238923788, -0.0063284835778176785], [0.010574152693152428, -0.0004637615056708455, 0.009526343084871769], [0.2500554919242859, 0.0030848185997456312, -0.013569306582212448], [0.05664796009659767, -0.16462942957878113, -0.005758334416896105], [-0.03569214418530464, 0.29954993724823, 0.0161285363137722], [-0.2975754141807556, 0.08542384952306747, -0.04961593821644783], [0.23369315266609192, -0.17892153561115265, -1.1121530532836914], [0.04638568311929703, 0.3883650302886963, 1.0425633192062378], [0.12120550870895386, -1.5068916082382202, 0.32412147521972656], [0.04008316248655319, 1.5274664163589478, -0.321042537689209], [-0.6363644599914551, -0.2210814356803894, 0.21986687183380127], [-0.73289954662323, 0.1556451916694641, -0.34681037068367004]], "jaw_pose": [0.048611290752887726, 0.00710637541487813, -0.1289791613817215], "leye_pose": [0.0, 0.0, 0.0], "reye_pose": [0.0, 0.0, 0.0], "lhand_pose": [[0.0439106784760952, 0.4630626440048218, -0.7758088111877441], [0.19192728400230408, -0.09696808457374573, -0.9639151692390442], [-0.0989229828119278, -0.14859521389007568, -0.23300984501838684], [-0.29678940773010254, 0.2226291447877884, -1.1945204734802246], [-0.11624699085950851, 0.029800843447446823, -0.7720955610275269], [-0.03340766206383705, -0.15503214299678802, -0.48822274804115295], [-0.85857754945755, -0.58223557472229, -1.005377173423767], [-0.18747812509536743, -0.046991072595119476, -0.6094632148742676], [-0.49102193117141724, -0.018427932634949684, -0.2525639533996582], [-0.28343409299850464, -0.2103298306465149, -1.268500804901123], [-0.39699527621269226, -0.09643570333719254, -0.6645075678825378], [-0.25019562244415283, -0.09739299863576889, -0.506399929523468], [0.9392336010932922, 0.5973382592201233, 0.011056373827159405], [-0.5523548722267151, 0.04850834980607033, -0.14693684875965118], [0.6614239811897278, 0.2199651449918747, -0.20119154453277588]], "rhand_pose": [[0.03964697942137718, -0.3148632049560547, 0.5875318050384521], [0.16532301902770996, 0.07225126773118973, 0.8890737295150757], [-0.09813786298036575, 0.12858718633651733, 0.2618243992328644], [-0.3143255412578583, -0.1648968756198883, 0.9865070581436157], [-0.12639769911766052, -0.03500225767493248, 0.8525327444076538], [-0.03238488361239433, 0.11962694674730301, 0.48553165793418884], [-0.8384447693824768, 0.5514417290687561, 1.0037592649459839], [-0.19236193597316742, 0.07046304643154144, 0.5843805074691772], [-0.4772859215736389, 0.008843287825584412, 0.2528516948223114], [-0.2966196835041046, 0.21127697825431824, 1.136070966720581], [-0.40839141607284546, 0.12458876520395279, 0.7403680086135864], [-0.24256718158721924, 0.08912598341703415, 0.5021145939826965], [0.9087306261062622, -0.5383697748184204, 0.009416550397872925], [-0.523078978061676, -0.02742299810051918, 0.14462485909461975], [0.6864006519317627, -0.20371609926223755, 0.16973577439785004]], "trans": [-0.09454333782196045, 0.7519075870513916, 1.5880261659622192], "focal": [1177.7945556640625, 1177.7945556640625], "princpt": [680.0, 384.0], "img_size_wh": [1360, 768], "pad_ratio": 0.0}