{"betas": [-0.3718632161617279, 0.12137206643819809, 0.24052660167217255, 0.15058745443820953, -0.13461017608642578, -0.279793918132782, -0.0430239699780941, 0.06194854527711868, -0.2755664885044098, 0.02011614292860031], "root_pose": [3.0052297115325928, 0.0058914306573569775, 0.06776820868253708], "body_pose": [[-0.17704543471336365, -0.0007139378576539457, 0.09161587059497833], [-0.13765062391757965, -0.02974352240562439, -0.08492422103881836], [0.3051426112651825, -0.006028089206665754, 0.023162802681326866], [0.515380322933197, 0.0219709612429142, -0.05307707563042641], [0.475462406873703, -0.020532924681901932, 0.05185241624712944], [0.08427774161100388, 0.012625044211745262, 0.01715199463069439], [-0.14191606640815735, 0.10588927567005157, -0.048598501831293106], [-0.08651141822338104, -0.11461949348449707, 0.04126754403114319], [-0.0704243928194046, -0.0009296398493461311, 0.02776438184082508], [0.0015120377065613866, -0.0032828496769070625, -0.009840192273259163], [0.011476241052150726, -0.0035471306182444096, 0.0075806742534041405], [0.3041256070137024, -0.002723623998463154, 0.00338197429664433], [-0.0687284767627716, -0.33337005972862244, 0.07405535876750946], [0.045406509190797806, 0.1601771116256714, 0.020439550280570984], [-0.28449729084968567, 0.09656861424446106, -0.07562042027711868], [0.0981748029589653, -0.42859095335006714, -0.9942217469215393], [0.12659934163093567, 0.16961267590522766, 0.9892781972885132], [-0.29682856798171997, 4.564809799194336, -0.8685166239738464], [0.016689255833625793, 1.355040192604065, -0.28212475776672363], [-0.6167116761207581, -0.20402641594409943, 0.20102185010910034], [-0.5579492449760437, 0.14702846109867096, -0.3502424359321594]], "jaw_pose": [0.04498273506760597, -0.015765991061925888, -0.03802051022648811], "leye_pose": [0.0, 0.0, 0.0], "reye_pose": [0.0, 0.0, 0.0], "lhand_pose": [[0.04924524948000908, 0.47129806876182556, -0.7109264731407166], [0.194578155875206, -0.1087222769856453, -1.0192619562149048], [-0.09418341517448425, -0.14510281383991241, -0.2818407714366913], [-0.29660096764564514, 0.22822712361812592, -1.3339507579803467], [-0.12020307779312134, 0.0343230776488781, -0.9372993111610413], [-0.03976903110742569, -0.1476735919713974, -0.526549220085144], [-0.8494216203689575, -0.5657992362976074, -1.096742868423462], [-0.2610437870025635, -0.06490104645490646, -0.7117053270339966], [-0.5262529253959656, -0.03178387135267258, -0.3036494851112366], [-0.2914007306098938, -0.19730588793754578, -1.4170008897781372], [-0.41404005885124207, -0.09307960420846939, -0.8243293166160583], [-0.26421791315078735, -0.09726832062005997, -0.538158118724823], [0.9292089343070984, 0.5209197998046875, 0.06712592393159866], [-0.5627496838569641, 0.05501406639814377, -0.15237562358379364], [0.683665931224823, 0.21746143698692322, -0.19632168114185333]], "rhand_pose": [[0.025988144800066948, -0.4822465777397156, 0.8523688912391663], [0.1912979781627655, 0.07129747420549393, 0.9316619634628296], [-0.1087629422545433, 0.1370261311531067, 0.2250245362520218], [-0.3310892879962921, -0.18215911090373993, 1.1590906381607056], [-0.12072188407182693, -0.04758322611451149, 0.8228161334991455], [-0.028589855879545212, 0.11859949678182602, 0.4641801416873932], [-0.9240494966506958, 0.6628457903862, 1.038419246673584], [-0.2163046896457672, 0.06811168789863586, 0.5811911821365356], [-0.4855347275733948, 0.016106341034173965, 0.25200316309928894], [-0.3299141526222229, 0.27645978331565857, 1.2275487184524536], [-0.4304467439651489, 0.139556884765625, 0.7194581031799316], [-0.2391604781150818, 0.07541893422603607, 0.5167344808578491], [0.8898224234580994, -0.58526611328125, -0.0030302663799375296], [-0.5346212983131409, -0.0317038893699646, 0.1430215835571289], [0.6899651288986206, -0.21239186823368073, 0.15750570595264435]], "trans": [-0.09447336941957474, 0.7399811744689941, 1.5839210748672485], "focal": [1177.7945556640625, 1177.7945556640625], "princpt": [680.0, 384.0], "img_size_wh": [1360, 768], "pad_ratio": 0.0}