{"betas": [-0.3718808889389038, 0.12136802077293396, 0.24049167335033417, 0.15058885514736176, -0.13461865484714508, -0.27979856729507446, -0.04301811382174492, 0.061935342848300934, -0.2755703032016754, 0.020104730501770973], "root_pose": [2.960557460784912, 0.007772667333483696, 0.058577120304107666], "body_pose": [[-0.17965945601463318, -0.0019156206399202347, 0.08499260991811752], [-0.14162443578243256, -0.021138103678822517, -0.0846724808216095], [0.30580127239227295, -0.010234443470835686, 0.023906810209155083], [0.5143760442733765, 0.021745111793279648, -0.04798503965139389], [0.4806283414363861, -0.011856559664011002, 0.04542015120387077], [0.10196440666913986, 0.014172475785017014, 0.01579405553638935], [-0.1418626457452774, 0.10634705424308777, -0.04756256937980652], [-0.08546355366706848, -0.11262586712837219, 0.04647345095872879], [-0.05726718530058861, -0.007800167892128229, 0.027639251202344894], [0.002460397081449628, -0.0032386432867497206, -0.011278681457042694], [0.011984547600150108, -0.005868478212505579, 0.004931265488266945], [0.3011217713356018, -0.0025240934919565916, 0.005197825841605663], [-0.0783446803689003, -0.3353857100009918, 0.07941315323114395], [0.06892477720975876, 0.13656984269618988, 0.016045497730374336], [-0.3006208837032318, 0.09840358048677444, -0.0872526466846466], [0.06976186484098434, -0.43311643600463867, -0.9465425610542297], [0.16768842935562134, 0.14319145679473877, 0.9711893200874329], [-0.15268611907958984, 4.448421955108643, -0.8959636688232422], [0.028138214722275734, 1.4442507028579712, -0.2572469115257263], [-0.6612770557403564, -0.13117682933807373, 0.10778417438268661], [-0.5758762359619141, 0.16444528102874756, -0.3140779733657837]], "jaw_pose": [0.04271015524864197, -0.021526550874114037, -0.038602638989686966], "leye_pose": [0.0, 0.0, 0.0], "reye_pose": [0.0, 0.0, 0.0], "lhand_pose": [[0.05344801023602486, 0.46265822649002075, -0.7933632135391235], [0.1945439726114273, -0.1134415939450264, -1.087130069732666], [-0.08852268755435944, -0.14619702100753784, -0.30241110920906067], [-0.2960086166858673, 0.23096083104610443, -1.3404110670089722], [-0.1225297823548317, 0.03310692310333252, -0.9344587326049805], [-0.042583730071783066, -0.14917898178100586, -0.5479386448860168], [-0.8678520321846008, -0.5278682708740234, -1.1211369037628174], [-0.26592451333999634, -0.0706532895565033, -0.7228439450263977], [-0.5405608415603638, -0.028990227729082108, -0.3402665853500366], [-0.3008662462234497, -0.1795068383216858, -1.4107478857040405], [-0.41698744893074036, -0.08888344466686249, -0.8478720188140869], [-0.2735663056373596, -0.09937068074941635, -0.5654566884040833], [0.9566240906715393, 0.5236724019050598, 0.04289793595671654], [-0.5693204402923584, 0.055971164256334305, -0.1606176644563675], [0.6970458626747131, 0.2287360280752182, -0.1994301676750183]], "rhand_pose": [[0.01980557292699814, -0.44492998719215393, 0.8400830626487732], [0.18250443041324615, 0.06878482550382614, 0.9789698123931885], [-0.10029561817646027, 0.13364055752754211, 0.24985994398593903], [-0.3320445418357849, -0.16478613018989563, 1.142716884613037], [-0.11997371166944504, -0.040601082146167755, 0.864653468132019], [-0.031368326395750046, 0.11422452330589294, 0.4777131974697113], [-0.8901585936546326, 0.642815887928009, 1.0130046606063843], [-0.23530213534832, 0.06870517879724503, 0.6005282402038574], [-0.48923495411872864, 0.017050160095095634, 0.27010348439216614], [-0.32031944394111633, 0.2673291862010956, 1.201663613319397], [-0.4262857139110565, 0.13488279283046722, 0.7643845677375793], [-0.24294839799404144, 0.07404673844575882, 0.5336197018623352], [0.8923149108886719, -0.5591493844985962, -0.03501611948013306], [-0.5523767471313477, -0.035802315920591354, 0.1533931940793991], [0.6960859894752502, -0.21162642538547516, 0.14516155421733856]], "trans": [-0.09585432708263397, 0.7104653120040894, 1.5711055994033813], "focal": [1177.7945556640625, 1177.7945556640625], "princpt": [680.0, 384.0], "img_size_wh": [1360, 768], "pad_ratio": 0.0}