{"betas": [-0.3718430697917938, 0.12144065648317337, 0.24037690460681915, 0.1507003903388977, -0.13470306992530823, -0.2797004282474518, -0.04297035560011864, 0.06197984889149666, -0.27580025792121887, 0.019936425611376762], "root_pose": [3.0163748264312744, -0.053560879081487656, 0.0260723028331995], "body_pose": [[-0.20108146965503693, -0.004234301391988993, 0.06419311463832855], [-0.1312292367219925, 0.0014349481789395213, -0.08399728685617447], [0.31713205575942993, 0.028953226283192635, 0.00823543407022953], [0.5346844792366028, 0.024722324684262276, -0.0592150017619133], [0.5393736362457275, -0.009763114154338837, 0.04193511977791786], [0.09086291491985321, 0.028249111026525497, -0.028766894713044167], [-0.1340450793504715, 0.1232561469078064, -0.04394644871354103], [-0.12100344151258469, -0.12757402658462524, 0.03212272748351097], [-0.05454123392701149, 0.04186025634407997, -0.031652044504880905], [0.00485072610899806, -0.0015171844279393554, -0.0052911387756466866], [0.010829431936144829, -0.0006360976840369403, 0.005838451907038689], [0.25477609038352966, -0.005108571145683527, -0.02474956028163433], [0.10158160328865051, -0.09120369702577591, -0.022836139425635338], [-0.05249268189072609, 0.3309994339942932, 0.024804996326565742], [-0.31706106662750244, 0.05781170353293419, -0.0004310116928536445], [0.2851167321205139, -0.0593922883272171, -1.0666766166687012], [0.03649066388607025, 0.45833060145378113, 1.0048675537109375], [-0.24073965847492218, 4.548746585845947, -0.9237143993377686], [0.06019788235425949, 1.7254133224487305, -0.3362651467323303], [-0.7446305155754089, -0.22278253734111786, 0.1155359223484993], [-0.7050487399101257, 0.04415493458509445, -0.34132781624794006]], "jaw_pose": [0.04417141154408455, 0.005813213065266609, -0.16845060884952545], "leye_pose": [0.0, 0.0, 0.0], "reye_pose": [0.0, 0.0, 0.0], "lhand_pose": [[0.03773632273077965, 0.4872841238975525, -0.801883339881897], [0.1904768943786621, -0.09782169759273529, -1.010759949684143], [-0.10969661921262741, -0.14045634865760803, -0.22888065874576569], [-0.29437705874443054, 0.21095271408557892, -1.1968311071395874], [-0.11862602829933167, 0.0334857814013958, -0.7855857014656067], [-0.0367681160569191, -0.1572503000497818, -0.47424495220184326], [-0.8185459971427917, -0.6248672604560852, -0.9151167273521423], [-0.21568360924720764, -0.026400048285722733, -0.6159855127334595], [-0.483981728553772, -0.01623241975903511, -0.2592644691467285], [-0.272678405046463, -0.21999022364616394, -1.1972936391830444], [-0.399458646774292, -0.09035483747720718, -0.6920366287231445], [-0.2567623555660248, -0.09785924851894379, -0.4954835772514343], [0.9296048283576965, 0.625577986240387, 0.05436062440276146], [-0.6067768931388855, 0.06584527343511581, -0.15483538806438446], [0.6810179352760315, 0.21765854954719543, -0.1982462853193283]], "rhand_pose": [[0.01929166354238987, -0.33120328187942505, 0.8171126842498779], [0.17073270678520203, 0.08466500788927078, 1.1273152828216553], [-0.09348388761281967, 0.14854773879051208, 0.3424319624900818], [-0.3323606550693512, -0.18750467896461487, 1.2088838815689087], [-0.13309982419013977, -0.03539944067597389, 1.0386961698532104], [-0.03849315643310547, 0.12966200709342957, 0.6153708100318909], [-0.8827036619186401, 0.49008336663246155, 1.206367015838623], [-0.2918552756309509, 0.09371376037597656, 0.7464956641197205], [-0.5180416107177734, 0.02463812567293644, 0.39379385113716125], [-0.32758721709251404, 0.19976010918617249, 1.3331326246261597], [-0.4357006847858429, 0.11557451635599136, 0.9564862251281738], [-0.2663172483444214, 0.0905168205499649, 0.6222102642059326], [0.9346877336502075, -0.5373116731643677, 0.002455492038279772], [-0.5335982441902161, -0.04138810187578201, 0.15895502269268036], [0.7135719656944275, -0.24442096054553986, 0.20042800903320312]], "trans": [-0.07797380536794662, 0.6980587244033813, 1.570290446281433], "focal": [1177.7945556640625, 1177.7945556640625], "princpt": [680.0, 384.0], "img_size_wh": [1360, 768], "pad_ratio": 0.0}