{"betas": [-0.37186482548713684, 0.12137503176927567, 0.24051135778427124, 0.1505788117647171, -0.1346597820520401, -0.2797979414463043, -0.042991332709789276, 0.06200368329882622, -0.27558237314224243, 0.020106514915823936], "root_pose": [3.0577611923217773, 0.003435094142332673, 0.07341873645782471], "body_pose": [[-0.17539623379707336, 0.0023046336136758327, 0.09639666974544525], [-0.13246774673461914, -0.03086818940937519, -0.08140109479427338], [0.30512338876724243, -0.0008859045919962227, 0.0208828616887331], [0.5052480697631836, 0.02257629483938217, -0.057402707636356354], [0.45978760719299316, -0.02765863947570324, 0.05481119826436043], [0.06237899512052536, 0.009151432663202286, 0.0154615743085742], [-0.13256675004959106, 0.10845251381397247, -0.04915926605463028], [-0.08269403874874115, -0.11437299102544785, 0.03709116205573082], [-0.08603173494338989, 0.005038541276007891, 0.02301371470093727], [0.0003497603174764663, -0.0033761647064238787, -0.007959738373756409], [0.010616469196975231, -0.0018152742413803935, 0.010192382149398327], [0.2983647286891937, 0.0022997220512479544, -6.173222209326923e-05], [-0.04916689917445183, -0.3140169680118561, 0.06028761342167854], [0.02015826851129532, 0.19673575460910797, 0.017015181481838226], [-0.2662423551082611, 0.09615258127450943, -0.07302135229110718], [0.13227833807468414, -0.4031336307525635, -1.0463478565216064], [0.08705700188875198, 0.22001536190509796, 1.0260894298553467], [0.13400548696517944, -1.4950116872787476, 0.27580466866493225], [0.012277549132704735, 1.3080726861953735, -0.3066926896572113], [-0.5890438556671143, -0.2511676251888275, 0.31071484088897705], [-0.5820211172103882, 0.14190329611301422, -0.3792566657066345]], "jaw_pose": [0.04721164330840111, -0.01117387693375349, -0.04915051534771919], "leye_pose": [0.0, 0.0, 0.0], "reye_pose": [0.0, 0.0, 0.0], "lhand_pose": [[0.042402420192956924, 0.44552481174468994, -0.6581712365150452], [0.18997126817703247, -0.10605370253324509, -0.9799273014068604], [-0.09482872486114502, -0.14670820534229279, -0.27353012561798096], [-0.30360138416290283, 0.22254057228565216, -1.3106896877288818], [-0.11993610113859177, 0.02825121581554413, -0.9242897033691406], [-0.03707858547568321, -0.1449526697397232, -0.5288546085357666], [-0.827156126499176, -0.5685654282569885, -1.070144534111023], [-0.2567039132118225, -0.06483608484268188, -0.7016141414642334], [-0.5128677487373352, -0.03399212658405304, -0.29171833395957947], [-0.28392550349235535, -0.20306158065795898, -1.4072439670562744], [-0.41485795378685, -0.10766830295324326, -0.8066776990890503], [-0.2583203911781311, -0.09220967441797256, -0.5347495079040527], [0.9179960489273071, 0.48570072650909424, 0.06465175002813339], [-0.5470505952835083, 0.04820578545331955, -0.14864538609981537], [0.6654270887374878, 0.21635647118091583, -0.1903890073299408]], "rhand_pose": [[0.03489081934094429, -0.46069014072418213, 0.7917665839195251], [0.18948206305503845, 0.07191985100507736, 0.8699509501457214], [-0.10989118367433548, 0.1342652440071106, 0.21132837235927582], [-0.32574141025543213, -0.18684889376163483, 1.1142791509628296], [-0.12152773141860962, -0.04692821577191353, 0.7787768244743347], [-0.027705855667591095, 0.11947735399007797, 0.45083585381507874], [-0.9167249798774719, 0.6515841484069824, 1.0290629863739014], [-0.19343900680541992, 0.06858885288238525, 0.5631170272827148], [-0.47776323556900024, 0.014879339374601841, 0.23671935498714447], [-0.3195735514163971, 0.2648272216320038, 1.2110724449157715], [-0.42493927478790283, 0.14473269879817963, 0.6701093316078186], [-0.23399148881435394, 0.0756552517414093, 0.49734005331993103], [0.8918763995170593, -0.5904843807220459, 0.01663343980908394], [-0.5166244506835938, -0.02796109952032566, 0.1340002566576004], [0.6795989871025085, -0.20980879664421082, 0.1620832085609436]], "trans": [-0.09763259440660477, 0.7659960985183716, 1.5971343517303467], "focal": [1177.7945556640625, 1177.7945556640625], "princpt": [680.0, 384.0], "img_size_wh": [1360, 768], "pad_ratio": 0.0}