{"betas": [-0.3718753457069397, 0.12134940922260284, 0.24049317836761475, 0.15067248046398163, -0.13467460870742798, -0.27978599071502686, -0.043035779148340225, 0.061896152794361115, -0.2756393253803253, 0.020103782415390015], "root_pose": [2.943676710128784, 0.011567586101591587, 0.051630958914756775], "body_pose": [[-0.19065424799919128, -0.00307618104852736, 0.07861302047967911], [-0.1471835821866989, -0.009923099540174007, -0.07978440821170807], [0.30938324332237244, -0.012174127623438835, 0.021480973809957504], [0.5195727944374084, 0.02201155759394169, -0.04682069644331932], [0.4858224391937256, -0.003959442488849163, 0.04086796194314957], [0.11310898512601852, 0.012870017439126968, 0.011797277256846428], [-0.13425306975841522, 0.10804828256368637, -0.04650995135307312], [-0.08250047266483307, -0.10637617856264114, 0.05070381984114647], [-0.050077106803655624, -0.012863441370427608, 0.022597327828407288], [0.00277233449742198, -0.0031887893564999104, -0.011952102184295654], [0.011957785114645958, -0.007331287954002619, 0.004012570716440678], [0.2948821187019348, 0.0008983749430626631, 0.002760218223556876], [-0.08802735060453415, -0.3302507698535919, 0.07847702503204346], [0.08297865837812424, 0.13186241686344147, 0.016888834536075592], [-0.30748045444488525, 0.09931977838277817, -0.09477695822715759], [0.03879241645336151, -0.4325356185436249, -0.9095557332038879], [0.1998775601387024, 0.13981594145298004, 0.9681762456893921], [-0.025132112205028534, 4.366081237792969, -0.9167780876159668], [0.047682877629995346, 1.5206393003463745, -0.24190554022789001], [-0.7267806529998779, -0.048237334936857224, 0.05947231128811836], [-0.6042008996009827, 0.18180310726165771, -0.30151399970054626]], "jaw_pose": [0.04140004515647888, -0.02655935473740101, -0.04593777656555176], "leye_pose": [0.0, 0.0, 0.0], "reye_pose": [0.0, 0.0, 0.0], "lhand_pose": [[0.06438087671995163, 0.42344236373901367, -0.7976476550102234], [0.18599580228328705, -0.1117747500538826, -1.1013387441635132], [-0.07930265367031097, -0.14134949445724487, -0.31110695004463196], [-0.29007700085639954, 0.23353634774684906, -1.3283952474594116], [-0.12331800907850266, 0.03295658901333809, -0.9086796045303345], [-0.04428207501769066, -0.14598821103572845, -0.5522276163101196], [-0.8436822295188904, -0.46156829595565796, -1.1071947813034058], [-0.25346821546554565, -0.07471180707216263, -0.7207978963851929], [-0.5477709174156189, -0.01845507137477398, -0.3480192720890045], [-0.2970353662967682, -0.14421971142292023, -1.3840627670288086], [-0.4139941930770874, -0.0900835394859314, -0.8453975319862366], [-0.2768845558166504, -0.09835916012525558, -0.5726504325866699], [0.973667562007904, 0.4669233560562134, 0.013869532383978367], [-0.5723983645439148, 0.05216016620397568, -0.16126112639904022], [0.7017505168914795, 0.2306128442287445, -0.19352379441261292]], "rhand_pose": [[0.021892353892326355, -0.3787307143211365, 0.7797520160675049], [0.1680220067501068, 0.06550487875938416, 0.9905972480773926], [-0.08561434596776962, 0.12607431411743164, 0.2739892899990082], [-0.3270801603794098, -0.14558514952659607, 1.083031177520752], [-0.12024962157011032, -0.0317627489566803, 0.8887721300125122], [-0.03385494276881218, 0.10691893100738525, 0.4852912425994873], [-0.8361263275146484, 0.6064132452011108, 0.9685260653495789], [-0.24396257102489471, 0.07235074043273926, 0.615584671497345], [-0.49130308628082275, 0.015480149537324905, 0.28427425026893616], [-0.29662132263183594, 0.2412324845790863, 1.1519532203674316], [-0.4183828830718994, 0.13402457535266876, 0.7843667268753052], [-0.24383507668972015, 0.0696285218000412, 0.5467837452888489], [0.9019383192062378, -0.5194900631904602, -0.05866319686174393], [-0.5626801252365112, -0.040191248059272766, 0.15631277859210968], [0.6957296133041382, -0.2100813388824463, 0.13177816569805145]], "trans": [-0.10670486092567444, 0.6843998432159424, 1.5700236558914185], "focal": [1177.7945556640625, 1177.7945556640625], "princpt": [680.0, 384.0], "img_size_wh": [1360, 768], "pad_ratio": 0.0}