{"betas": [-0.3718826174736023, 0.12139004468917847, 0.24048152565956116, 0.15057909488677979, -0.13468119502067566, -0.2797563970088959, -0.04296166077256203, 0.06199580803513527, -0.2756144106388092, 0.020093878731131554], "root_pose": [3.0876986980438232, -0.004086914472281933, 0.06854486465454102], "body_pose": [[-0.1724349707365036, 0.00518780155107379, 0.09730050712823868], [-0.12466011941432953, -0.02564287930727005, -0.07720182090997696], [0.3063678741455078, 0.004553564824163914, 0.018972786143422127], [0.4920288622379303, 0.024976884946227074, -0.05933602526783943], [0.4429664611816406, -0.030518343672156334, 0.053653862327337265], [0.04872215911746025, 0.007370945066213608, 0.008955758064985275], [-0.12300807982683182, 0.11095935106277466, -0.0490303710103035], [-0.07967831939458847, -0.11693508923053741, 0.03298037871718407], [-0.09370984137058258, 0.010027173906564713, 0.013402963988482952], [-9.032334492076188e-05, -0.00433907238766551, -0.006928646471351385], [0.010007180273532867, -0.0012618359178304672, 0.011300139129161835], [0.2846696674823761, 0.006772772409021854, -0.002506016520783305], [-0.015941543504595757, -0.2736377716064453, 0.03815297409892082], [-0.0016248826868832111, 0.23353497684001923, 0.007060193922370672], [-0.26346027851104736, 0.09588973969221115, -0.07723569869995117], [0.17054179310798645, -0.3440816402435303, -1.0918490886688232], [0.061473947018384933, 0.2797721326351166, 1.0620365142822266], [0.14455939829349518, -1.4492418766021729, 0.28137364983558655], [0.013227269984781742, 1.3356709480285645, -0.3189649283885956], [-0.5692692399024963, -0.25525131821632385, 0.35123056173324585], [-0.6548828482627869, 0.15729543566703796, -0.3743897080421448]], "jaw_pose": [0.048723068088293076, -0.005391088780015707, -0.07314252853393555], "leye_pose": [0.0, 0.0, 0.0], "reye_pose": [0.0, 0.0, 0.0], "lhand_pose": [[0.037880200892686844, 0.41756391525268555, -0.6964079737663269], [0.18781396746635437, -0.10648591816425323, -0.9917473793029785], [-0.09337946027517319, -0.15125305950641632, -0.2724604606628418], [-0.3117925226688385, 0.21822786331176758, -1.2667818069458008], [-0.11943419277667999, 0.022342003881931305, -0.8804090023040771], [-0.035277679562568665, -0.14646105468273163, -0.5429716110229492], [-0.8403725624084473, -0.5491147637367249, -1.069609522819519], [-0.23897258937358856, -0.0661897361278534, -0.6819791197776794], [-0.5078955888748169, -0.03292682021856308, -0.3000483810901642], [-0.28754353523254395, -0.20322772860527039, -1.3748871088027954], [-0.4148101210594177, -0.11745505779981613, -0.7711037397384644], [-0.25713303685188293, -0.08947239071130753, -0.5503491163253784], [0.928981602191925, 0.47813528776168823, 0.03743654862046242], [-0.5323511362075806, 0.03987759351730347, -0.1487274020910263], [0.6552326679229736, 0.22207744419574738, -0.19127900898456573]], "rhand_pose": [[0.04329215735197067, -0.39410486817359924, 0.683523416519165], [0.1795995831489563, 0.0707547590136528, 0.826555073261261], [-0.10637727379798889, 0.12799853086471558, 0.21386262774467468], [-0.3197256624698639, -0.1773296743631363, 1.035685658454895], [-0.12148867547512054, -0.04158254340291023, 0.7596076726913452], [-0.028707796707749367, 0.11831703782081604, 0.4457005560398102], [-0.8831429481506348, 0.6103762984275818, 1.002758264541626], [-0.17304733395576477, 0.06728502362966537, 0.5505147576332092], [-0.4704727530479431, 0.010918867774307728, 0.22642159461975098], [-0.3032350540161133, 0.24107488989830017, 1.1661086082458496], [-0.4136340916156769, 0.14386031031608582, 0.6454974412918091], [-0.23148222267627716, 0.0782541036605835, 0.48097509145736694], [0.8963148593902588, -0.573593258857727, 0.022590745240449905], [-0.5101603865623474, -0.023642446845769882, 0.13244786858558655], [0.6723211407661438, -0.2027055323123932, 0.15945330262184143]], "trans": [-0.09873880445957184, 0.7793671488761902, 1.6017886400222778], "focal": [1177.7945556640625, 1177.7945556640625], "princpt": [680.0, 384.0], "img_size_wh": [1360, 768], "pad_ratio": 0.0}