{"betas": [-0.37188515067100525, 0.12135008722543716, 0.24045076966285706, 0.15070535242557526, -0.13466928899288177, -0.2797842025756836, -0.04308265820145607, 0.061869848519563675, -0.27564796805381775, 0.02016954869031906], "root_pose": [2.948204517364502, 0.011993958614766598, 0.0498129241168499], "body_pose": [[-0.20109640061855316, -0.002922395011410117, 0.07460369169712067], [-0.14942725002765656, -0.0009822356514632702, -0.07557644695043564], [0.3161235451698303, -0.010976405814290047, 0.017793036997318268], [0.5300641059875488, 0.022877201437950134, -0.04779549688100815], [0.49480974674224854, 0.0017223451286554337, 0.039515040814876556], [0.11953908950090408, 0.011573652736842632, 0.006561277434229851], [-0.13264644145965576, 0.10971865803003311, -0.044797226786613464], [-0.08751281350851059, -0.09835313260555267, 0.051795437932014465], [-0.048315681517124176, -0.013113109394907951, 0.014741595834493637], [0.002459616167470813, -0.002976558869704604, -0.010961364954710007], [0.011238438077270985, -0.00791305024176836, 0.004602544475346804], [0.2789824306964874, 0.00352126220241189, -0.0014396788319572806], [-0.09553955495357513, -0.3230547308921814, 0.06978560984134674], [0.08472348004579544, 0.14150585234165192, 0.020569948479533195], [-0.3107919692993164, 0.09563319385051727, -0.09272510558366776], [0.010429058223962784, -0.42786258459091187, -0.8885461091995239], [0.21715424954891205, 0.15440304577350616, 0.9775896072387695], [0.06486091762781143, 4.32225227355957, -0.9614699482917786], [0.07074857503175735, 1.5686054229736328, -0.2369690090417862], [-0.7651017904281616, 0.015391013585031033, 0.0315135233104229], [-0.637224555015564, 0.19218093156814575, -0.3136773109436035]], "jaw_pose": [0.040159277617931366, -0.02734021656215191, -0.053018175065517426], "leye_pose": [0.0, 0.0, 0.0], "reye_pose": [0.0, 0.0, 0.0], "lhand_pose": [[0.07412538677453995, 0.38007351756095886, -0.7468711733818054], [0.1738600879907608, -0.10632937401533127, -1.0724880695343018], [-0.0707196369767189, -0.1348060667514801, -0.3119783401489258], [-0.2809959948062897, 0.235677108168602, -1.3084089756011963], [-0.12155134975910187, 0.03711864724755287, -0.8818101286888123], [-0.04457902908325195, -0.14159759879112244, -0.5430522561073303], [-0.8262792825698853, -0.38713112473487854, -1.1002875566482544], [-0.2261766791343689, -0.07669529318809509, -0.7159484028816223], [-0.5513691306114197, -0.0030079728458076715, -0.3346567153930664], [-0.28656861186027527, -0.10715671628713608, -1.3542486429214478], [-0.40885061025619507, -0.08686283230781555, -0.8328468203544617], [-0.2752414345741272, -0.0966963991522789, -0.5656298995018005], [0.9880033731460571, 0.4155285954475403, -0.014882124960422516], [-0.5754507184028625, 0.04522823914885521, -0.157069593667984], [0.7051726579666138, 0.22408026456832886, -0.18796522915363312]], "rhand_pose": [[0.029734285548329353, -0.3247588872909546, 0.7019481658935547], [0.1525629162788391, 0.0658353716135025, 0.975335955619812], [-0.0734328180551529, 0.11787834018468857, 0.2880992889404297], [-0.3210369944572449, -0.13601107895374298, 1.0149874687194824], [-0.11995218694210052, -0.02804701030254364, 0.8959786295890808], [-0.03509410843253136, 0.10214052349328995, 0.4842194616794586], [-0.8079089522361755, 0.5689083337783813, 0.9438952207565308], [-0.23355013132095337, 0.07453693449497223, 0.6190824508666992], [-0.4933483600616455, 0.0061178491450846195, 0.2850605547428131], [-0.2793814241886139, 0.21283626556396484, 1.108940601348877], [-0.40973615646362305, 0.13057450950145721, 0.7871719002723694], [-0.24408014118671417, 0.06858440488576889, 0.5481107831001282], [0.9153134822845459, -0.49094846844673157, -0.05850580334663391], [-0.5691094398498535, -0.041504163295030594, 0.15301865339279175], [0.6950965523719788, -0.2038819044828415, 0.12501901388168335]], "trans": [-0.12009696662425995, 0.6700745224952698, 1.577672004699707], "focal": [1177.7945556640625, 1177.7945556640625], "princpt": [680.0, 384.0], "img_size_wh": [1360, 768], "pad_ratio": 0.0}