{"betas": [-0.37189120054244995, 0.12142037600278854, 0.2404818832874298, 0.15059304237365723, -0.13468915224075317, -0.2797295153141022, -0.042949602007865906, 0.06194980442523956, -0.2756384015083313, 0.020079022273421288], "root_pose": [3.083289861679077, -0.015812285244464874, 0.05513929948210716], "body_pose": [[-0.17066647112369537, 0.0056743617169559, 0.09455928951501846], [-0.1184777095913887, -0.018198642879724503, -0.07394962757825851], [0.3084583878517151, 0.010632994584739208, 0.016666604205965996], [0.4897891581058502, 0.026574067771434784, -0.060522112995386124], [0.44367536902427673, -0.028320733457803726, 0.04996657371520996], [0.05301637202501297, 0.009164969436824322, -0.001689936500042677], [-0.12274248898029327, 0.1123967319726944, -0.048278339207172394], [-0.08609507232904434, -0.1236422061920166, 0.028899619355797768], [-0.08559218049049377, 0.01601564511656761, 0.0002696466108318418], [0.0008466395665891469, -0.005516327917575836, -0.007006185129284859], [0.010216088965535164, -0.0008748194086365402, 0.010997713543474674], [0.26573416590690613, 0.006805906537920237, -0.006120149977505207], [0.021391240879893303, -0.2193577140569687, 0.013585042208433151], [-0.020166689530014992, 0.26860448718070984, 0.007164234295487404], [-0.2782994508743286, 0.09394701570272446, -0.07012035697698593], [0.20310623943805695, -0.2630274295806885, -1.115281581878662], [0.05236515775322914, 0.33721092343330383, 1.065199851989746], [0.13775944709777832, -1.4591546058654785, 0.30601680278778076], [0.025360431522130966, 1.4194172620773315, -0.3208427429199219], [-0.5855592489242554, -0.23269996047019958, 0.3028222620487213], [-0.7122109532356262, 0.17303620278835297, -0.3546932339668274]], "jaw_pose": [0.04932897537946701, 0.0018556405557319522, -0.10244421660900116], "leye_pose": [0.0, 0.0, 0.0], "reye_pose": [0.0, 0.0, 0.0], "lhand_pose": [[0.04251934587955475, 0.4284074306488037, -0.7451774477958679], [0.18948900699615479, -0.10199744254350662, -0.976516604423523], [-0.09572742879390717, -0.15127068758010864, -0.25194287300109863], [-0.30743569135665894, 0.22021959722042084, -1.2169216871261597], [-0.11655089259147644, 0.025954481214284897, -0.8111220002174377], [-0.033521611243486404, -0.15114961564540863, -0.5191258192062378], [-0.8613808155059814, -0.5523877143859863, -1.053081750869751], [-0.20116980373859406, -0.05874412879347801, -0.639043927192688], [-0.502382218837738, -0.023890608921647072, -0.27539458870887756], [-0.2903626263141632, -0.20337437093257904, -1.3201863765716553], [-0.4047712981700897, -0.10876646637916565, -0.7024791836738586], [-0.25276675820350647, -0.09293894469738007, -0.5328921675682068], [0.9385736584663391, 0.5287487506866455, 0.0128855612128973], [-0.5350331664085388, 0.03943563252687454, -0.14552326500415802], [0.6567049026489258, 0.2207488715648651, -0.19723215699195862]], "rhand_pose": [[0.04574715718626976, -0.3314138948917389, 0.5913397669792175], [0.1690182089805603, 0.06946231424808502, 0.8250175714492798], [-0.10131479799747467, 0.12460276484489441, 0.2316402941942215], [-0.31385666131973267, -0.16560278832912445, 0.9718411564826965], [-0.12272313237190247, -0.03683866932988167, 0.7839930653572083], [-0.030378691852092743, 0.11743228137493134, 0.4536416828632355], [-0.8486854434013367, 0.5677815079689026, 0.9802414178848267], [-0.1672108918428421, 0.06639115512371063, 0.5512986183166504], [-0.469287246465683, 0.006667948327958584, 0.22572365403175354], [-0.2937857210636139, 0.21849586069583893, 1.123459815979004], [-0.40565407276153564, 0.13450373709201813, 0.6663736701011658], [-0.2342044711112976, 0.08365564793348312, 0.4778280258178711], [0.9013721346855164, -0.5491213202476501, 0.01876091957092285], [-0.5154100656509399, -0.022483695298433304, 0.13702623546123505], [0.6747753024101257, -0.1975778043270111, 0.15957707166671753]], "trans": [-0.09745513647794724, 0.7734122276306152, 1.5974838733673096], "focal": [1177.7945556640625, 1177.7945556640625], "princpt": [680.0, 384.0], "img_size_wh": [1360, 768], "pad_ratio": 0.0}