{"betas": [-0.3718370199203491, 0.12145434319972992, 0.24040894210338593, 0.1506633162498474, -0.13468877971172333, -0.27972090244293213, -0.04296544939279556, 0.061938200145959854, -0.2757715582847595, 0.019984016194939613], "root_pose": [3.0344696044921875, -0.042890649288892746, 0.03384949266910553], "body_pose": [[-0.1807015985250473, 0.0008090229821391404, 0.07636962831020355], [-0.12212598323822021, -0.004919169470667839, -0.07968351244926453], [0.31379786133766174, 0.02344042807817459, 0.010652992874383926], [0.5108094811439514, 0.023786840960383415, -0.05910072848200798], [0.5072585940361023, -0.017383914440870285, 0.0425664559006691], [0.08120782673358917, 0.021410753950476646, -0.02187671698629856], [-0.13230237364768982, 0.12179115414619446, -0.045787714421749115], [-0.11518016457557678, -0.13031557202339172, 0.02885647490620613], [-0.05986568704247475, 0.033515430986881256, -0.02342432551085949], [0.003864802187308669, -0.0036214960273355246, -0.005119968205690384], [0.010718119330704212, -0.00039007372106425464, 0.00796648021787405], [0.24708005785942078, -0.0011742264032363892, -0.021476279944181442], [0.08550356328487396, -0.11958926171064377, -0.017564110457897186], [-0.045753296464681625, 0.3200215697288513, 0.022369075566530228], [-0.3110879361629486, 0.07149331271648407, -0.023762812837958336], [0.26363304257392883, -0.10685178637504578, -1.0901168584823608], [0.04105055704712868, 0.42810091376304626, 1.0203766822814941], [-0.29950931668281555, 4.574708461761475, -0.9618293046951294], [0.05078145116567612, 1.6365137100219727, -0.32549071311950684], [-0.6855853796005249, -0.2289673537015915, 0.1505720615386963], [-0.7299845218658447, 0.10670678317546844, -0.34612688422203064]], "jaw_pose": [0.04700362682342529, 0.0077418312430381775, -0.14989130198955536], "leye_pose": [0.0, 0.0, 0.0], "reye_pose": [0.0, 0.0, 0.0], "lhand_pose": [[0.040161047130823135, 0.4862840175628662, -0.7968394756317139], [0.19254536926746368, -0.09628558903932571, -0.982519268989563], [-0.10366983711719513, -0.1455143243074417, -0.22739240527153015], [-0.2920163571834564, 0.21881479024887085, -1.1923121213912964], [-0.11827775835990906, 0.03140656650066376, -0.7700045108795166], [-0.03467629477381706, -0.15683360397815704, -0.4747631251811981], [-0.8346381187438965, -0.6141535639762878, -0.9463381767272949], [-0.20295025408267975, -0.03534449636936188, -0.6055554151535034], [-0.4820156991481781, -0.018683642148971558, -0.25318020582199097], [-0.2743801176548004, -0.21958982944488525, -1.222891926765442], [-0.3972521126270294, -0.09061142802238464, -0.6685448884963989], [-0.25261902809143066, -0.09898946434259415, -0.4951882064342499], [0.9332746267318726, 0.6335577368736267, 0.0319325216114521], [-0.577147901058197, 0.059331100434064865, -0.15208153426647186], [0.6691683530807495, 0.22082485258579254, -0.20213927328586578]], "rhand_pose": [[0.028373418375849724, -0.328023225069046, 0.6768974661827087], [0.1677200198173523, 0.07873868942260742, 1.005144715309143], [-0.09643500298261642, 0.13769228756427765, 0.2998359799385071], [-0.3219916522502899, -0.17563189566135406, 1.0838019847869873], [-0.13041317462921143, -0.03480003401637077, 0.9458765387535095], [-0.0353405736386776, 0.12449396401643753, 0.5435829162597656], [-0.8520685434341431, 0.5381937026977539, 1.0883387327194214], [-0.2423120141029358, 0.08067087829113007, 0.6558328866958618], [-0.49497029185295105, 0.01760311983525753, 0.31448888778686523], [-0.31011101603507996, 0.21081271767616272, 1.2190321683883667], [-0.4199255108833313, 0.11897064000368118, 0.8454952239990234], [-0.25432154536247253, 0.09178432822227478, 0.5545425415039062], [0.9201574921607971, -0.5369818806648254, 0.0006154407165013254], [-0.5287350416183472, -0.035478461533784866, 0.15255899727344513], [0.7015063762664795, -0.22107581794261932, 0.18573881685733795]], "trans": [-0.08842595666646957, 0.7237377166748047, 1.5778158903121948], "focal": [1177.7945556640625, 1177.7945556640625], "princpt": [680.0, 384.0], "img_size_wh": [1360, 768], "pad_ratio": 0.0}