{"betas": [-0.371753066778183, 0.12140090763568878, 0.24010880291461945, 0.15058276057243347, -0.13451823592185974, -0.27986419200897217, -0.043088577687740326, 0.061753761023283005, -0.27576568722724915, 0.019913436844944954], "root_pose": [3.1378965377807617, -0.02191801741719246, -0.04910993203520775], "body_pose": [[-0.1795514076948166, 0.010192551650106907, 0.09875521063804626], [-0.15628781914710999, -0.01666971668601036, -0.0862397700548172], [0.30435407161712646, 0.012706851586699486, -0.00317093706689775], [0.47469663619995117, 0.023923149332404137, -0.06401900947093964], [0.4823388457298279, -0.0380777008831501, 0.05274835228919983], [0.03525298461318016, -0.0027680944185703993, -0.01828741282224655], [-0.09883059561252594, 0.1222056970000267, -0.054245252162218094], [-0.09427487105131149, -0.0979493111371994, 0.029130015522241592], [-0.10689140856266022, 0.01962795853614807, -0.0281456857919693], [0.0014744721120223403, -0.0016249322798103094, -0.0004059972707182169], [0.01224035769701004, 0.00025407772045582533, 0.014755679294466972], [0.25973236560821533, 0.017110100015997887, -0.019716504961252213], [-0.03591347485780716, -0.24121402204036713, -0.0018729902803897858], [0.017200998961925507, 0.25728464126586914, 0.0033345145639032125], [-0.3024676442146301, 0.07876914739608765, 0.02419332042336464], [0.1041945368051529, -0.3202802240848541, -0.985953152179718], [0.1656370759010315, 0.30551671981811523, 1.1186598539352417], [0.004881823901087046, -1.5002456903457642, 0.3301398754119873], [0.10445252805948257, 1.5956414937973022, -0.3209701478481293], [-0.8672114014625549, -0.18859250843524933, 0.2790928781032562], [-0.7075842618942261, 0.13654620945453644, -0.4868917465209961]], "jaw_pose": [0.0496237687766552, -0.006802694872021675, -0.0598454549908638], "leye_pose": [0.0, 0.0, 0.0], "reye_pose": [0.0, 0.0, 0.0], "lhand_pose": [[0.03968018665909767, 0.3791608512401581, -0.7878985404968262], [0.1935754418373108, -0.10207868367433548, -1.0580183267593384], [-0.10005065053701401, -0.15807031095027924, -0.2652653455734253], [-0.3155651092529297, 0.2235364317893982, -1.2803750038146973], [-0.1260444074869156, 0.024337103590369225, -0.8634029626846313], [-0.03448614105582237, -0.15159252285957336, -0.5579155087471008], [-0.866045355796814, -0.48326554894447327, -1.1315414905548096], [-0.2423335313796997, -0.07660511881113052, -0.6965112686157227], [-0.5222252011299133, -0.038117047399282455, -0.32163745164871216], [-0.28932538628578186, -0.17666679620742798, -1.38316011428833], [-0.4238186478614807, -0.12886926531791687, -0.7754156589508057], [-0.26270925998687744, -0.08927469700574875, -0.5792455673217773], [0.965913712978363, 0.5398105978965759, -0.0076695834286510944], [-0.5375875234603882, 0.03922152891755104, -0.16861405968666077], [0.6668872237205505, 0.2415395975112915, -0.1948007345199585]], "rhand_pose": [[0.02737070992588997, -0.3583325147628784, 0.7088063955307007], [0.17434841394424438, 0.0715215876698494, 0.9461864233016968], [-0.10309095680713654, 0.12358555942773819, 0.25971895456314087], [-0.3264728784561157, -0.19601182639598846, 1.0883103609085083], [-0.12275508046150208, -0.033795543015003204, 0.8842917084693909], [-0.03527502715587616, 0.1239873543381691, 0.5129375457763672], [-0.8707616925239563, 0.5633740425109863, 1.083160161972046], [-0.20918108522891998, 0.07850003987550735, 0.6257164478302002], [-0.48736855387687683, 0.012987309135496616, 0.29277265071868896], [-0.3020784258842468, 0.22530360519886017, 1.2449612617492676], [-0.4174938201904297, 0.1388951539993286, 0.7894926071166992], [-0.24137283861637115, 0.08716319501399994, 0.529263436794281], [0.9143799543380737, -0.526922881603241, -0.009384562261402607], [-0.5109610557556152, -0.03873372822999954, 0.13969707489013672], [0.6695396900177002, -0.21284300088882446, 0.18016546964645386]], "trans": [-0.004282650072127581, 0.7775212526321411, 1.589963674545288], "focal": [1177.7945556640625, 1177.7945556640625], "princpt": [680.0, 384.0], "img_size_wh": [1360, 768], "pad_ratio": 0.0}