{"betas": [-0.3717381954193115, 0.1213807612657547, 0.24024049937725067, 0.15047818422317505, -0.13450519740581512, -0.2799210250377655, -0.04312780499458313, 0.061689477413892746, -0.27562764286994934, 0.019988901913166046], "root_pose": [3.0362861156463623, 0.020191740244627, -0.026220733299851418], "body_pose": [[-0.18322110176086426, 0.008210777305066586, 0.07995466142892838], [-0.18611638247966766, -0.007277136668562889, -0.09317856281995773], [0.30930206179618835, -0.008868293836712837, 0.0007163218688219786], [0.5257447957992554, 0.028011715039610863, -0.057530052959918976], [0.5402035713195801, -0.02174234203994274, 0.04648848995566368], [0.07510723173618317, -0.009695158340036869, -0.0031138667836785316], [-0.1174347996711731, 0.11140972375869751, -0.046436525881290436], [-0.08182786405086517, -0.09190507233142853, 0.04356996715068817], [-0.07240317016839981, -0.009362701326608658, -0.0029367725364863873], [0.003422895446419716, -0.0019950864370912313, -0.004593526944518089], [0.01105513982474804, -0.0038576091174036264, 0.005026380531489849], [0.27469602227211, 0.029370656237006187, 0.0005805010441690683], [-0.06411264836788177, -0.31308266520500183, 0.0013520879438146949], [0.08333427459001541, 0.1614646166563034, 0.011356792412698269], [-0.2950320243835449, 0.10861817002296448, -0.06814324110746384], [0.03848876804113388, -0.37528088688850403, -0.8942124247550964], [0.22544676065444946, 0.2114323228597641, 1.1193798780441284], [0.05902280658483505, 4.44596004486084, -1.0973588228225708], [0.09692154079675674, 1.6653175354003906, -0.30951988697052], [-0.7682258486747742, -0.0679851770401001, 0.09514447301626205], [-0.6236470341682434, 0.12873519957065582, -0.4020771086215973]], "jaw_pose": [0.0348147377371788, -0.025640537962317467, -0.04062136635184288], "leye_pose": [0.0, 0.0, 0.0], "reye_pose": [0.0, 0.0, 0.0], "lhand_pose": [[0.05190492421388626, 0.3208094835281372, -0.7594205141067505], [0.173859640955925, -0.10391341894865036, -1.0620763301849365], [-0.07661566138267517, -0.1407414972782135, -0.3081410229206085], [-0.29812684655189514, 0.21400713920593262, -1.2607048749923706], [-0.12394648045301437, 0.030158836394548416, -0.9071210622787476], [-0.04083825275301933, -0.14781494438648224, -0.5640236735343933], [-0.8532931208610535, -0.3804487884044647, -1.1460248231887817], [-0.2462935596704483, -0.07358434051275253, -0.727968692779541], [-0.5386024117469788, -0.02688881941139698, -0.35212305188179016], [-0.28047505021095276, -0.11269424855709076, -1.3688805103302002], [-0.4234248995780945, -0.10340599715709686, -0.8550117611885071], [-0.2730311453342438, -0.08969833701848984, -0.5852073431015015], [0.9903898239135742, 0.42426857352256775, 0.0031259581446647644], [-0.5620761513710022, 0.040881555527448654, -0.17249250411987305], [0.6873209476470947, 0.23626680672168732, -0.19049276411533356]], "rhand_pose": [[0.028633756563067436, -0.3161501884460449, 0.7050613760948181], [0.1606736183166504, 0.05601431801915169, 0.9573490023612976], [-0.08570367842912674, 0.11513742804527283, 0.2816256880760193], [-0.316886305809021, -0.15722517669200897, 1.0281423330307007], [-0.12188720703125, -0.02413158304989338, 0.8740049600601196], [-0.03575360029935837, 0.10759269446134567, 0.4949818551540375], [-0.8050312995910645, 0.5536692142486572, 0.9977420568466187], [-0.2217419147491455, 0.06737926602363586, 0.6098896265029907], [-0.48763594031333923, 0.010606499388813972, 0.286348819732666], [-0.28285256028175354, 0.2115505337715149, 1.1464316844940186], [-0.4079117178916931, 0.12694953382015228, 0.7802794575691223], [-0.24413813650608063, 0.08098965883255005, 0.5349050164222717], [0.9091312289237976, -0.4450061619281769, -0.06581021100282669], [-0.5442105531692505, -0.04068977013230324, 0.1441815197467804], [0.6702986359596252, -0.20556844770908356, 0.15250557661056519]], "trans": [0.011881774291396141, 0.7082979679107666, 1.5551778078079224], "focal": [1177.7945556640625, 1177.7945556640625], "princpt": [680.0, 384.0], "img_size_wh": [1360, 768], "pad_ratio": 0.0}