{"betas": [-0.37173742055892944, 0.12138808518648148, 0.24012444913387299, 0.15054598450660706, -0.1345180869102478, -0.2798832654953003, -0.04311184957623482, 0.06171316280961037, -0.27572330832481384, 0.019929710775613785], "root_pose": [3.1103053092956543, -0.012570197694003582, -0.04038707911968231], "body_pose": [[-0.17741750180721283, 0.010369249619543552, 0.09714847803115845], [-0.16308417916297913, -0.018162095919251442, -0.08843578398227692], [0.3049009442329407, 0.006076963618397713, -0.003426135051995516], [0.4788460433483124, 0.02180025540292263, -0.06244814395904541], [0.49647706747055054, -0.038789596408605576, 0.05231485888361931], [0.04614270478487015, -0.00706640537828207, -0.012451160699129105], [-0.09965795278549194, 0.11858099699020386, -0.054852817207574844], [-0.09488668292760849, -0.09335046261548996, 0.031398605555295944], [-0.09660258889198303, 0.010441687889397144, -0.019911978393793106], [0.002354452619329095, -0.0006568310200236738, 0.0009911581873893738], [0.012073022313416004, -0.00037982218782417476, 0.01314772292971611], [0.25887957215309143, 0.026301978155970573, -0.011812398210167885], [-0.056542690843343735, -0.2763662338256836, -0.00900291744619608], [0.04696962982416153, 0.2217881679534912, 0.005552872084081173], [-0.3094941973686218, 0.09335793554782867, -0.005964875221252441], [0.0661071240901947, -0.3548794984817505, -0.9290367364883423], [0.19724568724632263, 0.25984087586402893, 1.13477623462677], [-0.006588487420231104, -1.5379269123077393, 0.349313884973526], [0.10167713463306427, 1.624465823173523, -0.3175630271434784], [-0.8349541425704956, -0.16946065425872803, 0.21180783212184906], [-0.7055070996284485, 0.12375813722610474, -0.46183910965919495]], "jaw_pose": [0.04532245174050331, -0.015945835039019585, -0.030994126573204994], "leye_pose": [0.0, 0.0, 0.0], "reye_pose": [0.0, 0.0, 0.0], "lhand_pose": [[0.03988783061504364, 0.3676961660385132, -0.7834139466285706], [0.18779774010181427, -0.10334699600934982, -1.0657271146774292], [-0.09306571632623672, -0.15636417269706726, -0.2827267348766327], [-0.30957216024398804, 0.22367052733898163, -1.2799413204193115], [-0.1265219897031784, 0.02536136843264103, -0.880917489528656], [-0.035657864063978195, -0.15158210694789886, -0.5632489323616028], [-0.8671139478683472, -0.45436370372772217, -1.1464667320251465], [-0.24636058509349823, -0.07610277831554413, -0.702343225479126], [-0.522373616695404, -0.039235346019268036, -0.3347642123699188], [-0.2860609292984009, -0.15814019739627838, -1.3838430643081665], [-0.4245055019855499, -0.1211080476641655, -0.80654376745224], [-0.2657473385334015, -0.08978461474180222, -0.5850849747657776], [0.9684932231903076, 0.5085824131965637, 0.0038367384113371372], [-0.5373961329460144, 0.04075905680656433, -0.1767030507326126], [0.6695356965065002, 0.24966704845428467, -0.19529081881046295]], "rhand_pose": [[0.023326806724071503, -0.36956822872161865, 0.7162624001502991], [0.17643611133098602, 0.06508107483386993, 0.9401341676712036], [-0.10185857862234116, 0.12323108315467834, 0.25925371050834656], [-0.3212607502937317, -0.19668956100940704, 1.0806468725204468], [-0.12070177495479584, -0.03308076038956642, 0.8564647436141968], [-0.034463923424482346, 0.12005069851875305, 0.5032098889350891], [-0.8678401708602905, 0.5645268559455872, 1.0779000520706177], [-0.20463858544826508, 0.0719190463423729, 0.6047883033752441], [-0.48288682103157043, 0.010903448797762394, 0.2826193571090698], [-0.30097469687461853, 0.2275337427854538, 1.226081371307373], [-0.4109702706336975, 0.13224484026432037, 0.7755181789398193], [-0.24166980385780334, 0.0885256677865982, 0.5234050750732422], [0.9110578298568726, -0.5135648250579834, -0.025492532178759575], [-0.5139005184173584, -0.03881785273551941, 0.14150910079479218], [0.6657416224479675, -0.21246570348739624, 0.173944890499115]], "trans": [0.0006426440086215734, 0.7636057138442993, 1.5795403718948364], "focal": [1177.7945556640625, 1177.7945556640625], "princpt": [680.0, 384.0], "img_size_wh": [1360, 768], "pad_ratio": 0.0}