{"betas": [-0.3718135356903076, 0.12140057235956192, 0.24024786055088043, 0.1506979614496231, -0.13462918996810913, -0.27972283959388733, -0.04301823675632477, 0.061839498579502106, -0.2758702337741852, 0.019895225763320923], "root_pose": [3.02474045753479, -0.040763698518276215, -0.0067067258059978485], "body_pose": [[-0.1941281110048294, 0.0030267268884927034, 0.07827405631542206], [-0.169972762465477, -0.00023082255211193115, -0.0882859006524086], [0.317100465297699, 0.03300643339753151, 0.0006003564922139049], [0.5333417057991028, 0.024555547162890434, -0.06350040435791016], [0.5316516160964966, -0.019558321684598923, 0.04521044343709946], [0.08576735854148865, 0.020308788865804672, -0.030319973826408386], [-0.13721494376659393, 0.13001127541065216, -0.045292653143405914], [-0.11502503603696823, -0.11621386557817459, 0.0356241799890995], [-0.06218337267637253, 0.04573814943432808, -0.04182174801826477], [0.0055605764500796795, -0.0004366084758657962, -0.002952599199488759], [0.012656151317059994, -0.0005437658983282745, 0.007990481331944466], [0.27471819519996643, -0.0063631837256252766, -0.03282848373055458], [0.08750885725021362, -0.10161405801773071, -0.010431144386529922], [-0.07379954308271408, 0.3371726870536804, 0.03601231798529625], [-0.31782761216163635, 0.05192553251981735, 0.028581539168953896], [0.2769092321395874, -0.08897392451763153, -1.0472025871276855], [0.034465570002794266, 0.4496661424636841, 1.0055280923843384], [-0.1685720533132553, 4.551188945770264, -0.8598526120185852], [0.05390578508377075, 1.8010493516921997, -0.3645268678665161], [-0.9514439105987549, -0.1565796285867691, 0.23990914225578308], [-0.7009327411651611, 0.03830147162079811, -0.3237261474132538]], "jaw_pose": [0.043064460158348083, 0.00465186033397913, -0.16085585951805115], "leye_pose": [0.0, 0.0, 0.0], "reye_pose": [0.0, 0.0, 0.0], "lhand_pose": [[0.03162999451160431, 0.47939661145210266, -0.7412828803062439], [0.1880822479724884, -0.10006978362798691, -1.0329115390777588], [-0.106641486287117, -0.1375502347946167, -0.24556592106819153], [-0.3000604510307312, 0.21173973381519318, -1.1767791509628296], [-0.12278049439191818, 0.03012528270483017, -0.828838050365448], [-0.03737770393490791, -0.1564081311225891, -0.4976770877838135], [-0.8130835294723511, -0.6003807187080383, -0.9390470385551453], [-0.21851032972335815, -0.03254052251577377, -0.6362638473510742], [-0.4942871630191803, -0.017831604927778244, -0.27372267842292786], [-0.27906879782676697, -0.20723259449005127, -1.2058980464935303], [-0.4021432399749756, -0.0983053669333458, -0.7362850308418274], [-0.25900399684906006, -0.09811663627624512, -0.5138427019119263], [0.9388646483421326, 0.5774480700492859, 0.05182550847530365], [-0.6116819977760315, 0.06700575351715088, -0.16414348781108856], [0.6808434128761292, 0.22547930479049683, -0.18898101150989532]], "rhand_pose": [[0.01758427359163761, -0.3161921799182892, 0.9313268065452576], [0.1764565259218216, 0.08889885246753693, 1.1602623462677002], [-0.09431739151477814, 0.1524898111820221, 0.3529605269432068], [-0.3361155688762665, -0.19323225319385529, 1.2839045524597168], [-0.13332238793373108, -0.035776156932115555, 1.0467660427093506], [-0.03841392323374748, 0.13489672541618347, 0.6366148591041565], [-0.8959034085273743, 0.4614282250404358, 1.2635036706924438], [-0.30390673875808716, 0.10165543854236603, 0.7881737351417542], [-0.5324819087982178, 0.02367842197418213, 0.43061280250549316], [-0.32933077216148376, 0.2012104094028473, 1.3986196517944336], [-0.44374698400497437, 0.111964151263237, 0.9932421445846558], [-0.26884257793426514, 0.08698583394289017, 0.6488589644432068], [0.9441310167312622, -0.5271542072296143, 0.02435280755162239], [-0.525297224521637, -0.04328654333949089, 0.16187869012355804], [0.7208998203277588, -0.25663885474205017, 0.21945123374462128]], "trans": [-0.04550971835851669, 0.7018486261367798, 1.5658879280090332], "focal": [1177.7945556640625, 1177.7945556640625], "princpt": [680.0, 384.0], "img_size_wh": [1360, 768], "pad_ratio": 0.0}