{"betas": [-0.3717811107635498, 0.12140268087387085, 0.24006779491901398, 0.15062034130096436, -0.1345384269952774, -0.279804527759552, -0.043072573840618134, 0.0617452934384346, -0.27582114934921265, 0.019901152700185776], "root_pose": [3.1364004611968994, -0.02366514317691326, -0.05134732648730278], "body_pose": [[-0.1791502833366394, 0.009485524147748947, 0.09536534547805786], [-0.16141757369041443, -0.011377287097275257, -0.08488457649946213], [0.30605629086494446, 0.018979035317897797, -0.00238401023671031], [0.48219189047813416, 0.024754831567406654, -0.06356383115053177], [0.4892219603061676, -0.03400137275457382, 0.051243700087070465], [0.03780703991651535, 0.0035861574579030275, -0.023078033700585365], [-0.11241415143013, 0.12513495981693268, -0.05076504498720169], [-0.09507966786623001, -0.10677368193864822, 0.02886323072016239], [-0.1045348271727562, 0.028445634990930557, -0.03442170470952988], [0.0017654476687312126, -0.0028296508826315403, -0.00191304343752563], [0.012795692309737206, 0.0007801525644026697, 0.014272283762693405], [0.25943005084991455, 0.003840415272861719, -0.023987499997019768], [-0.0010720985010266304, -0.20043127238750458, 0.00489960378035903], [-0.021254757419228554, 0.2916732430458069, 0.006703518331050873], [-0.30437102913856506, 0.06455458700656891, 0.036201052367687225], [0.15343546867370605, -0.26372116804122925, -1.0318522453308105], [0.11886917799711227, 0.3616991937160492, 1.081817865371704], [0.018954245373606682, -1.503450632095337, 0.3182157576084137], [0.09871510416269302, 1.60039484500885, -0.32513687014579773], [-0.8915626406669617, -0.17647887766361237, 0.3381803631782532], [-0.7017378211021423, 0.1518705040216446, -0.48584944009780884]], "jaw_pose": [0.051626961678266525, 0.0016235768562182784, -0.09554755687713623], "leye_pose": [0.0, 0.0, 0.0], "reye_pose": [0.0, 0.0, 0.0], "lhand_pose": [[0.038654569536447525, 0.41579893231391907, -0.7825489044189453], [0.1967359036207199, -0.09994073957204819, -1.0310760736465454], [-0.10519470274448395, -0.15316051244735718, -0.2467471957206726], [-0.3128005564212799, 0.2239047884941101, -1.254560947418213], [-0.12447402626276016, 0.026635553687810898, -0.8357775807380676], [-0.03340717777609825, -0.15271154046058655, -0.534687340259552], [-0.8622057437896729, -0.5296183824539185, -1.079407811164856], [-0.2302168309688568, -0.06870836764574051, -0.6720826625823975], [-0.5178817510604858, -0.0345463789999485, -0.2970464527606964], [-0.2900722622871399, -0.1936667412519455, -1.345874547958374], [-0.41835013031959534, -0.12459556758403778, -0.7317827939987183], [-0.2599693834781647, -0.09148438274860382, -0.5553867816925049], [0.9544910788536072, 0.5696108937263489, -0.009784625843167305], [-0.547599196434021, 0.043934885412454605, -0.15984241664409637], [0.6651870608329773, 0.22972474992275238, -0.19400949776172638]], "rhand_pose": [[0.03062421828508377, -0.35195884108543396, 0.6735675930976868], [0.17112059891223907, 0.07495345920324326, 0.944581151008606], [-0.10255656391382217, 0.12355180084705353, 0.26256951689720154], [-0.3252613842487335, -0.1875406801700592, 1.056274175643921], [-0.12562568485736847, -0.03435021638870239, 0.9097579717636108], [-0.03595440089702606, 0.12514559924602509, 0.5127729773521423], [-0.8523615598678589, 0.5776848196983337, 1.0465023517608643], [-0.2160954773426056, 0.08018719404935837, 0.635063648223877], [-0.49072861671447754, 0.01483266893774271, 0.2943350076675415], [-0.3014151453971863, 0.2246241271495819, 1.2187252044677734], [-0.41998085379600525, 0.13684013485908508, 0.7963482737541199], [-0.24181096255779266, 0.08649096637964249, 0.5266589522361755], [0.9121477007865906, -0.5453605651855469, -0.002608200069516897], [-0.5135518908500671, -0.041095297783613205, 0.14080661535263062], [0.6770350337028503, -0.21136733889579773, 0.18202130496501923]], "trans": [-0.00975276529788971, 0.7742416858673096, 1.592700481414795], "focal": [1177.7945556640625, 1177.7945556640625], "princpt": [680.0, 384.0], "img_size_wh": [1360, 768], "pad_ratio": 0.0}