{"betas": [-0.3718125820159912, 0.12134724110364914, 0.24031783640384674, 0.1507241427898407, -0.1346694827079773, -0.2797155976295471, -0.04297316446900368, 0.0618906244635582, -0.2758621275424957, 0.019877759739756584], "root_pose": [3.0070979595184326, -0.051418185234069824, 0.007659926079213619], "body_pose": [[-0.21260695159435272, -0.0033037569373846054, 0.06819421797990799], [-0.16011755168437958, 0.0034377716947346926, -0.08745402097702026], [0.31928113102912903, 0.03426757827401161, 0.003833489492535591], [0.5531899929046631, 0.028469931334257126, -0.06339338421821594], [0.5462498664855957, -0.01167132519185543, 0.044107045978307724], [0.09373968094587326, 0.02732185646891594, -0.031866420060396194], [-0.13572008907794952, 0.12672995030879974, -0.04416156932711601], [-0.12119273096323013, -0.11943197250366211, 0.03601820766925812], [-0.05551064386963844, 0.04833628609776497, -0.04028825834393501], [0.00586898485198617, 0.00013794396363664418, -0.004534914158284664], [0.011617360636591911, -0.0013914827723056078, 0.0053620231337845325], [0.2759111523628235, -0.006743280682712793, -0.030635371804237366], [0.10007213056087494, -0.08584323525428772, -0.016281092539429665], [-0.06634493172168732, 0.3382926881313324, 0.03151746839284897], [-0.31229767203330994, 0.04719461128115654, 0.02469155564904213], [0.2906782925128937, -0.0556243360042572, -1.0466289520263672], [0.03242111951112747, 0.4694463312625885, 0.999390184879303], [-0.18674279749393463, 4.536291599273682, -0.8752795457839966], [0.05958808586001396, 1.8159852027893066, -0.3614402711391449], [-0.8973398208618164, -0.16170662641525269, 0.16367200016975403], [-0.6801635026931763, -0.006894067861139774, -0.31810262799263]], "jaw_pose": [0.04062584415078163, 0.0046147690154612064, -0.17552843689918518], "leye_pose": [0.0, 0.0, 0.0], "reye_pose": [0.0, 0.0, 0.0], "lhand_pose": [[0.03669968619942665, 0.4639345109462738, -0.7654401063919067], [0.1854492872953415, -0.10033085197210312, -1.045123815536499], [-0.10750793665647507, -0.13603347539901733, -0.2470078468322754], [-0.30056363344192505, 0.20612221956253052, -1.1962047815322876], [-0.12012635916471481, 0.03354372829198837, -0.8332438468933105], [-0.03929605334997177, -0.15667839348316193, -0.4983969032764435], [-0.8189240097999573, -0.5888445973396301, -0.9492534399032593], [-0.21878346800804138, -0.02789146825671196, -0.6451603770256042], [-0.4965622127056122, -0.011803876608610153, -0.27594369649887085], [-0.279939204454422, -0.20204497873783112, -1.2117269039154053], [-0.40316247940063477, -0.09573464095592499, -0.7489771246910095], [-0.2613629102706909, -0.09661369770765305, -0.517055094242096], [0.9426626563072205, 0.5690076947212219, 0.06314142048358917], [-0.6305134892463684, 0.06732327491044998, -0.16223517060279846], [0.6909065842628479, 0.22153814136981964, -0.18908095359802246]], "rhand_pose": [[0.022966068238019943, -0.2919319272041321, 0.9713512659072876], [0.17204633355140686, 0.09033595025539398, 1.2135279178619385], [-0.08900344371795654, 0.1574927270412445, 0.3818195164203644], [-0.3394741714000702, -0.19200286269187927, 1.3198469877243042], [-0.13430598378181458, -0.03672831505537033, 1.0908375978469849], [-0.03995758667588234, 0.1358472853899002, 0.6776880025863647], [-0.9191136956214905, 0.401955783367157, 1.3244621753692627], [-0.322589248418808, 0.10850963741540909, 0.8338592648506165], [-0.5439275503158569, 0.024121509864926338, 0.46787095069885254], [-0.33708950877189636, 0.1816592663526535, 1.440955400466919], [-0.4496057331562042, 0.10976804792881012, 1.0458695888519287], [-0.2759273052215576, 0.0859721302986145, 0.6881089806556702], [0.9582769870758057, -0.5107167363166809, 0.028992297127842903], [-0.5336059331893921, -0.04206734895706177, 0.16520994901657104], [0.7257620692253113, -0.26758912205696106, 0.22074401378631592]], "trans": [-0.05449598655104637, 0.684930682182312, 1.5629440546035767], "focal": [1177.7945556640625, 1177.7945556640625], "princpt": [680.0, 384.0], "img_size_wh": [1360, 768], "pad_ratio": 0.0}