{"betas": [-0.37180015444755554, 0.12140874564647675, 0.24008148908615112, 0.15063053369522095, -0.1345960646867752, -0.2797682583332062, -0.043051108717918396, 0.06179837882518768, -0.2758544981479645, 0.01989036053419113], "root_pose": [3.1049444675445557, -0.02622472308576107, -0.041778773069381714], "body_pose": [[-0.17931896448135376, 0.008492933586239815, 0.09023185819387436], [-0.17461234331130981, -0.005358056630939245, -0.08521359413862228], [0.3100307583808899, 0.024924863129854202, -0.002279259730130434], [0.49945053458213806, 0.023596985265612602, -0.06230347603559494], [0.5155617594718933, -0.02964804321527481, 0.04998074471950531], [0.05335269868373871, 0.009727918542921543, -0.0266026109457016], [-0.12896884977817535, 0.12717920541763306, -0.047579191625118256], [-0.09987186640501022, -0.11404392868280411, 0.030309870839118958], [-0.09027232974767685, 0.03574893996119499, -0.038843072950839996], [0.0031917544547468424, -0.0028001696337014437, -0.0022541095968335867], [0.013609044253826141, 0.001008064835332334, 0.012213987298309803], [0.2598276734352112, -0.005222644656896591, -0.024953164160251617], [0.035280920565128326, -0.1650608628988266, 0.0032338297460228205], [-0.05772235989570618, 0.31810638308525085, 0.021097665652632713], [-0.3194018602371216, 0.05838828906416893, 0.03438672050833702], [0.2034546583890915, -0.20017896592617035, -1.0498822927474976], [0.0696004331111908, 0.40653863549232483, 1.0404685735702515], [0.03354469686746597, -1.5406137704849243, 0.310434490442276], [0.0761663094162941, 1.6537067890167236, -0.3382795453071594], [-0.916621744632721, -0.1556645631790161, 0.36620351672172546], [-0.7074216604232788, 0.13997982442378998, -0.43698540329933167]], "jaw_pose": [0.049589596688747406, 0.00568308774381876, -0.1224314421415329], "leye_pose": [0.0, 0.0, 0.0], "reye_pose": [0.0, 0.0, 0.0], "lhand_pose": [[0.03461373969912529, 0.46815672516822815, -0.7524523138999939], [0.1960161328315735, -0.098984494805336, -1.0018784999847412], [-0.10817539691925049, -0.14440642297267914, -0.23354162275791168], [-0.3039458096027374, 0.22306732833385468, -1.2004472017288208], [-0.12320662289857864, 0.02906121499836445, -0.8068504929542542], [-0.033672820776700974, -0.15492688119411469, -0.5013833045959473], [-0.8410674929618835, -0.5898892283439636, -0.986780047416687], [-0.2147570699453354, -0.05209852382540703, -0.6351690292358398], [-0.5059893727302551, -0.02921733818948269, -0.26964685320854187], [-0.28410863876342773, -0.2084447741508484, -1.2660002708435059], [-0.40825971961021423, -0.11231592297554016, -0.6922074556350708], [-0.25731444358825684, -0.09504520893096924, -0.5214657187461853], [0.941731870174408, 0.5893114805221558, 0.005289867520332336], [-0.5700820088386536, 0.05478981137275696, -0.15548495948314667], [0.6658321619033813, 0.22150257229804993, -0.19235090911388397]], "rhand_pose": [[0.023305440321564674, -0.3572137951850891, 0.7319517135620117], [0.17562904953956604, 0.08063752949237823, 0.994630753993988], [-0.10294321179389954, 0.13221031427383423, 0.28002044558525085], [-0.32653912901878357, -0.18698449432849884, 1.1018322706222534], [-0.12863485515117645, -0.03519158437848091, 0.9443967938423157], [-0.03649647906422615, 0.1280543953180313, 0.536077082157135], [-0.8487557172775269, 0.5778724551200867, 1.0718350410461426], [-0.2409888207912445, 0.08331701159477234, 0.6650954484939575], [-0.4994511008262634, 0.018785415217280388, 0.3209020793437958], [-0.31004205346107483, 0.2278251051902771, 1.2470297813415527], [-0.4260485768318176, 0.12892377376556396, 0.8381437063217163], [-0.24848812818527222, 0.08649160712957382, 0.5485727190971375], [0.9149311184883118, -0.5603334903717041, 0.001210356131196022], [-0.5168132781982422, -0.04228216037154198, 0.14761897921562195], [0.6911556124687195, -0.22053557634353638, 0.1916854977607727]], "trans": [-0.01922743394970894, 0.7553194165229797, 1.586804747581482], "focal": [1177.7945556640625, 1177.7945556640625], "princpt": [680.0, 384.0], "img_size_wh": [1360, 768], "pad_ratio": 0.0}