{"betas": [-0.3718236982822418, 0.12138953059911728, 0.2403254508972168, 0.15075039863586426, -0.134664848446846, -0.2796989381313324, -0.04296422004699707, 0.06196651980280876, -0.27580055594444275, 0.01990523934364319], "root_pose": [3.006701946258545, -0.05676329508423805, 0.017935380339622498], "body_pose": [[-0.21651555597782135, -0.006778692360967398, 0.060216985642910004], [-0.1453075259923935, 0.005389093421399593, -0.08607306331396103], [0.31945401430130005, 0.032906245440244675, 0.006245852913707495], [0.5546283721923828, 0.028424780815839767, -0.06135408207774162], [0.5547980666160583, -0.006404501385986805, 0.042954280972480774], [0.09544932842254639, 0.03123430535197258, -0.03224722295999527], [-0.13498455286026, 0.12306556850671768, -0.04348645731806755], [-0.122235968708992, -0.12406987696886063, 0.03514249995350838], [-0.05309732258319855, 0.04732174053788185, -0.037247784435749054], [0.005550466477870941, -0.00023041106760501862, -0.0056835743598639965], [0.01100573968142271, -0.0012381472624838352, 0.004150203429162502], [0.2669723927974701, -0.007410080172121525, -0.026278676465153694], [0.10483149439096451, -0.08192969113588333, -0.0211858581751585], [-0.05918716639280319, 0.3364911377429962, 0.027385124936699867], [-0.31505462527275085, 0.04835886508226395, 0.01554929744452238], [0.2928043305873871, -0.04380972683429718, -1.0528367757797241], [0.03229813650250435, 0.4752386212348938, 0.9968176484107971], [-0.20417751371860504, 4.535571098327637, -0.8992835879325867], [0.06349272280931473, 1.7858449220657349, -0.35006046295166016], [-0.8187045454978943, -0.18800200521945953, 0.12097388505935669], [-0.6796069741249084, -0.0043319943360984325, -0.3307734429836273]], "jaw_pose": [0.041211362928152084, 0.0050979722291231155, -0.17975197732448578], "leye_pose": [0.0, 0.0, 0.0], "reye_pose": [0.0, 0.0, 0.0], "lhand_pose": [[0.03852982446551323, 0.4729805886745453, -0.7874600887298584], [0.18683743476867676, -0.09956556558609009, -1.0328550338745117], [-0.11057934165000916, -0.13625472784042358, -0.23689375817775726], [-0.2984374463558197, 0.205677330493927, -1.2005959749221802], [-0.1181279867887497, 0.03530928120017052, -0.8100713491439819], [-0.03913019225001335, -0.1570647656917572, -0.4845770001411438], [-0.8190356492996216, -0.607732355594635, -0.927238404750824], [-0.21581622958183289, -0.023777298629283905, -0.6332764625549316], [-0.4927278459072113, -0.010913155041635036, -0.2663935124874115], [-0.2768234610557556, -0.20927712321281433, -1.1999598741531372], [-0.40166187286376953, -0.09258333593606949, -0.723420262336731], [-0.2603818476200104, -0.09621686488389969, -0.5053740739822388], [0.9366555213928223, 0.591842770576477, 0.06377789378166199], [-0.6313580274581909, 0.06741075217723846, -0.15698803961277008], [0.6913478374481201, 0.21587181091308594, -0.19202257692813873]], "rhand_pose": [[0.020309079438447952, -0.3056548535823822, 0.9401602149009705], [0.17111580073833466, 0.08935462683439255, 1.2117327451705933], [-0.08896768093109131, 0.15729939937591553, 0.37950074672698975], [-0.3396769165992737, -0.1916370838880539, 1.3000258207321167], [-0.1343434453010559, -0.03633636236190796, 1.0957403182983398], [-0.04027530178427696, 0.1340683549642563, 0.6740832328796387], [-0.9154647588729858, 0.41809260845184326, 1.3071438074111938], [-0.3220536410808563, 0.10592344403266907, 0.822112500667572], [-0.5387576818466187, 0.0256863571703434, 0.4585796296596527], [-0.33918648958206177, 0.1826467216014862, 1.4231443405151367], [-0.4479977488517761, 0.11195383965969086, 1.0379276275634766], [-0.2755140960216522, 0.0870048776268959, 0.6817225813865662], [0.9529634714126587, -0.5225335955619812, 0.017256097868084908], [-0.5370907783508301, -0.04184630513191223, 0.16429975628852844], [0.7223172187805176, -0.2645571827888489, 0.2124658077955246]], "trans": [-0.06541807949542999, 0.6833869218826294, 1.5655795335769653], "focal": [1177.7945556640625, 1177.7945556640625], "princpt": [680.0, 384.0], "img_size_wh": [1360, 768], "pad_ratio": 0.0}