{"betas": [-0.37175044417381287, 0.12138740718364716, 0.24022281169891357, 0.150502011179924, -0.13450230658054352, -0.2799038887023926, -0.04311967268586159, 0.06170716881752014, -0.27567827701568604, 0.019940940663218498], "root_pose": [3.0709776878356934, 0.0035699335858225822, -0.03188936412334442], "body_pose": [[-0.17540057003498077, 0.01051715761423111, 0.08910536020994186], [-0.17374151945114136, -0.014283765107393265, -0.09092944115400314], [0.30685490369796753, -0.0012330205645412207, -0.0019127482082694769], [0.49473050236701965, 0.023417547345161438, -0.059936415404081345], [0.5160725116729736, -0.03217511251568794, 0.0490461140871048], [0.06176179274916649, -0.00900224782526493, -0.006866228301078081], [-0.11038768291473389, 0.11521660536527634, -0.051930759102106094], [-0.09040717035531998, -0.09161426872015, 0.03696725517511368], [-0.08292572945356369, 0.0011418299982324243, -0.011036332696676254], [0.0031620024237781763, -0.0009815716184675694, -0.000456952431704849], [0.01168411411345005, -0.0017852484015747905, 0.00954153947532177], [0.2625105679035187, 0.028920257464051247, -0.004616446793079376], [-0.06395012885332108, -0.2990909516811371, -0.00688508665189147], [0.06773161143064499, 0.18971334397792816, 0.007040147669613361], [-0.306125283241272, 0.10236117243766785, -0.041041046380996704], [0.043991345912218094, -0.3700460195541382, -0.8968935608863831], [0.2150472104549408, 0.23188823461532593, 1.130225419998169], [0.043723706156015396, 4.516304969787598, -1.0672622919082642], [0.10065465420484543, 1.653497576713562, -0.3124085068702698], [-0.8002088665962219, -0.12155842781066895, 0.1450459510087967], [-0.6741374135017395, 0.12713122367858887, -0.4326011836528778]], "jaw_pose": [0.04056067019701004, -0.022158952429890633, -0.02684834785759449], "leye_pose": [0.0, 0.0, 0.0], "reye_pose": [0.0, 0.0, 0.0], "lhand_pose": [[0.04288309067487717, 0.35410213470458984, -0.7753189206123352], [0.1810583621263504, -0.10336434841156006, -1.0645980834960938], [-0.08463450521230698, -0.1496913582086563, -0.29733940958976746], [-0.30221423506736755, 0.22095027565956116, -1.2721450328826904], [-0.12573835253715515, 0.02776218205690384, -0.8949907422065735], [-0.03778044506907463, -0.15020325779914856, -0.562713086605072], [-0.8616945147514343, -0.42435362935066223, -1.1433675289154053], [-0.2483590692281723, -0.07346640527248383, -0.7102283835411072], [-0.5260546803474426, -0.036563705652952194, -0.3447645902633667], [-0.2832646071910858, -0.13702459633350372, -1.3747427463531494], [-0.4239853620529175, -0.10991068184375763, -0.8319167494773865], [-0.2693342864513397, -0.09068496525287628, -0.5832457542419434], [0.9713357090950012, 0.4704734683036804, 0.009470649994909763], [-0.5453377962112427, 0.04216555133461952, -0.17822761833667755], [0.6754850745201111, 0.2473180890083313, -0.19406963884830475]], "rhand_pose": [[0.024423841387033463, -0.35616689920425415, 0.6919968128204346], [0.1701863557100296, 0.05824774503707886, 0.9348469376564026], [-0.09490019828081131, 0.1198071762919426, 0.26626867055892944], [-0.31639301776885986, -0.17975282669067383, 1.0358456373214722], [-0.12120547890663147, -0.02870098128914833, 0.8506034016609192], [-0.03455936163663864, 0.11361367255449295, 0.4904170334339142], [-0.8371329307556152, 0.5704094767570496, 1.0240029096603394], [-0.20900656282901764, 0.06641428917646408, 0.5930132269859314], [-0.4804772734642029, 0.010266170836985111, 0.27600252628326416], [-0.29263097047805786, 0.22353585064411163, 1.167381763458252], [-0.40560296177864075, 0.1252201795578003, 0.7664912939071655], [-0.242181196808815, 0.08745679259300232, 0.5192609429359436], [0.9055660367012024, -0.48788589239120483, -0.048769526183605194], [-0.5255874991416931, -0.04108908027410507, 0.14236518740653992], [0.6652514934539795, -0.2082042396068573, 0.1631464958190918]], "trans": [0.006229964084923267, 0.7378873229026794, 1.5661888122558594], "focal": [1177.7945556640625, 1177.7945556640625], "princpt": [680.0, 384.0], "img_size_wh": [1360, 768], "pad_ratio": 0.0}