{"betas": [-0.3717948794364929, 0.12141182273626328, 0.24018065631389618, 0.15068669617176056, -0.13467468321323395, -0.2797343134880066, -0.04302676022052765, 0.06184869632124901, -0.27588579058647156, 0.01988711766898632], "root_pose": [3.0613083839416504, -0.031829942017793655, -0.024553807452321053], "body_pose": [[-0.18168602883815765, 0.0070389942266047, 0.08481649309396744], [-0.17742958664894104, -0.002220363123342395, -0.08680635690689087], [0.31409648060798645, 0.029782934114336967, -0.0017756328452378511], [0.5156459212303162, 0.022567670792341232, -0.06238550320267677], [0.5290215015411377, -0.02567937597632408, 0.04783836379647255], [0.07168664038181305, 0.0146480118855834, -0.02886309288442135], [-0.1373073309659958, 0.12900467216968536, -0.04629714787006378], [-0.10697021335363388, -0.1160307303071022, 0.03329634666442871], [-0.07404957711696625, 0.04132596403360367, -0.04150287061929703], [0.004621531348675489, -0.0016941007925197482, -0.0023626387119293213], [0.013525331392884254, 0.0005685935611836612, 0.009983818046748638], [0.266438752412796, -0.007264992222189903, -0.02875448390841484], [0.06529884785413742, -0.13108035922050476, -0.0034393868409097195], [-0.07527730613946915, 0.33229076862335205, 0.03444395959377289], [-0.3249641954898834, 0.05645870789885521, 0.03010452352464199], [0.24670706689357758, -0.1398434042930603, -1.051109790802002], [0.04120893031358719, 0.4309624135494232, 1.014661192893982], [-0.13811004161834717, 4.580347537994385, -0.8799904584884644], [0.05668849125504494, 1.7356091737747192, -0.3552851676940918], [-0.9491517543792725, -0.1518462747335434, 0.32577958703041077], [-0.7130292654037476, 0.09776138514280319, -0.36766886711120605]], "jaw_pose": [0.0462992787361145, 0.005887104198336601, -0.142623171210289], "leye_pose": [0.0, 0.0, 0.0], "reye_pose": [0.0, 0.0, 0.0], "lhand_pose": [[0.030656278133392334, 0.49404415488243103, -0.7289713025093079], [0.19230352342128754, -0.09931226074695587, -1.0043631792068481], [-0.1083199605345726, -0.13922280073165894, -0.23512139916419983], [-0.2990895211696625, 0.21911288797855377, -1.16597318649292], [-0.12322951853275299, 0.029421498998999596, -0.8053075671195984], [-0.03530072048306465, -0.15613147616386414, -0.48846563696861267], [-0.8170508146286011, -0.6150617003440857, -0.9292557835578918], [-0.21056334674358368, -0.03827148303389549, -0.6214906573295593], [-0.49552270770072937, -0.023750385269522667, -0.2627681493759155], [-0.2785286009311676, -0.2122928500175476, -1.2078533172607422], [-0.4016907811164856, -0.1021430715918541, -0.6968111991882324], [-0.25660210847854614, -0.09782501310110092, -0.5059534907341003], [0.9359771013259888, 0.591181218624115, 0.029927588999271393], [-0.5936223864555359, 0.06379256397485733, -0.1592855006456375], [0.670977771282196, 0.2224407196044922, -0.1902557760477066]], "rhand_pose": [[0.014526222832500935, -0.34712105989456177, 0.8504086136817932], [0.17987696826457977, 0.08624303340911865, 1.0844357013702393], [-0.10034877806901932, 0.14492705464363098, 0.3148480951786041], [-0.3320477604866028, -0.19167761504650116, 1.2064331769943237], [-0.13148964941501617, -0.035119179636240005, 0.993855357170105], [-0.037213269621133804, 0.13226240873336792, 0.5849472880363464], [-0.8673697113990784, 0.5358760952949524, 1.1656932830810547], [-0.2765575647354126, 0.0918804183602333, 0.7238397002220154], [-0.5150257349014282, 0.02302233874797821, 0.37616392970085144], [-0.3214961886405945, 0.22205837070941925, 1.3272255659103394], [-0.43554145097732544, 0.11951056122779846, 0.9155423641204834], [-0.2592487037181854, 0.0869971290230751, 0.5976844429969788], [0.9268268346786499, -0.5532375574111938, 0.010507075116038322], [-0.519594132900238, -0.04283251613378525, 0.15604569017887115], [0.7081544399261475, -0.23988178372383118, 0.20795293152332306]], "trans": [-0.033192187547683716, 0.7281127572059631, 1.575767159461975], "focal": [1177.7945556640625, 1177.7945556640625], "princpt": [680.0, 384.0], "img_size_wh": [1360, 768], "pad_ratio": 0.0}