{"betas": [-0.37170085310935974, 0.12139198184013367, 0.24044516682624817, 0.15042980015277863, -0.13454191386699677, -0.2799507677555084, -0.04313739389181137, 0.06162435933947563, -0.2755872309207916, 0.01999007910490036], "root_pose": [3.0028464794158936, 0.03632861003279686, -0.023470735177397728], "body_pose": [[-0.20115065574645996, -0.0012030439684167504, 0.06986943632364273], [-0.20890343189239502, 0.001404481241479516, -0.09667015820741653], [0.31116974353790283, -0.021073536947369576, 0.006575278006494045], [0.5629855394363403, 0.027295764535665512, -0.055802132934331894], [0.5622802376747131, -0.01168587151914835, 0.04763124883174896], [0.08941006660461426, -0.01251349225640297, 0.0009986100485548377], [-0.12686389684677124, 0.10434332489967346, -0.03457526117563248], [-0.0693194717168808, -0.09444238990545273, 0.050398003309965134], [-0.056299515068531036, -0.030521651729941368, 0.00850184541195631], [0.00212981179356575, -0.005015918053686619, -0.012078228406608105], [0.009576774202287197, -0.005772600416094065, 0.0016984717221930623], [0.3108110725879669, 0.035463813692331314, 0.0014777857577428222], [-0.058749087154865265, -0.32413211464881897, 0.008473297581076622], [0.10569130629301071, 0.11562584340572357, 0.028778517618775368], [-0.28559762239456177, 0.12645621597766876, -0.09600669890642166], [0.04543984308838844, -0.3767901659011841, -0.9108870625495911], [0.23623137176036835, 0.16860102117061615, 1.111634373664856], [0.055118292570114136, 4.402988910675049, -1.1219029426574707], [0.08159724622964859, 1.6598159074783325, -0.3115341067314148], [-0.7236053943634033, -0.012328621000051498, 0.07077021151781082], [-0.5347328186035156, 0.09416171908378601, -0.35418838262557983]], "jaw_pose": [0.031018679961562157, -0.02804831974208355, -0.07353454828262329], "leye_pose": [0.0, 0.0, 0.0], "reye_pose": [0.0, 0.0, 0.0], "lhand_pose": [[0.06622938066720963, 0.25932610034942627, -0.7145215272903442], [0.16324232518672943, -0.10593689978122711, -1.0438061952590942], [-0.06570786982774734, -0.130316823720932, -0.30991050601005554], [-0.2904384732246399, 0.19489796459674835, -1.2050565481185913], [-0.12078685313463211, 0.03344454988837242, -0.897903323173523], [-0.0451233945786953, -0.1441575586795807, -0.569475531578064], [-0.8305284380912781, -0.3263029158115387, -1.132745385169983], [-0.22797301411628723, -0.07723540812730789, -0.7426479458808899], [-0.5650476217269897, -0.0019693835638463497, -0.3432460427284241], [-0.2686350345611572, -0.07914724946022034, -1.3397367000579834], [-0.4171980321407318, -0.10643543303012848, -0.8605506420135498], [-0.275151789188385, -0.08493732661008835, -0.590450644493103], [1.024353265762329, 0.37125295400619507, -0.01724778488278389], [-0.5857621431350708, 0.03817538172006607, -0.15864086151123047], [0.7006022930145264, 0.22001762688159943, -0.1784968376159668]], "rhand_pose": [[0.03485487028956413, -0.25559598207473755, 0.8171575665473938], [0.1559625118970871, 0.06323635578155518, 1.0550190210342407], [-0.07314174622297287, 0.11383947730064392, 0.31368809938430786], [-0.3234034776687622, -0.14013265073299408, 1.1304152011871338], [-0.12089376896619797, -0.018502522259950638, 0.9519584774971008], [-0.03882402926683426, 0.09900189191102982, 0.5458058714866638], [-0.7835966348648071, 0.48924973607063293, 1.057449221611023], [-0.257727712392807, 0.08254566043615341, 0.6842403411865234], [-0.5120765566825867, 0.019621826708316803, 0.347947895526886], [-0.2750948965549469, 0.18875233829021454, 1.2359333038330078], [-0.4250435531139374, 0.14566996693611145, 0.8525856137275696], [-0.2512363791465759, 0.05953442305326462, 0.604874849319458], [0.9229381680488586, -0.3666199743747711, -0.061970777809619904], [-0.5618153810501099, -0.0306023508310318, 0.1519543081521988], [0.6795253157615662, -0.2153528928756714, 0.13762161135673523]], "trans": [0.025972291827201843, 0.6583714485168457, 1.5491037368774414], "focal": [1177.7945556640625, 1177.7945556640625], "princpt": [680.0, 384.0], "img_size_wh": [1360, 768], "pad_ratio": 0.0}