{"betas": [-0.3717139661312103, 0.12138644605875015, 0.24032695591449738, 0.1504458338022232, -0.13448673486709595, -0.27993521094322205, -0.04313443601131439, 0.061642199754714966, -0.27559080719947815, 0.019990311935544014], "root_pose": [3.014191150665283, 0.03174781799316406, -0.023736877366900444], "body_pose": [[-0.1956300586462021, 0.0027160185854882, 0.07315739244222641], [-0.19992008805274963, -0.0016282511642202735, -0.09460130333900452], [0.31097033619880676, -0.015946894884109497, 0.0037478390149772167], [0.553896427154541, 0.02930506318807602, -0.056000545620918274], [0.558861494064331, -0.014948098920285702, 0.04682319238781929], [0.08428043127059937, -0.010803362354636192, -0.0008481106488034129], [-0.12120575457811356, 0.10672146826982498, -0.03989960998296738], [-0.07397095113992691, -0.09354012459516525, 0.048081621527671814], [-0.06347593665122986, -0.02106230892241001, 0.003778242040425539], [0.0030358033254742622, -0.0033701451029628515, -0.009251013398170471], [0.010259662754833698, -0.005258797202259302, 0.00199305173009634], [0.2936422824859619, 0.03188418224453926, 0.0028546501416713], [-0.06122099608182907, -0.32072773575782776, 0.006957723293453455], [0.09628421068191528, 0.13575583696365356, 0.020170021802186966], [-0.2873044013977051, 0.11768262088298798, -0.08600354939699173], [0.041798561811447144, -0.37650078535079956, -0.9029772281646729], [0.2323223054409027, 0.18902210891246796, 1.1133136749267578], [0.062251634895801544, 4.407591819763184, -1.1164696216583252], [0.08908121287822723, 1.6643942594528198, -0.3098929822444916], [-0.7414950132369995, -0.030619194731116295, 0.07339446991682053], [-0.572415292263031, 0.1141366958618164, -0.3738020956516266]], "jaw_pose": [0.030882343649864197, -0.02757696434855461, -0.05903129652142525], "leye_pose": [0.0, 0.0, 0.0], "reye_pose": [0.0, 0.0, 0.0], "lhand_pose": [[0.06155659258365631, 0.2828989624977112, -0.7371257543563843], [0.1671837866306305, -0.10515148937702179, -1.0549969673156738], [-0.07078514248132706, -0.1338600218296051, -0.3128051161766052], [-0.2948544919490814, 0.2044975459575653, -1.2373032569885254], [-0.1219872310757637, 0.032365646213293076, -0.9088682532310486], [-0.04355839267373085, -0.1456998735666275, -0.5688554048538208], [-0.8450106978416443, -0.337955504655838, -1.1492657661437988], [-0.23817278444766998, -0.07598288357257843, -0.7431756854057312], [-0.5551506280899048, -0.013222724199295044, -0.35282135009765625], [-0.27583035826683044, -0.08973099291324615, -1.3604198694229126], [-0.4214625358581543, -0.1031617745757103, -0.8666659593582153], [-0.27535244822502136, -0.08734438568353653, -0.5911347270011902], [1.013914704322815, 0.38654327392578125, -0.008699648082256317], [-0.5783809423446655, 0.03912690654397011, -0.16475993394851685], [0.6979064345359802, 0.2262602597475052, -0.18477864563465118]], "rhand_pose": [[0.03303225710988045, -0.27620625495910645, 0.7618692517280579], [0.15548169612884521, 0.05851847678422928, 1.0091644525527954], [-0.0778479278087616, 0.11304320394992828, 0.30061590671539307], [-0.32083842158317566, -0.14388959109783173, 1.0743255615234375], [-0.12141316384077072, -0.02117936499416828, 0.9168186187744141], [-0.0376896895468235, 0.10272922366857529, 0.5210615396499634], [-0.7884222865104675, 0.5169480443000793, 1.0236833095550537], [-0.24135884642601013, 0.07443562150001526, 0.6497043371200562], [-0.5014771223068237, 0.014301552437245846, 0.3172018229961395], [-0.27749812602996826, 0.19706714153289795, 1.1859861612319946], [-0.41678789258003235, 0.13687798380851746, 0.8193030953407288], [-0.2480008751153946, 0.07005229592323303, 0.5714243054389954], [0.9185472726821899, -0.3976230025291443, -0.06772660464048386], [-0.5581884980201721, -0.03629232197999954, 0.14832746982574463], [0.6762491464614868, -0.2094164490699768, 0.14374899864196777]], "trans": [0.018141739070415497, 0.6818417310714722, 1.5503615140914917], "focal": [1177.7945556640625, 1177.7945556640625], "princpt": [680.0, 384.0], "img_size_wh": [1360, 768], "pad_ratio": 0.0}